Serial_No,Order_ID,Order_Date,Region,Customer_ID,Segment,Category,Product,Quantity,Unit_Price,Discount,Sales,Profit
1,ORD00001,16-06-2025,West,,Home Office,Office Supplies,Desk,7,199,0.05,1323.35,390.47
2,ORD00002,01-02-2025,West,,Home Office,Electronics,Headphones,7,199,0.05,1323.35,365.32
3,ORD00003,08-04-2025,South,CUST2966,Consumer,Electronics,Phone,4,199,0,796,231.16
4,ORD00004,05-09-2024,West,,Home Office,Furniture,Headphones,9,199,0.1,1611.9,419.5
5,ORD00005,06-07-2025,East,,Consumer,Furniture,Desk,3,299,0.05,852.15,92.84
6,ORD00006,23-08-2025,South,CUST2877,Consumer,Electronics,Laptop,1,99,0.1,89.1,18.42
7,ORD00007,31-12-2025,East,,Consumer,Furniture,Printer,3,299,0.15,762.45,182.9
8,ORD00008,31-05-2024,South,CUST2589,Corporate,Electronics,Monitor,8,149,0.1,1072.8,208.01
9,ORD00009,24-02-2024,North,,Corporate,Office Supplies,Monitor,1,149,,149,8.58
10,ORD00010,03-09-2024,north,,Corporate,Electronics,Tablet,1,799,0.15,679.15,130.71
11,ORD00011,06-02-2025,WEST,CUST2853,Corporate,Office Supplies,Monitor,1,799,0.1,719.1,116.94
12,ORD00012,29-08-2024,South,,Corporate,Electronics,Desk,5,499,0.15,2120.75,342.18
13,ORD00013,01-03-2024,West,,Home Office,Office Supplies,Chair,3,149,0,447,64.62
14,ORD00014,10-04-2024,West,,Home Office,Office Supplies,Headphones,10,199,,1990,311.71
15,ORD00015,18-03-2025,WEST,CUST1442,Corporate,Electronics,Tablet,3,299,0.1,807.3,237.54
16,ORD00016,13-08-2024,north,,Corporate,Furniture,Chair,1,799,0,799,223.1
17,ORD00017,11-07-2025,North,CUST2856,Home Office,Office Supplies,Tablet,10,499,0.1,4491,852.35
18,ORD00018,23-09-2025,East,CUST1389,Home Office,Electronics,Phone,4,999,0.1,3596.4,1023.44
19,ORD00019,17-04-2025,South,CUST1369,Home Office,Office Supplies,Laptop,4,99,0.1,356.4,87.28
20,ORD00020,18-03-2024,South,,Consumer,Furniture,Printer,10,199,0.05,1890.5,423.86
21,ORD00021,10-03-2025,West,,Home Office,Electronics,Desk,8,149,0.15,1013.2,73.05
22,ORD00022,16-07-2024,North,CUST1445,Corporate,Electronics,Desk,3,199,0.15,507.45,26.43
23,ORD00023,23-07-2024,West,,Home Office,Furniture,Tablet,3,799,0.15,2037.45,564.38
24,ORD00024,20-06-2025,North,,Corporate,Office Supplies,Headphones,3,499,0.15,1272.45,199.93
25,ORD00025,14-08-2024,WEST,,Consumer,Furniture,Phone,6,99,0.05,564.3,90.71
26,ORD00026,31-05-2025,East,,Corporate,Furniture,Desk,10,199,,1990,543.85
27,ORD00027,08-12-2024,WEST,,Corporate,Office Supplies,Phone,9,799,0,7191,901.77
28,ORD00028,23-01-2025,West,,Consumer,Electronics,Headphones,7,,0.05,6643.35,1085.93
29,ORD00029,20-06-2024,north,,Corporate,Electronics,Laptop,3,299,0,897,161.48
30,ORD00030,21-12-2025,South,,Consumer,Electronics,Monitor,6,299,,1794,391.23
31,ORD00031,05-12-2025,East,,Home Office,Furniture,Laptop,10,299,0.1,2691,573.59
32,ORD00032,27-04-2025,north,,Consumer,Electronics,Laptop,4,199,0.15,676.6,174.81
33,ORD00033,22-06-2025,north,CUST1967,Consumer,Furniture,Monitor,4,99,0,396,92.82
34,ORD00034,05-06-2024,WEST,,Corporate,Electronics,Desk,8,499,0,3992,776.68
35,ORD00035,29-08-2024,South,,Corporate,Furniture,Phone,4,799,0.1,2876.4,250.06
36,ORD00036,18-01-2025,South,,Consumer,Furniture,Tablet,9,299,0.05,2556.45,534.93
37,ORD00037,23-07-2024,WEST,CUST2543,Consumer,Office Supplies,Laptop,4,299,0.1,1076.4,133.58
38,ORD00038,12-11-2025,WEST,CUST2494,Consumer,Office Supplies,Tablet,10,149,0.1,1341,85.28
39,ORD00039,20-08-2024,South,,Consumer,Furniture,Laptop,3,,0.15,762.45,103.11
40,ORD00040,26-10-2025,north,,Home Office,Electronics,Desk,8,299,0,2392,243.97
41,ORD00041,02-12-2025,WEST,CUST2050,Home Office,Office Supplies,Printer,7,99,0,693,107.01
42,ORD00042,29-11-2025,West,,Home Office,Furniture,Desk,4,299,0.1,1076.4,168.39
43,ORD00043,20-02-2025,East,,Consumer,Electronics,Chair,7,499,0.15,2969.05,628.97
44,ORD00044,19-06-2025,East,CUST1967,Home Office,Furniture,Headphones,7,499,0.15,2969.05,449.58
45,ORD00045,23-04-2025,West,,Home Office,Electronics,Desk,2,799,,1598,179.21
46,ORD00046,24-07-2024,West,CUST2742,Corporate,Office Supplies,Desk,7,199,0,1393,341.59
47,ORD00047,17-04-2025,North,,Corporate,Office Supplies,Desk,2,199,0.1,358.2,29.01
48,ORD00048,14-05-2024,north,CUST1153,Consumer,Furniture,Chair,1,799,0.1,719.1,174.44
49,ORD00049,27-06-2025,West,CUST1448,Corporate,Electronics,Laptop,4,149,0,596,137.66
50,ORD00050,26-06-2024,north,,Home Office,Furniture,Monitor,3,149,0,447,126.9
51,ORD00051,09-10-2024,North,,Consumer,Office Supplies,Laptop,7,799,0.05,5313.35,1267.32
52,ORD00052,08-01-2024,WEST,,Consumer,Furniture,Laptop,10,149,0.15,1266.5,344.26
53,ORD00053,18-02-2024,East,,Home Office,Electronics,Printer,5,199,0.15,845.75,58.46
54,ORD00054,26-01-2024,North,,Home Office,Electronics,Headphones,1,149,0,149,43.24
55,ORD00055,23-11-2025,South,CUST2130,Home Office,Electronics,Headphones,4,799,0,3196,234.62
56,ORD00056,02-11-2024,East,CUST1602,Home Office,Electronics,Headphones,10,499,0.05,4740.5,1248.14
57,ORD00057,17-09-2024,East,CUST1750,Consumer,Electronics,Monitor,9,149,0.15,1139.85,99.23
58,ORD00058,12-06-2025,North,CUST2710,Home Office,Electronics,Monitor,9,799,0,7191,1170.67
59,ORD00059,31-05-2024,South,CUST1982,Consumer,Furniture,Laptop,2,199,0.1,358.2,95.47
60,ORD00060,02-11-2025,South,,Corporate,Furniture,Desk,4,199,0.15,676.6,158.85
61,ORD00061,13-07-2024,WEST,,Corporate,Office Supplies,Laptop,8,499,0.15,3393.2,470.52
62,ORD00062,31-01-2025,East,CUST2633,Home Office,Office Supplies,Monitor,3,,0.05,852.15,155.59
63,ORD00063,15-07-2025,East,,Home Office,Electronics,Headphones,6,299,0,1794,129.87
64,ORD00064,13-10-2025,WEST,,Corporate,Electronics,Headphones,4,299,0,1196,148.12
65,ORD00065,07-09-2025,South,CUST2435,Corporate,Furniture,Headphones,5,199,0.1,895.5,238.32
66,ORD00066,20-12-2024,South,CUST1084,Consumer,Furniture,Headphones,4,299,0.05,1136.2,76.37
67,ORD00067,30-01-2025,north,,Home Office,Office Supplies,Monitor,2,149,0.1,268.2,31.14
68,ORD00068,25-09-2025,West,,Consumer,Electronics,Phone,7,799,0.15,4754.05,333.47
69,ORD00069,20-06-2024,East,CUST1430,Corporate,Electronics,Monitor,,149,,447,110.45
70,ORD00070,24-11-2025,West,,Home Office,Furniture,Monitor,3,799,0,2397,574.48
71,ORD00071,18-06-2025,WEST,,Corporate,Electronics,Tablet,3,499,0.1,1347.3,402.42
72,ORD00072,04-11-2025,North,,Home Office,Office Supplies,Chair,6,299,0.05,1704.3,477.85
73,ORD00073,20-04-2025,West,,Corporate,Office Supplies,Chair,6,799,0.1,4314.6,724.78
74,ORD00074,20-05-2024,WEST,,Consumer,Furniture,Laptop,10,999,0,9990,873.92
75,ORD00075,25-04-2025,West,,Consumer,Office Supplies,Monitor,6,499,0.15,2544.9,677.58
76,ORD00076,25-03-2025,West,,Home Office,Furniture,Tablet,5,999,0.05,4745.25,1029.88
77,ORD00077,26-07-2025,West,CUST1985,Corporate,Office Supplies,Headphones,10,499,0,4990,1062.59
78,ORD00078,29-09-2025,North,,Home Office,Furniture,Headphones,10,999,0.15,8491.5,1569.7
79,ORD00079,09-02-2025,West,CUST1009,Consumer,Furniture,Phone,6,799,,4794,255.56
80,ORD00080,18-04-2025,north,,Home Office,Furniture,Headphones,2,199,0.15,338.3,29.47
81,ORD00081,01-06-2024,WEST,CUST2015,Consumer,Furniture,Headphones,5,,0.05,4745.25,1019.62
82,ORD00082,03-01-2025,North,,Corporate,Furniture,Chair,3,799,0.05,2277.15,466.47
83,ORD00083,04-12-2024,WEST,CUST2723,Consumer,Electronics,Printer,9,799,0.05,6831.45,817.56
84,ORD00084,29-08-2024,North,,Corporate,Furniture,Desk,3,999,0.1,2697.3,209.48
85,ORD00085,02-05-2025,West,,Consumer,Office Supplies,Printer,3,499,0.15,1272.45,267.08
86,ORD00086,16-03-2025,West,CUST1620,Home Office,Furniture,Tablet,9,149,0.05,1273.95,100.24
87,ORD00087,19-03-2024,East,,Home Office,Office Supplies,Phone,1,799,0.15,679.15,47.94
88,ORD00088,21-07-2025,WEST,CUST1262,Home Office,Electronics,Phone,7,499,0,3493,1030.07
89,ORD00089,13-09-2025,north,,Home Office,Office Supplies,Phone,9,999,0.15,7642.35,1676.51
90,ORD00090,26-07-2024,WEST,,Corporate,Office Supplies,Monitor,2,799,0.1,1438.2,316.82
91,ORD00091,01-01-2025,East,CUST2232,Corporate,Office Supplies,Phone,2,499,,998,112.44
92,ORD00092,03-01-2024,North,CUST1742,Corporate,Office Supplies,Chair,5,149,,745,172.5
93,ORD00093,18-10-2025,WEST,CUST1719,Corporate,Electronics,Printer,1,299,0.15,254.15,42.81
94,ORD00094,17-02-2024,West,,Corporate,Furniture,Headphones,4,799,0,3196,715.21
95,ORD00095,08-02-2024,West,CUST2860,Corporate,Office Supplies,Tablet,3,999,0.1,2697.3,711.29
96,ORD00096,24-06-2025,South,,Consumer,Office Supplies,Desk,7,999,0,6993,549.12
97,ORD00097,10-03-2025,North,,Home Office,Office Supplies,Desk,6,799,0.15,4074.9,1091.17
98,ORD00098,09-10-2024,WEST,CUST1536,Corporate,Electronics,Printer,5,299,0,1495,434.37
99,ORD00099,04-10-2025,north,,Corporate,Office Supplies,Printer,7,199,,1393,250.98
100,ORD00100,16-05-2024,WEST,,Corporate,Office Supplies,Laptop,7,299,0.15,1779.05,292.41
101,ORD00101,10-08-2024,North,CUST1100,Consumer,Furniture,Printer,7,99,0.15,589.05,51.03
102,ORD00102,23-03-2024,West,,Corporate,Electronics,Phone,5,99,0,495,92.72
103,ORD00103,15-12-2024,South,,Consumer,Furniture,Phone,6,149,0,894,168.71
104,ORD00104,10-10-2025,WEST,,Corporate,Electronics,Desk,9,499,,4491,428.89
105,ORD00105,10-06-2024,WEST,,Consumer,Office Supplies,Headphones,5,199,0.05,945.25,112.98
106,ORD00106,23-08-2024,north,,Corporate,Electronics,Printer,10,999,0.1,8991,2330.72
107,ORD00107,01-02-2024,North,,Consumer,Electronics,Printer,7,299,0.15,1779.05,427.69
108,ORD00108,13-10-2024,north,,Home Office,Office Supplies,Headphones,10,999,0.15,8491.5,682.48
109,ORD00109,15-09-2024,north,CUST2269,Home Office,Electronics,Laptop,4,149,,596,67.14
110,ORD00110,27-03-2025,West,,Consumer,Electronics,Tablet,2,199,0.15,338.3,65.87
111,ORD00111,08-07-2024,West,,Home Office,Electronics,Headphones,8,299,,2392,165.8
112,ORD00112,22-01-2025,WEST,,Home Office,Furniture,Printer,7,99,,693,194.72
113,ORD00113,02-12-2024,South,,Home Office,Electronics,Laptop,7,99,0.15,589.05,111.13
114,ORD00114,24-01-2024,WEST,,Home Office,Furniture,Desk,1,799,,799,176.26
115,ORD00115,08-12-2025,South,CUST1099,Home Office,Electronics,Chair,8,99,0,792,110.93
116,ORD00116,06-11-2025,South,,Consumer,Office Supplies,Printer,,999,0.1,7192.8,1794.99
117,ORD00117,17-06-2025,East,,Consumer,Office Supplies,Phone,3,199,0,597,169.66
118,ORD00118,25-05-2025,East,CUST2518,Consumer,Furniture,Chair,4,149,0,596,174.73
119,ORD00119,24-12-2024,North,,Consumer,Electronics,Monitor,5,199,0,995,196.35
120,ORD00120,07-03-2024,South,,Corporate,Electronics,Desk,10,149,0.05,1415.5,138.86
121,ORD00121,23-01-2024,WEST,,Consumer,Office Supplies,Tablet,,99,0,990,172.6
122,ORD00122,16-01-2025,East,,Home Office,Furniture,Headphones,1,999,0.15,849.15,222.38
123,ORD00123,10-06-2025,north,,Home Office,Electronics,Tablet,3,999,0.05,2847.15,741.73
124,ORD00124,24-04-2025,West,CUST2722,Consumer,Electronics,Printer,3,299,0.1,807.3,132.27
125,ORD00125,13-09-2024,North,,Home Office,Furniture,Tablet,7,999,0.15,5944.05,1713.96
126,ORD00126,25-05-2024,north,,Home Office,Office Supplies,Headphones,2,299,0.05,568.1,100.67
127,ORD00127,03-08-2024,West,,Home Office,Office Supplies,Monitor,3,299,0.05,852.15,195.89
128,ORD00128,20-12-2024,north,,Home Office,Office Supplies,Printer,7,199,0,1393,336.54
129,ORD00129,08-01-2024,north,,Home Office,Office Supplies,Chair,10,199,,1990,381.5
130,ORD00130,10-01-2024,WEST,,Corporate,Furniture,Laptop,4,299,0,1196,62.3
131,ORD00131,28-02-2024,West,,Corporate,Furniture,Chair,3,149,,447,132.09
132,ORD00132,08-12-2024,north,CUST2381,Corporate,Furniture,Printer,2,999,0.15,1698.3,255.73
133,ORD00133,14-03-2024,north,,Consumer,Furniture,Phone,7,99,,693,152.05
134,ORD00134,12-04-2024,North,,Consumer,Electronics,Monitor,10,799,0.1,7191,1074.47
135,ORD00135,22-12-2024,north,CUST1576,Home Office,Office Supplies,Headphones,7,999,0,6993,2041.28
136,ORD00136,31-10-2025,north,,Corporate,Electronics,Chair,10,99,0,990,105.74
137,ORD00137,05-07-2025,north,,Corporate,Furniture,Tablet,7,199,0.15,1184.05,65.8
138,ORD00138,16-06-2025,East,CUST2218,Home Office,Furniture,Laptop,10,999,0.15,8491.5,735.49
139,ORD00139,26-07-2025,North,CUST1041,Consumer,Office Supplies,Chair,5,299,0.15,1270.75,277.61
140,ORD00140,08-08-2025,WEST,CUST1868,Corporate,Office Supplies,Laptop,6,299,,1794,309.23
141,ORD00141,18-01-2024,West,CUST1942,Home Office,Office Supplies,Headphones,8,799,0.05,6072.4,649.64
142,ORD00142,05-09-2025,north,,Corporate,Furniture,Tablet,5,149,0.05,707.75,137.41
143,ORD00143,30-06-2024,South,,Consumer,Furniture,Chair,5,99,0.05,470.25,80.81
144,ORD00144,17-01-2025,South,,Corporate,Office Supplies,Desk,3,,0,447,23.17
145,ORD00145,03-08-2024,north,CUST1332,Corporate,Office Supplies,Desk,2,99,0,198,33.84
146,ORD00146,26-01-2024,East,CUST2685,Corporate,Office Supplies,Phone,5,799,0,3995,1032.25
147,ORD00147,03-07-2025,North,,Home Office,Electronics,Phone,6,299,,1794,181.46
148,ORD00148,13-05-2024,East,,Consumer,Furniture,Monitor,3,99,0.05,282.15,51.22
149,ORD00149,21-12-2024,West,,Corporate,Office Supplies,Tablet,1,499,0,499,72.75
150,ORD00150,17-05-2025,South,CUST1021,Home Office,Office Supplies,Phone,3,499,,1497,300.26
151,ORD00151,04-10-2024,North,,Consumer,Furniture,Headphones,5,499,0.15,2120.75,380.71
152,ORD00152,23-07-2025,East,,Corporate,Furniture,Tablet,8,499,0.1,3592.8,573.32
153,ORD00153,25-11-2024,WEST,,Home Office,Furniture,Tablet,2,99,0.1,178.2,42.87
154,ORD00154,21-10-2024,West,,Consumer,Electronics,Printer,7,499,0.15,2969.05,774.76
155,ORD00155,11-01-2024,north,,Corporate,Electronics,Laptop,6,299,0.15,1524.9,82.34
156,ORD00156,14-08-2024,north,,Home Office,Furniture,Headphones,2,199,0.1,358.2,49.81
157,ORD00157,14-10-2024,North,CUST2524,Corporate,Electronics,Chair,3,199,0,597,66.6
158,ORD00158,21-12-2025,West,CUST2217,Corporate,Electronics,Chair,6,499,0.1,2694.6,581.73
159,ORD00159,06-03-2025,WEST,,Corporate,Office Supplies,Monitor,3,149,0.05,424.65,91.04
160,ORD00160,30-10-2024,East,,Corporate,Electronics,Phone,6,99,0.15,504.9,102.07
161,ORD00161,10-01-2025,WEST,,Corporate,Electronics,Monitor,9,199,,1791,418.73
162,ORD00162,03-10-2024,West,,Home Office,Furniture,Monitor,1,99,,99,26.76
163,ORD00163,02-02-2025,South,CUST1927,Home Office,Office Supplies,Chair,4,199,0,796,67.03
164,ORD00164,16-12-2025,north,,Corporate,Office Supplies,Headphones,2,799,,1598,141.55
165,ORD00165,21-08-2025,West,CUST1091,Corporate,Office Supplies,Tablet,1,149,0.05,141.55,23.94
166,ORD00166,06-06-2024,North,,Corporate,Furniture,Laptop,2,99,0.15,168.3,49.5
167,ORD00167,04-01-2024,East,CUST2395,Home Office,Electronics,Laptop,4,799,,3196,363.33
168,ORD00168,12-01-2024,North,CUST2133,Consumer,Furniture,Laptop,5,149,0.05,707.75,66.99
169,ORD00169,11-07-2025,South,,Home Office,Electronics,Phone,3,199,0.05,567.15,91.9
170,ORD00170,19-10-2024,North,CUST2730,Corporate,Electronics,Tablet,6,499,0.1,2694.6,547.21
171,ORD00171,18-09-2024,WEST,,Home Office,Office Supplies,Laptop,8,499,0.15,3393.2,837.27
172,ORD00172,21-05-2025,East,,Consumer,Electronics,Desk,10,199,0.05,1890.5,480.2
173,ORD00173,15-11-2025,West,,Home Office,Electronics,Desk,3,999,0.05,2847.15,601.64
174,ORD00174,03-08-2024,East,,Home Office,Furniture,Printer,8,999,0.05,7592.4,1646.25
175,ORD00175,25-07-2024,north,,Consumer,Furniture,Tablet,1,499,0.15,424.15,116.13
176,ORD00176,23-08-2024,north,,Consumer,Office Supplies,Phone,9,99,0,891,177.53
177,ORD00177,18-11-2025,East,,Home Office,Office Supplies,Chair,9,799,0.1,6471.9,1152.77
178,ORD00178,29-09-2024,North,CUST2919,Corporate,Furniture,Desk,8,499,0.1,3592.8,502.52
179,ORD00179,15-08-2024,north,,Home Office,Office Supplies,Laptop,1,99,0,99,19.43
180,ORD00180,04-07-2025,East,CUST1103,Consumer,Electronics,Headphones,10,299,0.1,2691,546.1
181,ORD00181,17-12-2025,North,CUST1831,Corporate,Furniture,Tablet,4,999,,3996,1074.1
182,ORD00182,01-04-2025,West,,Home Office,Electronics,Headphones,10,299,0.05,2840.5,843.55
183,ORD00183,29-05-2024,north,,Corporate,Electronics,Chair,7,499,0.1,3143.7,223.8
184,ORD00184,12-10-2025,North,,Home Office,Office Supplies,Tablet,3,299,0,897,216.11
185,ORD00185,29-01-2025,South,CUST2303,Home Office,Electronics,Phone,7,,0,5593,1012.6
186,ORD00186,31-07-2025,North,CUST2511,Corporate,Electronics,Monitor,3,799,0.1,2157.3,371.3
187,ORD00187,04-11-2025,West,,Home Office,Furniture,Desk,2,199,,398,80.26
188,ORD00188,20-08-2024,north,CUST1131,Corporate,Furniture,Phone,1,299,,299,42.39
189,ORD00189,03-05-2025,North,,Consumer,Electronics,Phone,3,,,897,65.28
190,ORD00190,08-10-2024,West,,Consumer,Electronics,Laptop,9,299,0,2691,650.87
191,ORD00191,15-10-2025,East,,Corporate,Furniture,Phone,7,999,0.05,6643.35,1123.59
192,ORD00192,22-01-2024,South,CUST2338,Corporate,Furniture,Headphones,6,999,0.15,5094.9,1400.53
193,ORD00193,27-06-2024,WEST,,Home Office,Electronics,Chair,6,199,,1194,137.28
194,ORD00194,04-09-2024,north,,Home Office,Electronics,Phone,8,199,0,1592,89.61
195,ORD00195,07-10-2025,East,,Consumer,Office Supplies,Desk,5,499,0.05,2370.25,399.07
196,ORD00196,06-10-2024,north,CUST2315,Home Office,Electronics,Desk,4,799,0.15,2716.6,333.12
197,ORD00197,06-03-2024,East,,Home Office,Furniture,Desk,4,99,0.05,376.2,60.72
198,ORD00198,13-04-2025,East,,Corporate,Electronics,Tablet,9,149,0,1341,252.28
199,ORD00199,26-09-2024,WEST,,Consumer,Furniture,Monitor,,149,0.15,253.3,37.83
200,ORD00200,18-10-2025,West,,Consumer,Office Supplies,Monitor,3,199,0,597,103.59
201,ORD00201,26-10-2025,South,,Home Office,Furniture,Desk,9,199,0.1,1611.9,263.38
202,ORD00202,10-12-2025,WEST,,Consumer,Office Supplies,Monitor,3,99,,297,53.35
203,ORD00203,13-04-2024,WEST,,Corporate,Electronics,Headphones,5,199,0.05,945.25,280.93
204,ORD00204,28-05-2025,East,CUST2966,Corporate,Furniture,Tablet,5,999,0.05,4745.25,377.33
205,ORD00205,24-05-2025,East,,Corporate,Office Supplies,Tablet,7,299,0.15,1779.05,199.17
206,ORD00206,16-11-2024,North,CUST2259,Consumer,Furniture,Monitor,2,299,0,598,94.72
207,ORD00207,09-05-2025,north,,Corporate,Furniture,Chair,8,,0.05,1512.4,371.84
208,ORD00208,22-11-2024,North,,Corporate,Office Supplies,Chair,6,999,0.15,5094.9,1236.03
209,ORD00209,04-03-2024,West,,Consumer,Furniture,Printer,10,999,0.15,8491.5,2311.1
210,ORD00210,11-04-2024,North,,Home Office,Furniture,Tablet,3,799,,2397,679.4
211,ORD00211,01-01-2025,WEST,,Home Office,Furniture,Printer,10,999,0.05,9490.5,2831.67
212,ORD00212,17-05-2025,north,,Consumer,Furniture,Laptop,7,999,,6993,2091.87
213,ORD00213,12-06-2025,West,,Home Office,Office Supplies,Headphones,4,199,0.05,756.2,212.11
214,ORD00214,07-03-2024,North,CUST1686,Consumer,Furniture,Tablet,5,99,0.05,470.25,139.72
215,ORD00215,30-03-2025,East,,Corporate,Office Supplies,Headphones,2,99,0.15,168.3,42.21
216,ORD00216,12-02-2024,North,CUST1766,Consumer,Electronics,Printer,5,999,0,4995,602.86
217,ORD00217,18-12-2024,north,CUST1081,Home Office,Electronics,Chair,7,,,693,104.78
218,ORD00218,04-06-2025,WEST,,Corporate,Furniture,Tablet,2,799,,1598,149.02
219,ORD00219,20-03-2025,WEST,CUST1550,Corporate,Furniture,Monitor,,149,0.05,990.85,220.03
220,ORD00220,01-06-2024,West,,Consumer,Office Supplies,Headphones,3,149,0,447,126.81
221,ORD00221,22-05-2025,East,,Consumer,Furniture,Desk,5,199,0.1,895.5,140.47
222,ORD00222,29-04-2024,West,,Home Office,Furniture,Tablet,2,499,0.15,848.3,49.07
223,ORD00223,16-12-2024,WEST,,Corporate,Electronics,Laptop,7,99,0.15,589.05,63.05
224,ORD00224,13-06-2025,South,,Consumer,Electronics,Desk,9,199,0,1791,307.76
225,ORD00225,11-06-2024,East,,Home Office,Furniture,Desk,9,299,0.1,2421.9,314.08
226,ORD00226,07-07-2025,East,,Home Office,Electronics,Headphones,8,199,,1592,255.35
227,ORD00227,03-12-2024,north,CUST2889,Home Office,Office Supplies,Monitor,10,499,,4990,703.53
228,ORD00228,03-06-2024,West,,Home Office,Furniture,Monitor,4,499,0.15,1696.6,331.14
229,ORD00229,05-11-2025,WEST,,Home Office,Office Supplies,Chair,6,499,,2994,252.72
230,ORD00230,24-12-2024,East,CUST1352,Home Office,Electronics,Chair,9,999,0,8991,750.2
231,ORD00231,16-09-2024,WEST,,Consumer,Electronics,Printer,3,149,0.1,402.3,99.13
232,ORD00232,27-03-2024,South,CUST1873,Corporate,Electronics,Phone,4,499,0.1,1796.4,164.58
233,ORD00233,15-10-2025,north,,Corporate,Office Supplies,Monitor,9,299,0.05,2556.45,756.5
234,ORD00234,07-11-2024,North,CUST1952,Corporate,Office Supplies,Chair,6,499,,2994,196.7
235,ORD00235,23-10-2025,East,CUST2095,Consumer,Furniture,Headphones,8,499,0.1,3592.8,966.68
236,ORD00236,24-02-2025,WEST,,Corporate,Furniture,Chair,4,,,396,55.33
237,ORD00237,25-09-2025,South,,Consumer,Furniture,Monitor,3,999,0,2997,165.29
238,ORD00238,31-08-2024,East,,Consumer,Electronics,Chair,9,99,,891,157.02
239,ORD00239,22-07-2024,North,CUST2366,Corporate,Electronics,Printer,1,99,,99,15.78
240,ORD00240,03-11-2025,West,CUST1330,Corporate,Electronics,Printer,8,299,0.15,2033.2,453.06
241,ORD00241,20-01-2024,north,CUST1274,Home Office,Office Supplies,Phone,9,199,0.15,1522.35,335.34
242,ORD00242,18-07-2024,South,,Corporate,Electronics,Chair,7,199,,1393,226.1
243,ORD00243,11-01-2025,East,,Home Office,Electronics,Desk,3,99,0.05,282.15,73.18
244,ORD00244,02-02-2025,West,,Home Office,Office Supplies,Tablet,3,199,0,597,161.28
245,ORD00245,27-06-2025,north,CUST1637,Consumer,Furniture,Headphones,7,999,0,6993,884.06
246,ORD00246,11-11-2025,West,CUST2009,Corporate,Office Supplies,Chair,7,149,0.1,938.7,130.09
247,ORD00247,27-08-2025,North,,Corporate,Office Supplies,Chair,5,199,0.15,845.75,58.22
248,ORD00248,15-01-2025,East,,Home Office,Electronics,Chair,9,99,0.15,757.35,60.22
249,ORD00249,25-10-2025,West,CUST1956,Home Office,Furniture,Laptop,1,199,,199,28.4
250,ORD00250,25-06-2025,South,,Consumer,Electronics,Printer,8,99,0.1,712.8,119.05
251,ORD00251,19-02-2025,WEST,CUST1679,Consumer,Electronics,Headphones,7,199,,1393,393.79
252,ORD00252,25-04-2025,East,,Consumer,Electronics,Tablet,5,299,0.15,1270.75,253.59
253,ORD00253,12-01-2024,East,,Consumer,Furniture,Desk,1,99,0.05,94.05,21.73
254,ORD00254,10-01-2025,West,CUST1856,Consumer,Electronics,Laptop,6,499,0.15,2544.9,199.43
255,ORD00255,06-01-2024,North,,Corporate,Electronics,Laptop,3,149,0.05,424.65,87.57
256,ORD00256,27-06-2025,north,CUST1252,Consumer,Furniture,Printer,2,149,,298,88.05
257,ORD00257,15-09-2024,North,CUST1702,Consumer,Office Supplies,Chair,9,299,0.15,2287.35,411.72
258,ORD00258,12-08-2024,north,,Home Office,Furniture,Printer,3,199,0.15,507.45,117.12
259,ORD00259,06-09-2024,South,,Home Office,Electronics,Headphones,7,999,0,6993,1222.31
260,ORD00260,09-02-2024,North,,Consumer,Furniture,Headphones,5,499,0.1,2245.5,388.43
261,ORD00261,21-06-2024,WEST,CUST1025,Home Office,Electronics,Headphones,7,999,0.1,6293.7,1416.56
262,ORD00262,26-03-2024,East,CUST1369,Consumer,Office Supplies,Monitor,6,99,,594,157.58
263,ORD00263,19-06-2024,East,,Corporate,Furniture,Phone,10,299,0.05,2840.5,159.21
264,ORD00264,27-12-2025,South,,Consumer,Furniture,Headphones,2,799,0.1,1438.2,202.06
265,ORD00265,18-03-2024,West,CUST2908,Consumer,Furniture,Phone,3,299,0.1,807.3,97.07
266,ORD00266,25-08-2024,East,CUST2107,Corporate,Electronics,Monitor,5,499,0.05,2370.25,523.43
267,ORD00267,21-02-2025,South,,Home Office,Office Supplies,Laptop,,99,0.05,282.15,69.59
268,ORD00268,22-01-2024,East,,Home Office,Electronics,Phone,5,149,0,745,78.68
269,ORD00269,13-01-2024,WEST,,Consumer,Electronics,Printer,1,149,0.15,126.65,12.32
270,ORD00270,02-12-2024,West,,Corporate,Office Supplies,Desk,7,99,0.05,658.35,77.89
271,ORD00271,01-08-2024,East,,Corporate,Electronics,Chair,7,499,0.1,3143.7,708.72
272,ORD00272,01-04-2025,north,,Corporate,Office Supplies,Phone,3,99,0.1,267.3,49.19
273,ORD00273,10-06-2024,WEST,CUST2381,Home Office,Office Supplies,Desk,9,199,0.1,1611.9,105.97
274,ORD00274,04-01-2024,West,,Corporate,Electronics,Laptop,3,499,0,1497,167.9
275,ORD00275,29-04-2025,East,,Corporate,Electronics,Chair,2,299,0.1,538.2,28.92
276,ORD00276,15-03-2025,WEST,,Home Office,Electronics,Headphones,4,149,,596,176.36
277,ORD00277,21-03-2024,South,CUST1017,Home Office,Furniture,Tablet,3,499,0.15,1272.45,245.77
278,ORD00278,03-04-2024,north,,Consumer,Furniture,Monitor,2,999,,1998,215.27
279,ORD00279,27-03-2024,north,,Consumer,Furniture,Desk,2,999,0.1,1798.2,367.9
280,ORD00280,18-11-2025,West,,Consumer,Office Supplies,Headphones,10,999,,9990,630.34
281,ORD00281,15-02-2024,WEST,CUST2801,Home Office,Office Supplies,Chair,8,799,0,6392,1344.68
282,ORD00282,26-02-2024,West,,Consumer,Electronics,Printer,6,999,0.05,5694.3,1529.32
283,ORD00283,23-09-2025,WEST,,Home Office,Furniture,Chair,1,299,0.05,284.05,51.96
284,ORD00284,19-12-2024,South,,Home Office,Furniture,Laptop,9,199,0,1791,439.67
285,ORD00285,06-04-2024,East,,Home Office,Furniture,Phone,3,499,0.05,1422.15,364.91
286,ORD00286,15-12-2025,East,,Consumer,Office Supplies,Laptop,5,199,0,995,85.07
287,ORD00287,29-06-2024,North,,Corporate,Electronics,Laptop,4,199,0.05,756.2,65.68
288,ORD00288,18-09-2024,North,,Consumer,Office Supplies,Phone,5,99,0.05,470.25,96.66
289,ORD00289,20-01-2024,WEST,,Corporate,Office Supplies,Laptop,6,999,0,5994,314.9
290,ORD00290,05-04-2025,WEST,,Home Office,Furniture,Printer,1,499,0,499,129.08
291,ORD00291,23-08-2024,East,CUST2266,Home Office,Office Supplies,Printer,6,199,0,1194,262.71
292,ORD00292,08-05-2024,WEST,,Corporate,Office Supplies,Phone,5,299,,1495,282.66
293,ORD00293,04-06-2025,North,,Corporate,Furniture,Desk,8,499,0,3992,682.72
294,ORD00294,08-11-2025,north,,Corporate,Furniture,Monitor,4,799,0.05,3036.2,232.4
295,ORD00295,11-11-2025,north,,Consumer,Electronics,Desk,,799,0.1,7191,690.73
296,ORD00296,18-05-2024,WEST,CUST1544,Home Office,Office Supplies,Monitor,3,199,0.1,537.3,30.8
297,ORD00297,04-12-2024,North,CUST2126,Home Office,Electronics,Printer,6,799,0.15,4074.9,1039.46
298,ORD00298,16-05-2025,South,,Consumer,Furniture,Monitor,7,199,0.1,1253.7,289.01
299,ORD00299,30-06-2024,South,,Consumer,Office Supplies,Monitor,5,199,,995,65.33
300,ORD00300,08-02-2025,WEST,,Consumer,Office Supplies,Monitor,6,149,0.05,849.3,236.81
301,ORD00301,27-12-2025,East,CUST1738,Consumer,Furniture,Chair,5,99,0,495,38.67
302,ORD00302,27-02-2025,north,CUST1997,Home Office,Electronics,Printer,3,199,,597,154.81
303,ORD00303,25-08-2024,WEST,,Corporate,Office Supplies,Headphones,5,149,0.05,707.75,125.45
304,ORD00304,04-12-2024,West,CUST2560,Corporate,Furniture,Phone,6,499,0.15,2544.9,566.6
305,ORD00305,14-06-2025,North,,Consumer,Office Supplies,Headphones,4,499,0.15,1696.6,292.5
306,ORD00306,19-12-2024,North,,Corporate,Office Supplies,Laptop,,799,0.1,4314.6,1249.56
307,ORD00307,11-10-2025,West,CUST1822,Corporate,Office Supplies,Phone,3,299,0.15,762.45,221.31
308,ORD00308,26-03-2024,East,,Home Office,Furniture,Laptop,1,499,0.05,474.05,119.4
309,ORD00309,30-09-2025,South,CUST2848,Corporate,Furniture,Desk,4,799,0.15,2716.6,597.63
310,ORD00310,25-06-2025,East,CUST1378,Home Office,Office Supplies,Laptop,2,999,0.05,1898.1,312.75
311,ORD00311,15-04-2024,north,,Home Office,Office Supplies,Headphones,4,199,0.1,716.4,106.28
312,ORD00312,04-07-2025,WEST,,Corporate,Electronics,Phone,3,799,0.05,2277.15,454.05
313,ORD00313,10-07-2025,South,,Consumer,Office Supplies,Printer,3,999,,2997,625.49
314,ORD00314,01-04-2024,north,,Consumer,Office Supplies,Desk,2,299,0.05,568.1,128.98
315,ORD00315,24-11-2025,South,,Home Office,Furniture,Phone,8,149,0.15,1013.2,94.81
316,ORD00316,01-01-2024,north,,Home Office,Electronics,Laptop,10,199,0.05,1890.5,374.91
317,ORD00317,20-08-2025,North,CUST2048,Consumer,Electronics,Chair,7,499,0,3493,472.19
318,ORD00318,11-10-2025,West,,Consumer,Furniture,Printer,7,149,,1043,226.62
319,ORD00319,03-05-2024,North,,Corporate,Electronics,Headphones,5,499,,2495,148.28
320,ORD00320,02-12-2025,North,CUST2062,Home Office,Office Supplies,Chair,3,99,0.05,282.15,62.36
321,ORD00321,11-01-2025,WEST,,Home Office,Furniture,Tablet,9,499,0.1,4041.9,731.72
322,ORD00322,20-03-2025,North,CUST1148,Consumer,Furniture,Tablet,1,799,0.15,679.15,196.38
323,ORD00323,15-09-2024,WEST,CUST2369,Home Office,Office Supplies,Laptop,2,299,0.1,538.2,132.5
324,ORD00324,29-05-2024,North,CUST1157,Consumer,Furniture,Tablet,3,799,0.15,2037.45,511.19
325,ORD00325,13-05-2024,West,,Home Office,Furniture,Monitor,9,199,,1791,253.1
326,ORD00326,06-04-2025,WEST,,Corporate,Office Supplies,Desk,7,199,0,1393,324.98
327,ORD00327,24-03-2025,West,,Home Office,Electronics,Laptop,3,149,,447,131.54
328,ORD00328,08-07-2024,West,,Home Office,Office Supplies,Headphones,2,199,0.1,358.2,84.1
329,ORD00329,27-01-2024,West,,Consumer,Office Supplies,Printer,9,299,0,2691,340.1
330,ORD00330,18-12-2024,West,,Corporate,Office Supplies,Desk,3,99,0.15,252.45,35.81
331,ORD00331,26-09-2025,WEST,,Consumer,Furniture,Phone,4,299,0.1,1076.4,165.3
332,ORD00332,09-06-2024,North,,Corporate,Office Supplies,Printer,4,999,0,3996,1093.01
333,ORD00333,11-06-2024,North,,Consumer,Furniture,Phone,9,499,0.05,4266.45,1052.6
334,ORD00334,18-05-2025,East,CUST1886,Home Office,Furniture,Headphones,2,199,0,398,21.04
335,ORD00335,15-12-2025,North,CUST2693,Home Office,Office Supplies,Chair,1,499,0.1,449.1,30.74
336,ORD00336,24-05-2025,North,,Corporate,Office Supplies,Monitor,2,499,0.1,898.2,90.72
337,ORD00337,15-03-2025,North,,Corporate,Office Supplies,Phone,2,199,,398,109.02
338,ORD00338,05-07-2024,West,,Corporate,Electronics,Phone,7,499,0,3493,1006.93
339,ORD00339,02-11-2025,north,,Home Office,Electronics,Chair,9,299,,2691,298.06
340,ORD00340,27-04-2024,North,CUST2529,Consumer,Furniture,Monitor,4,799,0.15,2716.6,304.01
341,ORD00341,02-02-2024,north,,Home Office,Furniture,Chair,4,299,0,1196,60.33
342,ORD00342,27-11-2024,WEST,CUST2148,Home Office,Electronics,Headphones,10,999,0.15,8491.5,1329.93
343,ORD00343,28-03-2025,North,,Home Office,Electronics,Chair,6,499,0.15,2544.9,387.16
344,ORD00344,08-11-2024,WEST,,Home Office,Furniture,Phone,6,199,0.15,1014.9,224.04
345,ORD00345,27-04-2025,WEST,,Corporate,Furniture,Tablet,3,799,0.15,2037.45,354.87
346,ORD00346,10-02-2025,north,CUST2959,Corporate,Electronics,Phone,1,149,,149,26.86
347,ORD00347,09-02-2024,West,,Home Office,Furniture,Monitor,3,299,0,897,151.86
348,ORD00348,13-11-2025,North,,Consumer,Electronics,Laptop,5,99,0.1,445.5,46.35
349,ORD00349,04-05-2025,north,CUST2461,Corporate,Office Supplies,Laptop,10,499,0,4990,818.23
350,ORD00350,12-05-2024,North,CUST2671,Corporate,Electronics,Phone,5,199,0.15,845.75,67.39
351,ORD00351,31-01-2024,West,,Corporate,Furniture,Desk,3,499,0.1,1347.3,200.18
352,ORD00352,16-09-2025,WEST,CUST1712,Consumer,Furniture,Laptop,4,799,0.05,3036.2,252.69
353,ORD00353,29-04-2024,East,,Corporate,Furniture,Laptop,10,999,0.05,9490.5,760.06
354,ORD00354,28-03-2025,North,CUST1657,Corporate,Office Supplies,Desk,10,499,0.1,4491,1316.44
355,ORD00355,15-04-2024,South,,Corporate,Electronics,Laptop,1,,0.05,141.55,41
356,ORD00356,03-06-2025,WEST,CUST2900,Home Office,Electronics,Chair,6,99,,594,171.83
357,ORD00357,17-02-2024,North,CUST2157,Home Office,Furniture,Headphones,7,,0.15,1779.05,135.72
358,ORD00358,10-09-2025,North,CUST2982,Corporate,Office Supplies,Headphones,4,299,0.1,1076.4,166.35
359,ORD00359,16-03-2025,North,,Corporate,Office Supplies,Printer,10,999,0.05,9490.5,1200.87
360,ORD00360,11-05-2025,East,CUST2748,Corporate,Furniture,Headphones,4,799,0.1,2876.4,232.23
361,ORD00361,04-05-2024,WEST,CUST2890,Home Office,Office Supplies,Phone,10,499,,4990,1075.5
362,ORD00362,17-04-2024,north,CUST1769,Corporate,Furniture,Laptop,2,999,0.1,1798.2,303.47
363,ORD00363,28-09-2024,South,,Home Office,Furniture,Printer,5,999,0.1,4495.5,1218.05
364,ORD00364,14-03-2024,East,CUST2104,Home Office,Electronics,Printer,3,299,0,897,64.2
365,ORD00365,16-02-2025,north,,Consumer,Electronics,Laptop,7,99,,693,55.58
366,ORD00366,16-05-2024,East,,Consumer,Furniture,Desk,8,99,0.05,752.4,51.89
367,ORD00367,01-08-2024,North,,Consumer,Furniture,Chair,7,99,,693,78.71
368,ORD00368,27-10-2024,north,CUST2992,Consumer,Furniture,Chair,1,199,0,199,45.73
369,ORD00369,05-01-2025,South,CUST1826,Consumer,Office Supplies,Tablet,6,149,0.1,804.6,149.4
370,ORD00370,10-08-2025,South,CUST2147,Consumer,Electronics,Headphones,2,999,,1998,401.11
371,ORD00371,21-02-2025,West,,Corporate,Furniture,Printer,6,199,0,1194,291.38
372,ORD00372,11-07-2024,East,,Home Office,Electronics,Phone,1,199,0,199,49.48
373,ORD00373,07-09-2025,South,,Home Office,Electronics,Chair,2,99,0.05,188.1,23.52
374,ORD00374,30-06-2024,north,,Corporate,Office Supplies,Monitor,9,999,,8991,1307.81
375,ORD00375,23-07-2025,West,CUST2456,Home Office,Office Supplies,Laptop,9,999,0.05,8541.45,1444.87
376,ORD00376,25-04-2024,North,,Home Office,Office Supplies,Desk,4,199,0.1,716.4,184.43
377,ORD00377,04-10-2024,South,CUST1362,Home Office,Electronics,Printer,4,799,0.15,2716.6,808.15
378,ORD00378,20-02-2024,West,,Home Office,Electronics,Monitor,1,999,0.05,949.05,153.41
379,ORD00379,06-09-2025,South,,Home Office,Furniture,Headphones,7,149,0.05,990.85,90.03
380,ORD00380,25-07-2025,north,,Consumer,Office Supplies,Monitor,4,99,0.15,336.6,21.26
381,ORD00381,17-10-2024,WEST,CUST2601,Home Office,Office Supplies,Headphones,1,149,0.05,141.55,35.29
382,ORD00382,24-02-2025,South,CUST2831,Corporate,Office Supplies,Monitor,6,499,0.15,2544.9,362.59
383,ORD00383,10-03-2025,WEST,,Home Office,Electronics,Chair,6,299,,1794,351.08
384,ORD00384,05-12-2025,WEST,,Home Office,Office Supplies,Chair,5,499,,2495,641.36
385,ORD00385,11-05-2024,East,CUST2114,Home Office,Furniture,Laptop,9,199,0.05,1701.45,331.99
386,ORD00386,27-04-2024,East,,Home Office,Office Supplies,Chair,3,149,0,447,49.3
387,ORD00387,07-10-2025,West,CUST2562,Corporate,Furniture,Headphones,9,499,0.1,4041.9,280.34
388,ORD00388,02-04-2024,WEST,CUST1402,Corporate,Electronics,Tablet,6,299,0,1794,511.98
389,ORD00389,23-09-2024,North,CUST1964,Consumer,Electronics,Printer,6,99,,594,158.45
390,ORD00390,09-09-2025,South,,Home Office,Electronics,Phone,1,799,0.15,679.15,38.3
391,ORD00391,24-02-2025,East,,Corporate,Office Supplies,Tablet,8,499,0,3992,992.96
392,ORD00392,10-05-2024,East,,Home Office,Office Supplies,Monitor,8,799,0.05,6072.4,1275.5
393,ORD00393,09-07-2024,WEST,CUST1040,Corporate,Furniture,Laptop,5,999,0,4995,1492.05
394,ORD00394,26-01-2024,North,CUST1457,Corporate,Electronics,Desk,8,199,0,1592,212.34
395,ORD00395,08-07-2025,South,CUST2591,Consumer,Office Supplies,Laptop,2,299,,598,160.08
396,ORD00396,10-04-2025,north,CUST2243,Consumer,Electronics,Desk,10,999,0.15,8491.5,2421.73
397,ORD00397,11-05-2024,East,CUST1010,Home Office,Furniture,Headphones,8,499,0.05,3792.4,523.4
398,ORD00398,28-07-2024,WEST,,Home Office,Office Supplies,Monitor,9,199,0,1791,288.23
399,ORD00399,10-03-2024,East,,Consumer,Office Supplies,Laptop,8,99,0.1,712.8,69.9
400,ORD00400,24-07-2025,north,,Corporate,Furniture,Tablet,9,199,0.1,1611.9,411.4
401,ORD00401,09-11-2025,North,CUST1870,Corporate,Electronics,Phone,7,99,0,693,176.96
402,ORD00402,24-03-2024,West,CUST2270,Consumer,Furniture,Monitor,8,299,,2392,358.03
403,ORD00403,13-11-2025,West,,Home Office,Electronics,Desk,5,199,0,995,133.75
404,ORD00404,09-03-2024,West,,Home Office,Furniture,Headphones,4,299,0.1,1076.4,301.31
405,ORD00405,22-12-2025,north,,Home Office,Office Supplies,Desk,7,299,0.1,1883.7,327.07
406,ORD00406,22-01-2025,East,,Consumer,Office Supplies,Monitor,2,,0.15,338.3,77.32
407,ORD00407,27-06-2025,North,CUST2958,Home Office,Electronics,Printer,6,299,0.15,1524.9,149.62
408,ORD00408,04-09-2024,north,CUST1724,Corporate,Furniture,Desk,4,299,0,1196,99.88
409,ORD00409,05-09-2025,North,,Home Office,Electronics,Laptop,8,499,0,3992,257.09
410,ORD00410,19-01-2024,West,,Consumer,Electronics,Desk,3,499,0,1497,96.81
411,ORD00411,17-07-2024,North,,Home Office,Furniture,Tablet,5,799,0.05,3795.25,575.38
412,ORD00412,19-09-2025,South,,Home Office,Furniture,Laptop,7,99,0.1,623.7,147.16
413,ORD00413,14-05-2025,East,,Corporate,Office Supplies,Desk,7,999,,6993,1175.52
414,ORD00414,04-01-2025,East,,Consumer,Office Supplies,Desk,7,99,0.15,589.05,98.47
415,ORD00415,02-04-2024,East,CUST1648,Home Office,Electronics,Phone,5,149,0.15,633.25,49.33
416,ORD00416,25-01-2024,South,,Consumer,Electronics,Laptop,5,99,,495,71.96
417,ORD00417,09-08-2024,East,CUST2605,Consumer,Electronics,Monitor,6,99,0.1,534.6,45.34
418,ORD00418,30-01-2024,South,,Consumer,Electronics,Tablet,6,199,,1194,177.21
419,ORD00419,21-08-2025,East,,Home Office,Electronics,Monitor,8,,0.1,5752.8,1340.68
420,ORD00420,22-11-2025,West,,Consumer,Office Supplies,Phone,9,299,0.1,2421.9,499.17
421,ORD00421,10-04-2025,West,,Corporate,Office Supplies,Headphones,7,299,0,2093,171.78
422,ORD00422,12-11-2025,north,,Home Office,Office Supplies,Chair,8,199,,1592,302.1
423,ORD00423,13-02-2024,East,,Home Office,Office Supplies,Chair,8,299,0,2392,405.67
424,ORD00424,04-08-2025,north,,Consumer,Office Supplies,Printer,5,499,0.05,2370.25,701.71
425,ORD00425,30-08-2024,West,,Corporate,Furniture,Tablet,7,,0.15,1779.05,382.99
426,ORD00426,06-05-2025,north,,Consumer,Office Supplies,Monitor,3,99,0,297,85.44
427,ORD00427,02-03-2025,WEST,,Home Office,Office Supplies,Phone,5,799,0.05,3795.25,1073.92
428,ORD00428,26-11-2024,North,CUST1661,Home Office,Office Supplies,Headphones,10,199,0.05,1890.5,425.72
429,ORD00429,15-11-2025,north,,Home Office,Furniture,Printer,9,499,,4491,402.98
430,ORD00430,07-06-2025,WEST,CUST1216,Home Office,Electronics,Chair,7,799,,5593,1251.41
431,ORD00431,26-08-2025,North,,Home Office,Electronics,Printer,8,299,0,2392,162.57
432,ORD00432,29-01-2024,North,CUST2034,Home Office,Office Supplies,Printer,2,999,0.15,1698.3,239.04
433,ORD00433,24-10-2025,South,CUST2592,Corporate,Furniture,Phone,1,499,0.15,424.15,97.11
434,ORD00434,05-05-2024,West,,Home Office,Electronics,Printer,6,799,0.1,4314.6,431.86
435,ORD00435,21-04-2025,West,CUST2619,Home Office,Office Supplies,Phone,3,499,0.15,1272.45,82.17
436,ORD00436,23-11-2025,South,CUST1901,Home Office,Office Supplies,Laptop,3,499,0.05,1422.15,109.85
437,ORD00437,10-02-2024,East,,Home Office,Office Supplies,Tablet,3,499,0,1497,433.28
438,ORD00438,25-08-2024,South,,Consumer,Office Supplies,Desk,9,149,0,1341,99.81
439,ORD00439,03-08-2024,North,,Consumer,Electronics,Monitor,1,499,0.15,424.15,91.98
440,ORD00440,29-04-2025,East,CUST1266,Home Office,Office Supplies,Laptop,1,799,,799,82.41
441,ORD00441,04-05-2024,West,,Consumer,Office Supplies,Headphones,2,199,0.1,358.2,58.7
442,ORD00442,09-10-2024,South,CUST2062,Consumer,Electronics,Phone,6,499,0.1,2694.6,561.19
443,ORD00443,19-09-2025,WEST,,Consumer,Electronics,Printer,5,199,,995,170.29
444,ORD00444,17-08-2025,West,,Home Office,Electronics,Desk,3,799,0,2397,294.59
445,ORD00445,23-03-2024,North,,Consumer,Electronics,Chair,8,999,0,7992,1357.93
446,ORD00446,18-11-2025,East,,Consumer,Furniture,Desk,3,,0,297,64.81
447,ORD00447,24-11-2024,North,,Consumer,Furniture,Monitor,4,199,,796,152.1
448,ORD00448,21-09-2024,north,,Consumer,Furniture,Desk,4,299,,1196,238.23
449,ORD00449,19-09-2024,West,,Consumer,Office Supplies,Desk,7,199,0.15,1184.05,159.69
450,ORD00450,09-08-2025,North,,Consumer,Office Supplies,Headphones,5,149,,745,84.04
451,ORD00451,13-09-2024,West,,Corporate,Electronics,Desk,1,199,0,199,48.01
452,ORD00452,08-03-2025,West,,Home Office,Furniture,Desk,4,199,0.1,716.4,210.75
453,ORD00453,30-03-2024,West,CUST2780,Corporate,Furniture,Monitor,9,499,0,4491,739.34
454,ORD00454,17-06-2024,WEST,CUST2460,Consumer,Office Supplies,Monitor,9,99,,891,220.56
455,ORD00455,06-01-2024,north,,Consumer,Electronics,Printer,8,99,0,792,126.7
456,ORD00456,24-12-2025,East,CUST1099,Corporate,Electronics,Phone,8,799,0.05,6072.4,798.72
457,ORD00457,20-12-2025,North,CUST2443,Home Office,Electronics,Desk,9,999,0.05,8541.45,745.56
458,ORD00458,07-02-2025,North,CUST1866,Home Office,Electronics,Headphones,7,99,,693,99.12
459,ORD00459,24-05-2024,West,,Consumer,Electronics,Phone,9,299,0.1,2421.9,281.76
460,ORD00460,19-06-2024,South,,Home Office,Office Supplies,Chair,4,149,0,596,169.24
461,ORD00461,25-06-2025,East,CUST1026,Consumer,Office Supplies,Monitor,9,499,0.1,4041.9,835.55
462,ORD00462,02-12-2025,South,,Home Office,Furniture,Phone,3,799,0,2397,567.56
463,ORD00463,06-03-2024,North,CUST1574,Corporate,Office Supplies,Phone,5,,,1495,401.16
464,ORD00464,10-04-2025,North,,Home Office,Electronics,Printer,4,199,,796,161.5
465,ORD00465,26-05-2025,East,,Home Office,Furniture,Headphones,,149,0.15,633.25,50.34
466,ORD00466,17-04-2025,North,,Corporate,Office Supplies,Headphones,3,199,0,597,161.17
467,ORD00467,03-09-2024,West,CUST2618,Corporate,Office Supplies,Chair,8,99,0.05,752.4,165.67
468,ORD00468,04-12-2024,North,CUST2600,Corporate,Office Supplies,Printer,5,199,0,995,277.32
469,ORD00469,10-07-2025,East,CUST1358,Corporate,Electronics,Headphones,10,299,0.05,2840.5,548.14
470,ORD00470,16-06-2025,North,CUST1318,Corporate,Electronics,Headphones,7,999,0.15,5944.05,1668.17
471,ORD00471,28-05-2024,West,,Consumer,Furniture,Desk,4,799,0,3196,804.43
472,ORD00472,05-11-2025,East,,Home Office,Electronics,Chair,1,499,0.1,449.1,126.87
473,ORD00473,07-12-2025,north,,Consumer,Office Supplies,Headphones,6,999,0.1,5394.6,290.1
474,ORD00474,17-07-2025,East,CUST1692,Home Office,Electronics,Headphones,1,799,0.1,719.1,146.2
475,ORD00475,01-04-2024,East,CUST1072,Consumer,Office Supplies,Chair,5,499,0.05,2370.25,359.86
476,ORD00476,06-06-2024,north,CUST2756,Home Office,Office Supplies,Monitor,3,299,0.05,852.15,150.25
477,ORD00477,19-04-2025,north,CUST2683,Home Office,Furniture,Tablet,2,99,0,198,26.22
478,ORD00478,07-04-2025,West,,Consumer,Office Supplies,Chair,6,299,0.05,1704.3,189.04
479,ORD00479,05-12-2024,WEST,,Consumer,Office Supplies,Phone,9,299,0.15,2287.35,309.82
480,ORD00480,11-08-2024,West,CUST2215,Corporate,Furniture,Headphones,2,799,0.1,1438.2,242.02
481,ORD00481,27-02-2025,East,,Corporate,Electronics,Monitor,7,799,0.1,5033.7,1116.38
482,ORD00482,20-03-2024,North,,Home Office,Office Supplies,Tablet,8,149,0.05,1132.4,313.89
483,ORD00483,10-06-2025,South,,Corporate,Office Supplies,Desk,2,499,0,998,86.91
484,ORD00484,11-05-2024,WEST,,Consumer,Electronics,Desk,1,149,0,149,38.55
485,ORD00485,27-01-2025,North,CUST1731,Corporate,Electronics,Monitor,7,999,0.1,6293.7,749.64
486,ORD00486,30-09-2024,West,CUST2750,Corporate,Electronics,Printer,7,999,0.1,6293.7,537.49
487,ORD00487,07-10-2024,North,,Consumer,Electronics,Phone,1,999,0.1,899.1,269.16
488,ORD00488,28-01-2024,West,CUST2188,Corporate,Electronics,Laptop,10,499,,4990,943.74
489,ORD00489,06-01-2024,North,,Corporate,Office Supplies,Tablet,3,799,0.15,2037.45,275.5
490,ORD00490,06-10-2024,East,,Home Office,Electronics,Printer,4,799,0,3196,573.12
491,ORD00491,29-08-2024,South,,Home Office,Office Supplies,Printer,6,999,0.1,5394.6,545.3
492,ORD00492,10-03-2025,West,,Corporate,Electronics,Headphones,6,999,0.15,5094.9,922.51
493,ORD00493,03-06-2025,East,CUST2091,Home Office,Furniture,Headphones,1,199,0.05,189.05,26.5
494,ORD00494,27-05-2024,WEST,,Consumer,Electronics,Desk,6,199,,1194,252.15
495,ORD00495,19-02-2024,WEST,CUST2877,Consumer,Furniture,Phone,2,99,0.1,178.2,10.2
496,ORD00496,23-06-2024,north,,Corporate,Office Supplies,Desk,9,149,0.05,1273.95,150.68
497,ORD00497,06-08-2025,north,,Corporate,Electronics,Printer,5,199,0.1,895.5,70.91
498,ORD00498,26-08-2025,South,,Home Office,Furniture,Printer,9,499,0.1,4041.9,652.36
499,ORD00499,14-01-2025,East,,Corporate,Office Supplies,Desk,2,,0,198,11.92
500,ORD00500,14-12-2025,South,,Home Office,Office Supplies,Tablet,6,149,0,894,93.7
501,ORD00501,09-09-2025,East,CUST2070,Corporate,Electronics,Headphones,9,799,0.05,6831.45,1300.5
502,ORD00502,15-06-2024,WEST,,Consumer,Furniture,Phone,9,999,0,8991,672.77
503,ORD00503,28-01-2025,East,,Consumer,Electronics,Monitor,1,149,0.1,134.1,25.72
504,ORD00504,28-10-2025,north,,Home Office,Electronics,Headphones,8,99,0.15,673.2,62.92
505,ORD00505,03-10-2025,WEST,,Consumer,Office Supplies,Laptop,5,299,0.05,1420.25,150.41
506,ORD00506,10-06-2024,WEST,,Consumer,Electronics,Tablet,6,999,,5994,1381.85
507,ORD00507,08-02-2024,North,,Corporate,Furniture,Desk,4,99,0.1,356.4,50.19
508,ORD00508,24-10-2025,South,,Corporate,Office Supplies,Laptop,2,999,0,1998,219.85
509,ORD00509,24-07-2025,WEST,,Corporate,Electronics,Desk,7,99,0.05,658.35,141.75
510,ORD00510,24-06-2025,North,CUST1540,Consumer,Electronics,Laptop,2,199,0.15,338.3,59.69
511,ORD00511,08-10-2024,North,,Corporate,Office Supplies,Tablet,6,499,0.05,2844.3,383.67
512,ORD00512,25-10-2025,East,,Corporate,Furniture,Tablet,7,999,,6993,1205.94
513,ORD00513,11-10-2024,West,,Consumer,Furniture,Laptop,6,499,0.05,2844.3,247.02
514,ORD00514,04-06-2024,East,CUST2379,Corporate,Furniture,Phone,9,799,,7191,949.52
515,ORD00515,21-06-2025,north,CUST1098,Home Office,Office Supplies,Printer,2,799,0.15,1358.3,124.11
516,ORD00516,11-07-2025,WEST,,Corporate,Electronics,Printer,1,799,0,799,123.52
517,ORD00517,28-08-2024,West,,Home Office,Furniture,Phone,7,199,0,1393,364.24
518,ORD00518,08-03-2025,South,CUST1227,Home Office,Office Supplies,Phone,3,799,0.1,2157.3,556.83
519,ORD00519,20-03-2024,north,,Consumer,Office Supplies,Chair,9,299,,2691,643.99
520,ORD00520,07-12-2024,West,,Consumer,Electronics,Phone,10,299,0.1,2691,564.98
521,ORD00521,10-06-2024,WEST,,Consumer,Furniture,Tablet,8,299,0.1,2152.8,493.39
522,ORD00522,30-03-2025,WEST,,Consumer,Furniture,Printer,5,499,0.15,2120.75,316.86
523,ORD00523,19-08-2024,South,,Consumer,Office Supplies,Desk,8,799,,6392,1636.3
524,ORD00524,22-03-2025,South,,Consumer,Furniture,Printer,5,799,0.05,3795.25,568.49
525,ORD00525,08-06-2024,South,,Corporate,Electronics,Tablet,1,799,0.05,759.05,166.97
526,ORD00526,02-04-2024,East,,Home Office,Furniture,Headphones,2,799,0.1,1438.2,109.27
527,ORD00527,31-03-2025,South,,Corporate,Furniture,Printer,8,99,0,792,69.01
528,ORD00528,17-03-2024,West,CUST1839,Home Office,Office Supplies,Laptop,6,199,0.15,1014.9,70.51
529,ORD00529,24-07-2024,north,,Home Office,Office Supplies,Desk,8,199,0.15,1353.2,194.74
530,ORD00530,25-12-2025,South,,Corporate,Electronics,Tablet,7,999,0.05,6643.35,1116.09
531,ORD00531,29-11-2024,North,,Corporate,Furniture,Headphones,5,199,0,995,163.06
532,ORD00532,16-02-2024,West,,Home Office,Furniture,Printer,6,999,,5994,1612.38
533,ORD00533,12-11-2025,East,CUST2764,Consumer,Furniture,Monitor,7,999,,6993,601.69
534,ORD00534,15-09-2024,South,,Home Office,Furniture,Printer,7,499,0,3493,393.35
535,ORD00535,09-04-2024,North,CUST2819,Corporate,Furniture,Desk,7,199,0.05,1323.35,390.31
536,ORD00536,27-04-2024,West,CUST2508,Corporate,Office Supplies,Printer,6,299,,1794,453.38
537,ORD00537,24-07-2025,WEST,,Corporate,Electronics,Desk,9,149,0.05,1273.95,171.51
538,ORD00538,10-08-2024,north,,Home Office,Office Supplies,Monitor,7,99,0,693,36.35
539,ORD00539,24-10-2024,North,,Corporate,Office Supplies,Headphones,4,499,0.05,1896.2,326.85
540,ORD00540,21-05-2024,West,CUST2853,Consumer,Furniture,Phone,8,799,0.05,6072.4,1650.08
541,ORD00541,15-10-2024,South,,Consumer,Office Supplies,Phone,2,199,0.15,338.3,68.29
542,ORD00542,24-10-2024,West,,Corporate,Electronics,Headphones,10,149,0.1,1341,278.73
543,ORD00543,17-06-2024,North,CUST1994,Corporate,Office Supplies,Headphones,9,199,0.05,1701.45,127.48
544,ORD00544,02-02-2025,West,CUST2150,Consumer,Office Supplies,Printer,2,199,,398,75.81
545,ORD00545,26-11-2024,north,,Consumer,Office Supplies,Chair,2,499,0.1,898.2,100.25
546,ORD00546,28-09-2024,South,,Home Office,Electronics,Chair,6,799,0.15,4074.9,258.85
547,ORD00547,17-09-2024,north,,Home Office,Furniture,Tablet,10,99,0.1,891,83.2
548,ORD00548,04-05-2024,north,,Consumer,Office Supplies,Tablet,7,299,0.05,1988.35,237.08
549,ORD00549,05-10-2024,WEST,,Consumer,Furniture,Monitor,3,149,,447,113.54
550,ORD00550,18-05-2024,north,,Home Office,Electronics,Desk,2,99,,198,18.06
551,ORD00551,23-11-2025,East,,Home Office,Electronics,Headphones,5,299,0.15,1270.75,351.23
552,ORD00552,02-05-2025,north,,Consumer,Electronics,Phone,5,149,0.15,633.25,88.26
553,ORD00553,02-01-2024,East,,Corporate,Electronics,Phone,5,149,,745,85.7
554,ORD00554,13-08-2025,north,,Home Office,Office Supplies,Laptop,5,99,0.15,420.75,27.8
555,ORD00555,01-10-2024,north,CUST1947,Home Office,Electronics,Tablet,1,99,0,99,16.51
556,ORD00556,29-07-2025,north,,Home Office,Electronics,Tablet,4,299,0,1196,63
557,ORD00557,23-06-2024,north,,Corporate,Electronics,Chair,6,499,0,2994,780.86
558,ORD00558,04-07-2024,East,,Corporate,Electronics,Desk,2,99,0.15,168.3,34.18
559,ORD00559,10-02-2025,South,,Consumer,Office Supplies,Chair,10,799,0.05,7590.5,1942.69
560,ORD00560,22-11-2024,North,,Corporate,Electronics,Laptop,1,149,,149,34.95
561,ORD00561,27-11-2025,East,,Consumer,Office Supplies,Tablet,2,,0.15,508.3,128.7
562,ORD00562,02-06-2025,South,,Home Office,Furniture,Chair,3,499,0.15,1272.45,244.94
563,ORD00563,02-05-2025,South,,Corporate,Office Supplies,Phone,5,799,0.1,3595.5,960.63
564,ORD00564,05-07-2024,WEST,,Corporate,Electronics,Desk,8,799,0.1,5752.8,346.97
565,ORD00565,26-05-2025,north,,Home Office,Office Supplies,Chair,1,499,0.05,474.05,87.36
566,ORD00566,31-03-2024,WEST,,Home Office,Electronics,Tablet,1,299,0.05,284.05,23.19
567,ORD00567,07-11-2025,East,,Corporate,Furniture,Laptop,2,999,,1998,568.49
568,ORD00568,03-12-2025,West,CUST1872,Corporate,Office Supplies,Headphones,4,149,0.15,506.6,142.85
569,ORD00569,21-01-2025,West,CUST1582,Corporate,Office Supplies,Phone,10,149,0.15,1266.5,122.09
570,ORD00570,21-10-2025,North,CUST1962,Home Office,Electronics,Headphones,8,149,0.15,1013.2,277.91
571,ORD00571,27-06-2025,East,CUST2684,Home Office,Furniture,Chair,1,149,0.05,141.55,26.54
572,ORD00572,26-11-2024,South,,Consumer,Furniture,Desk,9,199,0,1791,236.84
573,ORD00573,06-02-2025,North,,Consumer,Electronics,Laptop,9,799,0.15,6112.35,1506.48
574,ORD00574,10-01-2025,north,,Corporate,Furniture,Laptop,4,999,,3996,1138
575,ORD00575,15-01-2024,East,,Corporate,Electronics,Laptop,9,999,,8991,637.4
576,ORD00576,17-12-2025,South,CUST2265,Corporate,Furniture,Chair,9,999,0.05,8541.45,1757.86
577,ORD00577,09-11-2025,South,CUST1616,Home Office,Electronics,Desk,10,149,0.15,1266.5,163.22
578,ORD00578,27-02-2024,north,,Consumer,Furniture,Tablet,6,149,0,894,122.83
579,ORD00579,20-05-2025,North,,Consumer,Office Supplies,Laptop,5,99,0.05,470.25,38.2
580,ORD00580,28-11-2024,north,,Consumer,Electronics,Monitor,9,299,0.15,2287.35,183.7
581,ORD00581,31-03-2025,WEST,,Consumer,Office Supplies,Chair,5,799,0.15,3395.75,464.31
582,ORD00582,17-11-2024,WEST,,Consumer,Furniture,Laptop,6,499,0.05,2844.3,584.12
583,ORD00583,11-10-2025,South,,Consumer,Electronics,Laptop,8,99,0.05,752.4,44.66
584,ORD00584,28-03-2024,north,CUST2785,Corporate,Electronics,Monitor,10,499,0.05,4740.5,766.46
585,ORD00585,05-11-2024,East,CUST2588,Consumer,Office Supplies,Tablet,10,799,0,7990,1531.71
586,ORD00586,30-11-2024,South,,Corporate,Office Supplies,Phone,4,99,0.15,336.6,89.99
587,ORD00587,09-06-2025,north,CUST2011,Consumer,Electronics,Phone,7,199,0.05,1323.35,373.09
588,ORD00588,30-04-2025,East,,Corporate,Furniture,Tablet,9,999,0.15,7642.35,701.41
589,ORD00589,06-11-2025,WEST,CUST1613,Corporate,Office Supplies,Tablet,7,299,0.15,1779.05,95.2
590,ORD00590,21-09-2024,West,,Corporate,Furniture,Laptop,4,799,0,3196,902.62
591,ORD00591,23-02-2024,WEST,,Consumer,Office Supplies,Headphones,6,99,0,594,145.42
592,ORD00592,24-01-2024,WEST,CUST1205,Consumer,Electronics,Phone,7,299,,2093,298.76
593,ORD00593,08-06-2025,WEST,CUST2309,Consumer,Office Supplies,Chair,10,999,0.1,8991,1866.92
594,ORD00594,11-12-2024,South,,Home Office,Electronics,Printer,8,499,0.1,3592.8,240.01
595,ORD00595,25-03-2025,West,CUST2586,Consumer,Office Supplies,Phone,9,199,0.15,1522.35,92.14
596,ORD00596,18-10-2024,East,CUST1391,Corporate,Office Supplies,Phone,6,499,0.15,2544.9,648.05
597,ORD00597,09-07-2024,East,,Corporate,Electronics,Chair,7,299,0.05,1988.35,151.63
598,ORD00598,14-05-2024,WEST,,Corporate,Furniture,Phone,1,99,,99,14.19
599,ORD00599,26-05-2024,WEST,,Corporate,Furniture,Chair,4,499,0,1996,545.09
600,ORD00600,04-02-2024,North,,Consumer,Office Supplies,Desk,2,99,0,198,45.54
601,ORD00601,07-05-2024,West,,Consumer,Office Supplies,Printer,8,799,0,6392,1043.71
602,ORD00602,28-07-2025,East,,Consumer,Office Supplies,Chair,5,299,0.1,1345.5,145.02
603,ORD00603,04-12-2025,West,,Home Office,Office Supplies,Printer,4,299,0,1196,241.05
604,ORD00604,03-05-2025,North,CUST2225,Consumer,Electronics,Laptop,10,999,0.15,8491.5,1446.65
605,ORD00605,28-07-2024,South,CUST1967,Corporate,Office Supplies,Headphones,9,149,0.05,1273.95,304.31
606,ORD00606,26-04-2025,WEST,CUST1510,Corporate,Electronics,Desk,9,999,,8991,488.54
607,ORD00607,13-10-2024,North,,Corporate,Furniture,Printer,5,299,0.05,1420.25,75.08
608,ORD00608,15-12-2025,East,CUST2970,Corporate,Furniture,Laptop,1,99,0,99,22.85
609,ORD00609,19-10-2025,North,CUST2435,Home Office,Electronics,Tablet,5,299,0.15,1270.75,228.6
610,ORD00610,08-02-2025,north,CUST2391,Consumer,Electronics,Phone,3,999,0.05,2847.15,177.41
611,ORD00611,03-12-2025,West,,Corporate,Electronics,Laptop,9,799,,7191,1458.48
612,ORD00612,02-02-2024,WEST,CUST1682,Consumer,Electronics,Desk,5,199,0.1,895.5,97.96
613,ORD00613,06-12-2024,South,,Corporate,Electronics,Laptop,5,299,0.15,1270.75,340.3
614,ORD00614,30-09-2024,South,CUST1622,Corporate,Electronics,Desk,7,199,0,1393,134.09
615,ORD00615,01-01-2024,East,CUST2956,Home Office,Furniture,Monitor,10,99,0.15,841.5,176.9
616,ORD00616,27-06-2025,East,CUST1364,Consumer,Furniture,Laptop,1,149,0,149,44.66
617,ORD00617,24-01-2024,north,,Corporate,Office Supplies,Chair,7,99,0.05,658.35,124.91
618,ORD00618,08-01-2024,East,CUST2019,Home Office,Electronics,Tablet,7,99,0.1,623.7,158.06
619,ORD00619,13-04-2025,WEST,,Home Office,Electronics,Laptop,9,499,0.1,4041.9,321.36
620,ORD00620,29-11-2025,South,,Consumer,Furniture,Headphones,1,999,,999,230.57
621,ORD00621,02-08-2024,north,,Home Office,Office Supplies,Desk,8,299,0.15,2033.2,428.19
622,ORD00622,12-05-2025,South,,Corporate,Furniture,Monitor,7,499,0.15,2969.05,378.05
623,ORD00623,04-12-2025,North,,Home Office,Furniture,Printer,6,999,0.1,5394.6,780.14
624,ORD00624,02-05-2025,East,,Home Office,Office Supplies,Laptop,6,999,0.1,5394.6,1263.57
625,ORD00625,26-12-2024,West,,Home Office,Office Supplies,Phone,5,299,0,1495,357.71
626,ORD00626,29-05-2025,South,,Corporate,Furniture,Desk,8,799,0.1,5752.8,1305.64
627,ORD00627,01-10-2025,South,,Corporate,Office Supplies,Printer,7,149,0.1,938.7,132.14
628,ORD00628,14-01-2025,North,,Consumer,Furniture,Printer,10,999,0,9990,1705.81
629,ORD00629,26-10-2024,West,CUST2895,Home Office,Furniture,Monitor,9,99,0,891,45.29
630,ORD00630,24-02-2025,East,,Consumer,Furniture,Laptop,9,149,0.05,1273.95,91.46
631,ORD00631,19-06-2025,South,,Corporate,Electronics,Desk,5,299,0,1495,312.89
632,ORD00632,16-09-2024,north,,Home Office,Furniture,Laptop,9,99,0.1,801.9,87.8
633,ORD00633,12-12-2024,north,,Corporate,Office Supplies,Monitor,,99,0.05,282.15,69.04
634,ORD00634,08-09-2024,East,,Corporate,Office Supplies,Printer,4,299,0,1196,318.11
635,ORD00635,16-10-2024,West,,Corporate,Furniture,Chair,2,799,0.15,1358.3,109.71
636,ORD00636,14-12-2025,North,,Corporate,Electronics,Laptop,9,799,,7191,1283.6
637,ORD00637,19-09-2024,South,CUST2235,Consumer,Office Supplies,Tablet,4,299,0.1,1076.4,88.97
638,ORD00638,06-06-2024,North,,Consumer,Electronics,Printer,5,199,,995,164.07
639,ORD00639,27-12-2025,North,,Home Office,Electronics,Tablet,10,149,0.05,1415.5,243.99
640,ORD00640,12-06-2025,East,CUST1804,Consumer,Electronics,Desk,3,149,,447,51.41
641,ORD00641,02-03-2024,South,,Consumer,Office Supplies,Headphones,,149,0.05,1415.5,384.02
642,ORD00642,03-06-2025,North,,Home Office,Electronics,Monitor,5,499,,2495,314.64
643,ORD00643,15-02-2024,East,CUST1525,Corporate,Electronics,Monitor,10,999,,9990,2272.34
644,ORD00644,03-04-2024,East,,Corporate,Office Supplies,Phone,1,149,0.05,141.55,12.9
645,ORD00645,27-07-2025,South,,Home Office,Office Supplies,Laptop,1,799,,799,145.4
646,ORD00646,21-02-2024,East,,Consumer,Furniture,Phone,8,999,0.1,7192.8,1241.92
647,ORD00647,19-02-2024,West,,Consumer,Office Supplies,Chair,8,799,0.15,5433.2,1468.71
648,ORD00648,05-02-2025,East,,Home Office,Electronics,Laptop,3,99,0,297,76.19
649,ORD00649,17-04-2025,East,,Corporate,Office Supplies,Monitor,7,999,0.1,6293.7,828.98
650,ORD00650,27-04-2025,north,,Corporate,Furniture,Headphones,2,999,0.15,1698.3,256.54
651,ORD00651,20-12-2024,West,,Corporate,Electronics,Chair,7,999,0.15,5944.05,1594.42
652,ORD00652,29-10-2024,West,,Home Office,Office Supplies,Printer,2,799,,1598,210.82
653,ORD00653,01-10-2025,South,CUST1478,Home Office,Office Supplies,Chair,7,499,0,3493,933
654,ORD00654,01-03-2025,East,,Corporate,Electronics,Printer,8,299,0.05,2272.4,226.01
655,ORD00655,08-04-2024,West,CUST2986,Corporate,Furniture,Printer,10,199,0.05,1890.5,478.21
656,ORD00656,22-02-2025,north,,Corporate,Office Supplies,Printer,1,149,,149,11.24
657,ORD00657,29-11-2025,North,,Consumer,Office Supplies,Desk,2,299,0.15,508.3,107.8
658,ORD00658,24-06-2024,North,CUST2069,Home Office,Office Supplies,Phone,3,299,0,897,108.02
659,ORD00659,09-01-2025,north,,Consumer,Electronics,Printer,10,999,0.15,8491.5,857.5
660,ORD00660,09-11-2025,East,,Home Office,Electronics,Printer,5,199,0.05,945.25,149.67
661,ORD00661,03-11-2025,north,,Corporate,Furniture,Printer,8,149,0.15,1013.2,216.71
662,ORD00662,10-09-2024,WEST,CUST2201,Consumer,Office Supplies,Headphones,9,499,,4491,468.98
663,ORD00663,18-04-2024,WEST,CUST2730,Consumer,Office Supplies,Phone,6,799,0.1,4314.6,716.39
664,ORD00664,11-08-2024,north,,Corporate,Electronics,Tablet,4,149,0.05,566.2,51.71
665,ORD00665,30-04-2025,North,,Home Office,Furniture,Printer,3,199,,597,61.42
666,ORD00666,27-09-2024,East,,Home Office,Electronics,Printer,2,149,0.15,253.3,53.43
667,ORD00667,23-05-2024,South,CUST2051,Consumer,Furniture,Monitor,10,999,,9990,2743.41
668,ORD00668,10-08-2025,North,CUST1851,Home Office,Electronics,Printer,1,299,0.05,284.05,22.3
669,ORD00669,11-01-2025,WEST,CUST2371,Home Office,Electronics,Laptop,6,199,0.05,1134.3,143.75
670,ORD00670,15-04-2024,South,,Corporate,Office Supplies,Desk,1,199,0.15,169.15,34.2
671,ORD00671,22-06-2025,WEST,CUST2432,Corporate,Electronics,Monitor,6,99,0.1,534.6,111.44
672,ORD00672,09-02-2024,West,,Corporate,Office Supplies,Chair,1,99,0.1,89.1,23.94
673,ORD00673,25-10-2025,North,CUST2870,Consumer,Furniture,Printer,3,199,0,597,134.45
674,ORD00674,30-04-2025,South,,Consumer,Electronics,Desk,1,999,,999,230.06
675,ORD00675,04-12-2025,WEST,,Home Office,Furniture,Monitor,2,199,0,398,64.53
676,ORD00676,02-08-2025,WEST,CUST2910,Home Office,Furniture,Headphones,8,149,0,1192,63.1
677,ORD00677,04-08-2024,WEST,,Home Office,Furniture,Headphones,7,299,0.15,1779.05,251.56
678,ORD00678,10-11-2024,WEST,CUST1015,Consumer,Office Supplies,Chair,6,999,0.1,5394.6,1541.25
679,ORD00679,17-11-2024,north,,Home Office,Office Supplies,Tablet,9,299,0,2691,248.18
680,ORD00680,03-10-2025,East,CUST1028,Consumer,Furniture,Desk,6,149,,894,82.87
681,ORD00681,21-05-2025,north,,Corporate,Office Supplies,Desk,10,99,,990,293.49
682,ORD00682,29-01-2025,South,,Home Office,Furniture,Laptop,8,299,0.15,2033.2,184.87
683,ORD00683,05-01-2025,South,,Consumer,Office Supplies,Chair,6,199,0.05,1134.3,107.77
684,ORD00684,11-04-2024,South,,Consumer,Office Supplies,Tablet,6,199,0,1194,137.8
685,ORD00685,13-08-2025,North,CUST1252,Consumer,Electronics,Desk,7,999,0.15,5944.05,675.13
686,ORD00686,21-06-2025,West,CUST2446,Corporate,Furniture,Tablet,3,499,0.1,1347.3,399.12
687,ORD00687,09-04-2025,West,,Corporate,Office Supplies,Phone,8,499,0.05,3792.4,446.92
688,ORD00688,06-07-2025,WEST,,Consumer,Furniture,Printer,4,,0.15,336.6,36.43
689,ORD00689,04-10-2024,WEST,CUST2809,Home Office,Electronics,Chair,9,999,0.15,7642.35,970.88
690,ORD00690,16-10-2024,north,CUST1978,Corporate,Furniture,Laptop,2,799,0.05,1518.1,340.5
691,ORD00691,30-06-2025,north,,Home Office,Electronics,Phone,4,999,0.15,3396.6,991.53
692,ORD00692,21-10-2025,South,,Consumer,Electronics,Phone,3,149,0,447,37.02
693,ORD00693,07-01-2024,North,CUST1508,Corporate,Electronics,Tablet,4,499,,1996,474.72
694,ORD00694,28-01-2024,West,,Home Office,Office Supplies,Tablet,6,99,0,594,38.48
695,ORD00695,05-02-2024,West,CUST1834,Consumer,Electronics,Laptop,6,499,0,2994,504.63
696,ORD00696,18-05-2025,WEST,,Home Office,Office Supplies,Laptop,6,199,0.1,1074.6,141.23
697,ORD00697,23-06-2024,East,,Home Office,Office Supplies,Desk,5,999,0.1,4495.5,949.03
698,ORD00698,22-02-2025,WEST,CUST1683,Home Office,Office Supplies,Headphones,7,299,0.05,1988.35,325.8
699,ORD00699,24-11-2025,North,,Consumer,Furniture,Phone,10,799,0.05,7590.5,2184.47
700,ORD00700,26-08-2025,South,,Home Office,Furniture,Tablet,8,149,0,1192,151.92
701,ORD00701,03-10-2024,East,,Home Office,Electronics,Monitor,5,999,0.05,4745.25,1189.85
702,ORD00702,26-11-2025,North,,Corporate,Electronics,Chair,3,299,0.05,852.15,174.77
703,ORD00703,03-05-2024,West,,Corporate,Electronics,Headphones,6,99,,594,61.65
704,ORD00704,25-04-2025,West,,Corporate,Office Supplies,Headphones,3,299,,897,123.05
705,ORD00705,30-08-2025,WEST,,Home Office,Furniture,Monitor,3,199,0,597,121.23
706,ORD00706,06-05-2025,north,,Corporate,Electronics,Phone,5,299,0.05,1420.25,226.6
707,ORD00707,29-07-2024,North,CUST2485,Home Office,Furniture,Tablet,1,299,0.15,254.15,69.99
708,ORD00708,19-12-2025,East,,Home Office,Office Supplies,Chair,6,799,0.05,4554.3,438.19
709,ORD00709,09-09-2025,North,,Corporate,Office Supplies,Headphones,9,,0.05,1701.45,135.24
710,ORD00710,17-05-2024,North,CUST2560,Corporate,Office Supplies,Desk,1,199,0.15,169.15,27.1
711,ORD00711,25-04-2024,north,,Home Office,Furniture,Printer,1,499,0.15,424.15,75.47
712,ORD00712,07-04-2025,North,,Consumer,Office Supplies,Phone,8,499,0.1,3592.8,618.79
713,ORD00713,29-01-2024,WEST,,Corporate,Electronics,Tablet,4,799,0,3196,579.76
714,ORD00714,17-02-2024,South,,Home Office,Office Supplies,Monitor,5,999,0.05,4745.25,710.74
715,ORD00715,21-06-2025,north,,Home Office,Furniture,Tablet,6,99,0.15,504.9,106.33
716,ORD00716,16-06-2025,South,,Consumer,Furniture,Printer,1,299,0,299,74.52
717,ORD00717,30-08-2025,East,,Corporate,Office Supplies,Headphones,2,799,0.15,1358.3,217.82
718,ORD00718,24-08-2024,north,CUST2217,Corporate,Furniture,Chair,8,149,0.05,1132.4,235.38
719,ORD00719,30-03-2025,East,CUST2524,Home Office,Office Supplies,Phone,1,199,0.1,179.1,34.41
720,ORD00720,28-04-2025,WEST,,Home Office,Office Supplies,Chair,2,149,0,298,71.86
721,ORD00721,16-10-2025,WEST,CUST1714,Corporate,Office Supplies,Headphones,3,299,0.05,852.15,69.67
722,ORD00722,25-04-2024,West,CUST2855,Corporate,Office Supplies,Printer,3,499,0,1497,121.36
723,ORD00723,01-05-2024,north,,Consumer,Office Supplies,Printer,5,149,0,745,155.09
724,ORD00724,08-05-2025,North,,Corporate,Electronics,Headphones,2,149,0.05,283.1,76.73
725,ORD00725,24-05-2025,West,,Consumer,Electronics,Chair,4,199,0,796,57.7
726,ORD00726,08-04-2025,north,,Home Office,Office Supplies,Headphones,7,499,,3493,391.05
727,ORD00727,29-03-2025,East,CUST1995,Home Office,Electronics,Headphones,8,99,0.05,752.4,116.22
728,ORD00728,13-09-2024,north,,Home Office,Furniture,Laptop,1,799,,799,185.48
729,ORD00729,19-12-2025,South,CUST2144,Consumer,Electronics,Laptop,1,299,0,299,79.93
730,ORD00730,04-05-2024,East,,Corporate,Office Supplies,Laptop,3,99,0.1,267.3,61.02
731,ORD00731,27-02-2025,North,,Home Office,Office Supplies,Chair,7,799,0.05,5313.35,1041.61
732,ORD00732,30-11-2024,West,,Corporate,Electronics,Monitor,8,799,0,6392,679.23
733,ORD00733,27-09-2024,East,CUST1077,Consumer,Office Supplies,Monitor,10,799,0.1,7191,718.78
734,ORD00734,27-05-2024,north,,Home Office,Furniture,Phone,8,99,,792,96.33
735,ORD00735,10-01-2025,South,,Home Office,Electronics,Phone,7,499,,3493,248.55
736,ORD00736,24-04-2024,North,CUST1453,Home Office,Electronics,Tablet,9,149,0,1341,251.62
737,ORD00737,13-08-2025,North,CUST2307,Corporate,Office Supplies,Headphones,8,499,0,3992,512.22
738,ORD00738,17-08-2024,North,CUST2107,Home Office,Office Supplies,Monitor,5,99,0.1,445.5,120.75
739,ORD00739,25-02-2024,West,CUST2851,Consumer,Office Supplies,Monitor,7,149,0.05,990.85,167.28
740,ORD00740,05-02-2024,East,,Consumer,Office Supplies,Chair,8,499,0.1,3592.8,276.31
741,ORD00741,29-09-2025,north,,Consumer,Furniture,Desk,6,99,,594,153.71
742,ORD00742,25-06-2025,West,,Corporate,Furniture,Laptop,9,499,,4491,531.74
743,ORD00743,13-04-2024,West,CUST2636,Home Office,Furniture,Tablet,6,999,0,5994,747.71
744,ORD00744,08-04-2024,north,,Home Office,Electronics,Tablet,6,999,,5994,1290.74
745,ORD00745,06-08-2025,WEST,,Home Office,Furniture,Phone,4,99,0.1,356.4,39.51
746,ORD00746,29-08-2024,South,,Corporate,Furniture,Desk,,799,0.05,6072.4,505.95
747,ORD00747,15-07-2024,South,,Corporate,Office Supplies,Phone,9,99,0.05,846.45,142.56
748,ORD00748,24-09-2025,West,CUST1851,Corporate,Office Supplies,Printer,8,799,0.15,5433.2,754.43
749,ORD00749,10-01-2025,north,,Home Office,Furniture,Desk,10,999,0.1,8991,1217
750,ORD00750,16-11-2024,North,,Consumer,Furniture,Monitor,9,799,0,7191,843.82
751,ORD00751,01-09-2025,South,,Consumer,Electronics,Monitor,4,999,0.1,3596.4,676.82
752,ORD00752,06-11-2024,West,CUST1751,Home Office,Furniture,Phone,8,299,0.1,2152.8,258.93
753,ORD00753,26-08-2024,West,,Consumer,Office Supplies,Phone,4,99,0.15,336.6,100.1
754,ORD00754,26-08-2024,East,CUST1054,Corporate,Electronics,Headphones,8,299,0.15,2033.2,232.66
755,ORD00755,11-05-2024,North,,Consumer,Office Supplies,Laptop,8,299,0.15,2033.2,302.79
756,ORD00756,06-11-2025,WEST,,Corporate,Furniture,Desk,7,149,0.15,886.55,51.99
757,ORD00757,05-05-2024,South,,Corporate,Office Supplies,Phone,8,299,0.15,2033.2,364.18
758,ORD00758,29-11-2025,WEST,,Consumer,Office Supplies,Tablet,10,999,0,9990,1344.27
759,ORD00759,15-06-2025,North,,Corporate,Electronics,Phone,8,499,0.15,3393.2,969.46
760,ORD00760,12-12-2025,West,CUST2344,Consumer,Office Supplies,Headphones,4,799,0.15,2716.6,806.99
761,ORD00761,21-06-2025,north,,Corporate,Furniture,Tablet,3,,0.05,424.65,81.9
762,ORD00762,23-03-2024,WEST,,Consumer,Office Supplies,Phone,8,149,0.15,1013.2,246.62
763,ORD00763,15-07-2024,north,CUST1048,Consumer,Office Supplies,Laptop,6,,0.05,1134.3,136.33
764,ORD00764,09-09-2024,West,,Home Office,Electronics,Phone,3,99,,297,75.59
765,ORD00765,07-11-2025,north,,Corporate,Furniture,Monitor,8,499,0.15,3393.2,224.03
766,ORD00766,02-05-2024,WEST,,Corporate,Electronics,Tablet,2,199,0.15,338.3,50.22
767,ORD00767,22-04-2024,north,CUST2038,Corporate,Furniture,Laptop,7,499,0.15,2969.05,634.23
768,ORD00768,18-12-2024,north,,Consumer,Electronics,Desk,6,999,0.05,5694.3,847.22
769,ORD00769,04-11-2025,north,,Consumer,Electronics,Tablet,1,99,0.1,89.1,8.24
770,ORD00770,01-06-2025,East,CUST2325,Home Office,Office Supplies,Desk,2,99,0,198,22.45
771,ORD00771,21-08-2025,East,,Consumer,Electronics,Monitor,6,199,,1194,164.03
772,ORD00772,27-09-2024,South,CUST1603,Consumer,Electronics,Headphones,3,199,0.1,537.3,155.31
773,ORD00773,08-07-2024,WEST,,Corporate,Electronics,Phone,6,149,0,894,228.98
774,ORD00774,31-01-2024,WEST,,Corporate,Electronics,Headphones,7,99,,693,58.52
775,ORD00775,17-04-2025,WEST,,Corporate,Electronics,Laptop,1,999,0.1,899.1,137.94
776,ORD00776,29-04-2024,West,,Home Office,Furniture,Phone,6,199,0.05,1134.3,311.58
777,ORD00777,17-06-2025,East,,Consumer,Furniture,Headphones,8,499,0.15,3393.2,477.83
778,ORD00778,07-09-2024,WEST,,Corporate,Furniture,Chair,8,299,0.05,2272.4,367.6
779,ORD00779,30-11-2025,South,CUST1090,Home Office,Furniture,Laptop,6,199,0.15,1014.9,207.54
780,ORD00780,11-06-2024,South,,Consumer,Furniture,Monitor,3,199,0,597,124.29
781,ORD00781,02-08-2024,South,,Home Office,Electronics,Monitor,9,199,0.1,1611.9,211.34
782,ORD00782,07-06-2024,East,,Consumer,Electronics,Chair,1,999,0.1,899.1,75.6
783,ORD00783,30-10-2024,South,,Home Office,Electronics,Chair,9,799,0.05,6831.45,1717.56
784,ORD00784,07-12-2024,South,,Corporate,Furniture,Tablet,3,199,0.1,537.3,66.14
785,ORD00785,20-06-2025,north,CUST1552,Home Office,Electronics,Desk,3,799,0,2397,587.92
786,ORD00786,14-02-2025,North,CUST1181,Home Office,Office Supplies,Desk,1,499,,499,89.12
787,ORD00787,25-06-2024,WEST,,Corporate,Electronics,Laptop,10,149,,1490,231.09
788,ORD00788,20-02-2024,north,CUST1533,Consumer,Electronics,Monitor,7,299,0,2093,412.07
789,ORD00789,19-10-2024,north,CUST2862,Consumer,Furniture,Laptop,8,149,0.15,1013.2,161.83
790,ORD00790,28-06-2024,North,CUST2799,Corporate,Office Supplies,Laptop,2,999,0.15,1698.3,411.7
791,ORD00791,25-05-2025,East,CUST1559,Corporate,Furniture,Monitor,7,999,0,6993,1298.6
792,ORD00792,24-03-2024,West,CUST2731,Home Office,Furniture,Chair,2,999,0.1,1798.2,192.82
793,ORD00793,16-09-2024,West,,Home Office,Furniture,Tablet,8,799,,6392,1709.21
794,ORD00794,06-01-2024,WEST,CUST2002,Home Office,Furniture,Chair,3,149,0,447,93.99
795,ORD00795,31-03-2025,north,,Corporate,Office Supplies,Tablet,3,199,0,597,38.11
796,ORD00796,26-02-2025,North,,Corporate,Electronics,Tablet,9,99,0,891,185.68
797,ORD00797,23-04-2025,West,CUST1632,Home Office,Electronics,Tablet,5,299,0.15,1270.75,250.38
798,ORD00798,02-04-2025,north,,Home Office,Furniture,Headphones,10,799,0,7990,2001.52
799,ORD00799,01-01-2025,north,,Consumer,Electronics,Headphones,4,799,0,3196,380.78
800,ORD00800,03-04-2025,WEST,,Home Office,Furniture,Tablet,6,149,0,894,184.31
801,ORD00801,28-11-2025,South,,Home Office,Furniture,Printer,6,499,0,2994,506.73
802,ORD00802,30-07-2025,South,CUST1335,Consumer,Office Supplies,Monitor,2,99,,198,37.93
803,ORD00803,04-05-2025,West,,Home Office,Electronics,Desk,1,999,,999,165.69
804,ORD00804,02-07-2025,East,CUST2820,Home Office,Electronics,Headphones,1,499,0.05,474.05,122.65
805,ORD00805,05-11-2024,WEST,,Corporate,Electronics,Phone,4,499,0,1996,340.66
806,ORD00806,07-07-2025,WEST,,Consumer,Office Supplies,Headphones,1,799,0,799,120.66
807,ORD00807,28-04-2024,WEST,,Home Office,Office Supplies,Phone,6,149,,894,145.98
808,ORD00808,09-08-2024,North,,Corporate,Office Supplies,Laptop,5,299,0.1,1345.5,390.26
809,ORD00809,06-12-2024,North,,Home Office,Electronics,Monitor,7,149,,1043,267.61
810,ORD00810,31-08-2024,north,CUST2718,Corporate,Office Supplies,Chair,6,499,0.15,2544.9,515.09
811,ORD00811,02-06-2025,North,,Home Office,Furniture,Laptop,10,199,0.15,1691.5,262.49
812,ORD00812,01-08-2024,WEST,,Corporate,Furniture,Printer,9,149,0,1341,86.69
813,ORD00813,23-06-2024,East,,Consumer,Furniture,Phone,3,149,0.05,424.65,88.59
814,ORD00814,19-04-2025,East,CUST1716,Home Office,Electronics,Laptop,10,499,0,4990,1139.83
815,ORD00815,03-03-2024,North,,Home Office,Office Supplies,Phone,1,499,0.15,424.15,40.95
816,ORD00816,07-11-2025,north,,Consumer,Office Supplies,Tablet,5,999,0.05,4745.25,977.11
817,ORD00817,13-09-2024,South,CUST2551,Home Office,Electronics,Printer,5,99,0.05,470.25,24.02
818,ORD00818,18-10-2025,WEST,,Corporate,Office Supplies,Chair,3,149,0.1,402.3,71.86
819,ORD00819,09-02-2024,North,,Corporate,Office Supplies,Desk,5,149,,745,67.42
820,ORD00820,01-03-2024,East,,Home Office,Furniture,Monitor,5,149,0,745,163.52
821,ORD00821,29-07-2025,West,,Consumer,Office Supplies,Printer,2,799,,1598,435.2
822,ORD00822,30-09-2025,north,,Corporate,Office Supplies,Desk,5,999,0.1,4495.5,595.28
823,ORD00823,02-10-2024,South,,Home Office,Office Supplies,Monitor,8,999,0.15,6793.2,480.38
824,ORD00824,05-09-2024,North,,Corporate,Office Supplies,Tablet,1,199,,199,24.56
825,ORD00825,22-07-2025,West,,Consumer,Electronics,Monitor,10,149,0.05,1415.5,404.85
826,ORD00826,21-06-2024,WEST,,Home Office,Office Supplies,Printer,6,149,,894,104.33
827,ORD00827,05-10-2025,South,CUST2752,Corporate,Office Supplies,Headphones,6,299,0.15,1524.9,337.5
828,ORD00828,30-10-2025,North,CUST1071,Home Office,Office Supplies,Chair,10,499,,4990,269.84
829,ORD00829,09-06-2024,North,CUST2612,Consumer,Furniture,Chair,6,99,,594,157.75
830,ORD00830,20-11-2025,West,CUST2519,Home Office,Furniture,Tablet,1,999,,999,121.13
831,ORD00831,25-02-2024,north,,Corporate,Furniture,Headphones,7,499,0.15,2969.05,570.28
832,ORD00832,10-04-2025,West,CUST1202,Consumer,Furniture,Laptop,7,999,,6993,1408.47
833,ORD00833,15-09-2025,East,CUST1461,Consumer,Furniture,Printer,8,199,0.05,1512.4,77.45
834,ORD00834,11-12-2024,West,,Home Office,Electronics,Printer,8,299,,2392,312.24
835,ORD00835,02-05-2024,East,,Corporate,Electronics,Headphones,7,199,0.1,1253.7,309.6
836,ORD00836,23-02-2025,WEST,,Consumer,Office Supplies,Printer,3,999,0,2997,527.56
837,ORD00837,17-01-2024,WEST,CUST1369,Home Office,Office Supplies,Tablet,10,149,0.15,1266.5,167.49
838,ORD00838,04-02-2024,WEST,CUST1350,Home Office,Office Supplies,Tablet,9,199,,1791,255.15
839,ORD00839,15-05-2025,West,,Home Office,Electronics,Printer,9,799,0.1,6471.9,1216.97
840,ORD00840,07-09-2024,South,CUST2705,Corporate,Electronics,Printer,1,799,0,799,197.6
841,ORD00841,12-08-2025,West,,Consumer,Furniture,Desk,7,499,0.15,2969.05,506.22
842,ORD00842,04-04-2024,West,,Home Office,Electronics,Printer,6,999,0.15,5094.9,1076.37
843,ORD00843,19-07-2025,South,CUST2689,Home Office,Furniture,Laptop,7,799,0,5593,1611.91
844,ORD00844,05-04-2025,West,,Corporate,Electronics,Laptop,5,799,0.15,3395.75,946.7
845,ORD00845,28-02-2025,North,,Consumer,Electronics,Laptop,4,499,0.1,1796.4,309.34
846,ORD00846,03-10-2024,North,,Corporate,Furniture,Monitor,9,999,0.05,8541.45,2060.6
847,ORD00847,23-03-2024,North,,Consumer,Furniture,Tablet,6,199,0.15,1014.9,125.1
848,ORD00848,16-03-2024,WEST,CUST2649,Home Office,Electronics,Desk,9,799,0.15,6112.35,1197.48
849,ORD00849,20-11-2024,West,,Home Office,Office Supplies,Phone,10,999,,9990,2320.51
850,ORD00850,13-12-2025,WEST,CUST1910,Corporate,Furniture,Phone,2,149,0.1,268.2,29.46
851,ORD00851,09-09-2025,north,CUST2280,Corporate,Office Supplies,Monitor,4,499,0.05,1896.2,102.93
852,ORD00852,07-02-2025,East,,Consumer,Office Supplies,Headphones,1,99,0.15,84.15,7.94
853,ORD00853,04-03-2024,West,,Corporate,Electronics,Headphones,8,999,,7992,1347.32
854,ORD00854,02-07-2025,South,,Home Office,Electronics,Chair,2,499,0.15,848.3,190.3
855,ORD00855,21-05-2025,WEST,,Home Office,Furniture,Monitor,2,999,0.1,1798.2,286.04
856,ORD00856,13-07-2025,West,CUST2591,Corporate,Office Supplies,Headphones,6,149,,894,83.53
857,ORD00857,19-02-2024,South,CUST2263,Corporate,Furniture,Desk,9,199,0.05,1701.45,296.34
858,ORD00858,06-08-2024,North,,Home Office,Electronics,Monitor,8,299,0.1,2152.8,218.85
859,ORD00859,23-11-2025,WEST,CUST1198,Home Office,Electronics,Phone,4,499,0.15,1696.6,183.45
860,ORD00860,24-10-2024,WEST,,Corporate,Furniture,Chair,7,99,0.1,623.7,99.34
861,ORD00861,11-02-2025,East,,Corporate,Electronics,Tablet,9,199,0.15,1522.35,184.5
862,ORD00862,04-01-2025,West,,Consumer,Office Supplies,Tablet,1,149,,149,15.37
863,ORD00863,03-07-2025,WEST,,Home Office,Furniture,Monitor,5,799,0.1,3595.5,654.91
864,ORD00864,06-02-2024,WEST,,Consumer,Electronics,Tablet,8,149,0.1,1072.8,288.81
865,ORD00865,05-10-2025,South,,Home Office,Furniture,Headphones,6,299,,1794,527.56
866,ORD00866,09-12-2024,South,,Corporate,Furniture,Laptop,2,999,0.15,1698.3,219.36
867,ORD00867,19-01-2024,North,,Home Office,Office Supplies,Printer,4,799,0.1,2876.4,387.61
868,ORD00868,28-11-2024,West,,Consumer,Office Supplies,Headphones,2,499,0.1,898.2,235.4
869,ORD00869,18-05-2025,WEST,,Corporate,Electronics,Laptop,5,799,0.1,3595.5,371.06
870,ORD00870,26-03-2025,north,CUST1101,Home Office,Furniture,Tablet,2,999,,1998,294.41
871,ORD00871,22-08-2024,North,,Home Office,Electronics,Chair,6,499,,2994,618.69
872,ORD00872,07-12-2025,South,,Consumer,Electronics,Printer,8,999,0.1,7192.8,1258.69
873,ORD00873,06-09-2025,WEST,,Home Office,Electronics,Desk,7,199,0.1,1253.7,182.64
874,ORD00874,22-10-2025,East,,Home Office,Furniture,Monitor,4,99,0.05,376.2,74.95
875,ORD00875,21-08-2024,West,CUST1121,Consumer,Electronics,Phone,4,799,0.05,3036.2,344.01
876,ORD00876,13-06-2025,WEST,CUST1329,Consumer,Office Supplies,Phone,3,499,,1497,392.7
877,ORD00877,25-07-2025,WEST,,Consumer,Furniture,Laptop,7,149,0.1,938.7,110.53
878,ORD00878,08-06-2025,South,,Home Office,Office Supplies,Laptop,5,299,0.1,1345.5,375.29
879,ORD00879,10-04-2025,East,CUST1253,Corporate,Furniture,Printer,3,99,0.15,252.45,20.1
880,ORD00880,03-06-2024,North,,Home Office,Office Supplies,Desk,3,799,0.1,2157.3,355.51
881,ORD00881,08-04-2025,north,,Home Office,Office Supplies,Phone,10,99,0,990,60.22
882,ORD00882,17-11-2025,West,,Consumer,Office Supplies,Laptop,2,499,0.15,848.3,69.94
883,ORD00883,22-09-2025,WEST,,Home Office,Office Supplies,Chair,2,199,,398,79.94
884,ORD00884,22-06-2024,WEST,,Home Office,Electronics,Desk,6,199,0.15,1014.9,114.34
885,ORD00885,12-07-2025,North,,Home Office,Electronics,Phone,10,149,,1490,98.1
886,ORD00886,14-12-2024,South,,Corporate,Electronics,Monitor,5,799,0.15,3395.75,939.42
887,ORD00887,21-10-2025,North,,Consumer,Electronics,Printer,,499,,998,135.2
888,ORD00888,09-12-2024,South,,Corporate,Electronics,Tablet,8,99,0,792,217.92
889,ORD00889,24-03-2024,East,CUST2728,Consumer,Office Supplies,Monitor,9,99,0.1,801.9,148.84
890,ORD00890,30-01-2024,South,,Consumer,Electronics,Laptop,3,199,0.1,537.3,87.71
891,ORD00891,06-04-2024,East,CUST1693,Home Office,Office Supplies,Desk,10,299,0.1,2691,758.63
892,ORD00892,02-02-2025,South,,Consumer,Electronics,Desk,8,199,0.1,1432.8,109.52
893,ORD00893,05-09-2025,South,CUST1258,Corporate,Electronics,Printer,1,299,,299,57.5
894,ORD00894,22-07-2024,South,,Home Office,Office Supplies,Tablet,2,499,0,998,102.81
895,ORD00895,14-03-2025,WEST,,Corporate,Office Supplies,Monitor,2,299,,598,155.23
896,ORD00896,04-11-2025,North,,Consumer,Furniture,Laptop,10,199,,1990,556.47
897,ORD00897,17-12-2024,north,,Home Office,Furniture,Printer,10,149,,1490,141.78
898,ORD00898,03-05-2024,East,,Home Office,Office Supplies,Chair,8,799,0.15,5433.2,892.3
899,ORD00899,28-10-2024,north,,Corporate,Office Supplies,Headphones,9,199,,1791,488.76
900,ORD00900,14-12-2024,South,,Consumer,Furniture,Chair,8,299,0,2392,174.29
901,ORD00901,29-07-2025,East,CUST2184,Consumer,Electronics,Headphones,10,499,,4990,500.51
902,ORD00902,15-02-2025,WEST,,Consumer,Electronics,Headphones,9,799,0,7191,1157.63
903,ORD00903,29-11-2025,West,,Corporate,Office Supplies,Phone,3,999,0.15,2547.45,737.79
904,ORD00904,23-12-2024,West,,Home Office,Electronics,Tablet,4,99,0.1,356.4,91.48
905,ORD00905,01-02-2024,WEST,,Corporate,Office Supplies,Chair,1,799,0.05,759.05,143.34
906,ORD00906,20-09-2025,north,,Corporate,Furniture,Phone,1,99,0.15,84.15,8.24
907,ORD00907,31-10-2025,North,,Consumer,Furniture,Tablet,5,149,0,745,190.39
908,ORD00908,11-04-2025,West,,Corporate,Electronics,Desk,8,199,0.05,1512.4,314.5
909,ORD00909,11-04-2024,West,CUST1582,Corporate,Office Supplies,Chair,4,99,0.1,356.4,103.13
910,ORD00910,06-09-2025,East,CUST1953,Consumer,Furniture,Headphones,9,199,0.05,1701.45,315.47
911,ORD00911,17-01-2024,WEST,,Home Office,Electronics,Laptop,3,149,0.15,379.95,70.18
912,ORD00912,06-12-2024,South,,Home Office,Furniture,Printer,6,149,,894,62.53
913,ORD00913,22-07-2024,north,,Home Office,Furniture,Headphones,8,799,,6392,713.91
914,ORD00914,02-06-2025,north,,Consumer,Electronics,Printer,10,999,,9990,780.33
915,ORD00915,06-06-2025,West,,Corporate,Electronics,Chair,3,299,,897,98.2
916,ORD00916,28-05-2025,East,,Corporate,Furniture,Chair,3,99,0.15,252.45,16.82
917,ORD00917,25-10-2025,North,,Home Office,Furniture,Monitor,2,,0.15,168.3,16.98
918,ORD00918,08-06-2024,North,CUST1754,Consumer,Furniture,Phone,5,,0.1,895.5,253.76
919,ORD00919,14-01-2024,South,CUST2195,Corporate,Office Supplies,Laptop,8,149,,1192,279.25
920,ORD00920,06-08-2025,North,,Home Office,Office Supplies,Headphones,4,299,0,1196,159.21
921,ORD00921,24-02-2024,north,CUST2763,Home Office,Electronics,Laptop,4,149,,596,96.28
922,ORD00922,26-10-2025,WEST,CUST1448,Corporate,Office Supplies,Tablet,2,799,0.15,1358.3,169.61
923,ORD00923,25-10-2024,South,,Consumer,Furniture,Printer,6,149,0.1,804.6,89.23
924,ORD00924,17-08-2024,East,CUST1733,Consumer,Furniture,Laptop,10,799,0.15,6791.5,567.68
925,ORD00925,12-01-2024,north,,Corporate,Electronics,Desk,10,999,0,9990,1379.79
926,ORD00926,12-09-2024,North,,Consumer,Furniture,Printer,6,199,0.1,1074.6,256.85
927,ORD00927,07-04-2025,WEST,,Home Office,Furniture,Laptop,9,499,,4491,1095.61
928,ORD00928,14-07-2024,East,,Home Office,Office Supplies,Phone,4,149,0.1,536.4,80.1
929,ORD00929,29-08-2025,WEST,CUST2424,Corporate,Office Supplies,Monitor,3,499,,1497,125.18
930,ORD00930,28-09-2024,West,,Corporate,Furniture,Printer,3,199,0.1,537.3,41.91
931,ORD00931,30-04-2024,north,CUST1722,Corporate,Electronics,Headphones,3,199,0.05,567.15,100.53
932,ORD00932,04-01-2025,West,,Home Office,Office Supplies,Desk,5,149,0.05,707.75,35.92
933,ORD00933,04-08-2025,East,,Corporate,Electronics,Laptop,8,199,0.15,1353.2,330.61
934,ORD00934,03-10-2024,north,CUST2597,Consumer,Furniture,Phone,10,149,,1490,276.68
935,ORD00935,27-03-2025,North,CUST1172,Corporate,Electronics,Monitor,7,299,0,2093,421.9
936,ORD00936,03-01-2024,North,,Consumer,Office Supplies,Chair,10,299,0,2990,275.73
937,ORD00937,14-10-2024,South,CUST2803,Consumer,Electronics,Headphones,3,299,0.15,762.45,83.41
938,ORD00938,30-01-2025,north,,Corporate,Office Supplies,Headphones,4,999,,3996,718.39
939,ORD00939,17-02-2024,north,,Corporate,Electronics,Chair,6,499,0.15,2544.9,537.72
940,ORD00940,23-11-2024,WEST,CUST1168,Home Office,Electronics,Headphones,9,999,0,8991,2593.98
941,ORD00941,01-01-2025,East,,Consumer,Electronics,Printer,6,149,0.05,849.3,52.3
942,ORD00942,18-11-2024,North,,Home Office,Electronics,Chair,9,799,0,7191,994.03
943,ORD00943,17-02-2025,East,CUST1053,Consumer,Electronics,Chair,8,,,2392,433.49
944,ORD00944,03-08-2024,East,CUST2165,Consumer,Electronics,Monitor,8,299,0.15,2033.2,445.46
945,ORD00945,27-09-2024,north,,Corporate,Furniture,Headphones,1,799,,799,160.94
946,ORD00946,08-11-2024,WEST,CUST1366,Corporate,Electronics,Printer,9,499,0.1,4041.9,1013.31
947,ORD00947,11-01-2024,South,,Home Office,Furniture,Tablet,3,299,0.15,762.45,147.36
948,ORD00948,13-12-2024,WEST,,Corporate,Office Supplies,Phone,9,499,0.05,4266.45,1218.03
949,ORD00949,07-01-2024,East,,Corporate,Electronics,Headphones,5,299,0.15,1270.75,316.39
950,ORD00950,02-06-2025,North,,Consumer,Furniture,Phone,3,199,0.15,507.45,99.68
951,ORD00951,04-10-2024,East,,Consumer,Electronics,Desk,7,999,0.05,6643.35,353.42
952,ORD00952,25-04-2025,north,,Corporate,Office Supplies,Tablet,9,999,0.05,8541.45,1137.28
953,ORD00953,15-01-2024,West,,Consumer,Furniture,Monitor,4,999,0,3996,748.07
954,ORD00954,20-09-2024,East,,Consumer,Furniture,Laptop,8,199,0.05,1512.4,218.22
955,ORD00955,16-12-2025,South,,Consumer,Furniture,Phone,,799,0.1,7191,1754.68
956,ORD00956,02-12-2025,South,,Consumer,Office Supplies,Phone,1,99,0.15,84.15,12.26
957,ORD00957,16-02-2024,North,CUST2713,Home Office,Furniture,Tablet,2,499,0,998,273.47
958,ORD00958,05-12-2024,north,,Corporate,Furniture,Printer,5,799,0.1,3595.5,737.18
959,ORD00959,20-11-2025,West,,Consumer,Office Supplies,Chair,5,499,0.15,2120.75,389.25
960,ORD00960,16-10-2024,north,,Consumer,Office Supplies,Laptop,9,499,0,4491,1052.57
961,ORD00961,01-12-2024,East,,Home Office,Office Supplies,Printer,8,999,0,7992,2041.51
962,ORD00962,26-04-2024,WEST,CUST1046,Home Office,Furniture,Headphones,1,299,0,299,46.73
963,ORD00963,12-08-2024,WEST,,Corporate,Electronics,Laptop,2,299,0.15,508.3,127.55
964,ORD00964,12-06-2025,WEST,CUST1934,Consumer,Electronics,Tablet,8,499,0.05,3792.4,679.56
965,ORD00965,25-10-2025,East,,Corporate,Office Supplies,Tablet,4,799,,3196,346.63
966,ORD00966,01-05-2024,South,,Corporate,Office Supplies,Tablet,5,99,,495,79.58
967,ORD00967,11-11-2024,East,CUST2476,Home Office,Electronics,Chair,4,299,0.15,1016.6,290.26
968,ORD00968,13-09-2024,West,CUST2536,Consumer,Office Supplies,Printer,2,99,0.1,178.2,47.42
969,ORD00969,19-08-2025,North,,Corporate,Furniture,Monitor,1,299,,299,52.93
970,ORD00970,17-12-2025,South,,Corporate,Electronics,Phone,1,149,0.15,126.65,25.59
971,ORD00971,09-09-2025,East,,Consumer,Office Supplies,Printer,6,99,0,594,82
972,ORD00972,13-02-2025,South,,Corporate,Office Supplies,Desk,3,799,0.15,2037.45,428.81
973,ORD00973,23-07-2024,WEST,,Consumer,Electronics,Tablet,2,199,,398,23.16
974,ORD00974,30-10-2024,north,,Consumer,Office Supplies,Phone,5,499,,2495,390.94
975,ORD00975,05-12-2024,WEST,CUST1507,Home Office,Furniture,Laptop,10,799,0.05,7590.5,1499.55
976,ORD00976,23-12-2024,WEST,,Consumer,Electronics,Headphones,1,199,,199,53.89
977,ORD00977,18-10-2025,WEST,,Consumer,Electronics,Printer,7,999,0.15,5944.05,387.62
978,ORD00978,24-04-2024,West,,Corporate,Office Supplies,Desk,1,999,0,999,142.17
979,ORD00979,16-04-2024,East,CUST1678,Consumer,Electronics,Printer,6,799,0,4794,1079.81
980,ORD00980,07-02-2024,North,,Corporate,Furniture,Tablet,10,199,0.05,1890.5,106.08
981,ORD00981,19-07-2024,WEST,CUST1168,Consumer,Office Supplies,Monitor,3,799,0.15,2037.45,392.13
982,ORD00982,29-01-2025,North,,Corporate,Furniture,Desk,10,149,0.1,1341,215.69
983,ORD00983,05-06-2024,WEST,CUST2453,Consumer,Electronics,Headphones,3,499,,1497,445.11
984,ORD00984,18-10-2024,north,CUST1349,Consumer,Electronics,Tablet,6,99,0.1,534.6,52.15
985,ORD00985,10-01-2024,East,,Home Office,Furniture,Tablet,4,149,0,596,108.89
986,ORD00986,29-05-2024,South,,Home Office,Electronics,Tablet,6,149,0.05,849.3,49.27
987,ORD00987,17-08-2024,West,,Home Office,Furniture,Monitor,5,99,0,495,70.75
988,ORD00988,11-07-2024,East,CUST2206,Home Office,Office Supplies,Monitor,1,299,0.05,284.05,19.06
989,ORD00989,05-03-2024,North,,Home Office,Electronics,Headphones,9,799,0.15,6112.35,1106.02
990,ORD00990,23-06-2024,East,CUST2646,Home Office,Furniture,Headphones,8,299,0.15,2033.2,531.41
991,ORD00991,24-08-2025,North,,Consumer,Office Supplies,Headphones,4,149,0,596,101.9
992,ORD00992,24-01-2024,South,,Home Office,Electronics,Headphones,3,199,0.05,567.15,95
993,ORD00993,01-04-2024,West,,Consumer,Office Supplies,Laptop,10,199,0.05,1890.5,278.04
994,ORD00994,08-10-2025,West,,Home Office,Electronics,Phone,8,99,0.1,712.8,56.49
995,ORD00995,26-06-2025,West,,Home Office,Office Supplies,Printer,4,99,0.15,336.6,89.66
996,ORD00996,24-04-2025,East,,Corporate,Office Supplies,Monitor,10,799,0.05,7590.5,786.99
997,ORD00997,03-07-2024,West,,Consumer,Furniture,Tablet,4,199,0.15,676.6,34.49
998,ORD00998,09-06-2025,West,CUST2255,Home Office,Furniture,Phone,4,99,0.15,336.6,45.3
999,ORD00999,14-01-2025,WEST,CUST1415,Home Office,Electronics,Tablet,9,299,0,2691,545.07
1000,ORD01000,06-06-2024,East,CUST1882,Home Office,Electronics,Monitor,9,299,0.15,2287.35,203.26
1001,ORD01001,18-01-2024,West,,Consumer,Office Supplies,Headphones,3,149,0.1,402.3,28.04
1002,ORD01002,29-03-2024,South,,Corporate,Furniture,Phone,10,199,,1990,454.09
1003,ORD01003,24-12-2025,north,,Corporate,Office Supplies,Desk,8,149,0.1,1072.8,80.24
1004,ORD01004,10-12-2024,East,CUST2369,Consumer,Electronics,Monitor,2,149,0,298,89.15
1005,ORD01005,26-11-2024,South,CUST1881,Consumer,Office Supplies,Phone,4,999,,3996,973.53
1006,ORD01006,02-06-2025,WEST,,Corporate,Furniture,Phone,2,99,0.15,168.3,16.04
1007,ORD01007,25-01-2025,South,,Corporate,Furniture,Phone,4,149,0.1,536.4,81.17
1008,ORD01008,27-07-2025,West,CUST2590,Corporate,Electronics,Laptop,9,999,0.15,7642.35,1269.87
1009,ORD01009,18-03-2024,North,,Corporate,Furniture,Tablet,2,999,0,1998,109.91
1010,ORD01010,15-07-2024,WEST,CUST1435,Corporate,Office Supplies,Monitor,9,99,0.1,801.9,208.37
1011,ORD01011,14-11-2025,North,,Corporate,Furniture,Monitor,9,,0.15,2287.35,664.84
1012,ORD01012,30-11-2025,WEST,CUST1567,Home Office,Furniture,Tablet,2,299,,598,81
1013,ORD01013,22-10-2025,East,,Consumer,Electronics,Tablet,9,199,0.1,1611.9,222.01
1014,ORD01014,09-08-2024,East,CUST2791,Home Office,Office Supplies,Chair,6,199,0.05,1134.3,282.18
1015,ORD01015,23-05-2024,North,CUST1919,Home Office,Office Supplies,Chair,8,149,,1192,163.26
1016,ORD01016,15-04-2024,WEST,,Consumer,Furniture,Laptop,9,299,0,2691,650.93
1017,ORD01017,25-11-2025,WEST,,Corporate,Furniture,Monitor,7,799,0.05,5313.35,913.18
1018,ORD01018,26-11-2024,West,CUST1048,Consumer,Office Supplies,Monitor,8,799,0.15,5433.2,770.32
1019,ORD01019,23-12-2024,South,,Consumer,Office Supplies,Monitor,7,999,,6993,1844.52
1020,ORD01020,14-09-2024,WEST,,Consumer,Furniture,Laptop,8,999,0.05,7592.4,632.89
1021,ORD01021,26-04-2025,East,CUST2566,Home Office,Furniture,Chair,8,299,0.05,2272.4,370.42
1022,ORD01022,07-03-2024,WEST,,Home Office,Office Supplies,Printer,3,299,0.15,762.45,199.66
1023,ORD01023,08-08-2025,East,CUST1296,Home Office,Electronics,Phone,3,99,0,297,27.98
1024,ORD01024,04-08-2024,South,CUST2866,Consumer,Office Supplies,Laptop,5,199,0.05,945.25,260.91
1025,ORD01025,19-08-2025,East,CUST1718,Home Office,Electronics,Headphones,3,199,0,597,68.93
1026,ORD01026,27-04-2025,WEST,,Home Office,Furniture,Tablet,9,299,0.15,2287.35,648.74
1027,ORD01027,26-02-2025,West,,Corporate,Electronics,Phone,9,999,0.05,8541.45,967.96
1028,ORD01028,20-11-2024,West,,Home Office,Office Supplies,Laptop,3,499,,1497,331.57
1029,ORD01029,02-11-2025,north,,Home Office,Furniture,Monitor,5,149,0.1,670.5,193.03
1030,ORD01030,06-07-2025,South,,Home Office,Office Supplies,Laptop,9,199,0.15,1522.35,299.79
1031,ORD01031,15-02-2025,East,CUST1590,Corporate,Office Supplies,Laptop,1,149,0,149,28.75
1032,ORD01032,05-06-2024,North,,Consumer,Office Supplies,Desk,2,199,,398,40.39
1033,ORD01033,27-12-2024,north,CUST2032,Consumer,Electronics,Printer,2,799,0.1,1438.2,95.87
1034,ORD01034,04-06-2025,WEST,,Corporate,Office Supplies,Laptop,3,149,0.05,424.65,58.09
1035,ORD01035,23-04-2025,north,,Corporate,Furniture,Desk,1,499,0.05,474.05,48.15
1036,ORD01036,08-12-2024,East,CUST1621,Consumer,Office Supplies,Headphones,6,299,0,1794,401.19
1037,ORD01037,02-07-2025,South,,Home Office,Office Supplies,Tablet,4,499,0.05,1896.2,295.85
1038,ORD01038,30-01-2025,South,CUST1564,Consumer,Furniture,Chair,1,499,,499,90.03
1039,ORD01039,21-06-2024,South,CUST1573,Consumer,Office Supplies,Desk,9,999,,8991,1225.91
1040,ORD01040,11-12-2025,South,,Consumer,Office Supplies,Desk,9,999,0.15,7642.35,1743.1
1041,ORD01041,16-08-2025,WEST,,Corporate,Electronics,Phone,1,,0.05,94.05,16.79
1042,ORD01042,20-08-2025,north,,Consumer,Electronics,Headphones,3,799,,2397,387.86
1043,ORD01043,25-04-2025,North,CUST1083,Corporate,Electronics,Desk,1,499,0.05,474.05,107.78
1044,ORD01044,31-03-2024,West,CUST2730,Home Office,Office Supplies,Laptop,7,299,0.15,1779.05,369.68
1045,ORD01045,02-01-2024,North,,Corporate,Furniture,Monitor,2,499,0.1,898.2,180.68
1046,ORD01046,07-01-2024,East,,Corporate,Furniture,Monitor,2,799,0,1598,453.79
1047,ORD01047,25-07-2025,East,CUST2878,Corporate,Electronics,Phone,7,799,0.1,5033.7,1072.92
1048,ORD01048,01-03-2025,West,CUST2180,Consumer,Office Supplies,Printer,1,,,99,19.47
1049,ORD01049,23-02-2025,East,,Corporate,Furniture,Chair,2,799,0.1,1438.2,263.28
1050,ORD01050,21-09-2025,North,,Home Office,Furniture,Chair,8,799,0,6392,443.66
1051,ORD01051,04-01-2024,WEST,,Corporate,Electronics,Chair,4,99,0.1,356.4,42.39
1052,ORD01052,12-03-2024,North,CUST1002,Consumer,Electronics,Monitor,6,149,0.15,759.9,178.1
1053,ORD01053,13-06-2024,north,CUST2600,Home Office,Office Supplies,Laptop,5,799,0.05,3795.25,1044.91
1054,ORD01054,06-12-2025,North,,Corporate,Electronics,Tablet,5,149,,745,72.27
1055,ORD01055,25-12-2024,north,,Consumer,Electronics,Tablet,9,799,0.15,6112.35,1090.19
1056,ORD01056,25-02-2025,North,,Home Office,Electronics,Desk,6,99,,594,166.89
1057,ORD01057,27-10-2025,South,CUST2968,Corporate,Office Supplies,Phone,8,999,0,7992,1293.28
1058,ORD01058,15-10-2025,South,,Corporate,Electronics,Desk,9,999,,8991,633.96
1059,ORD01059,25-11-2024,East,,Corporate,Furniture,Desk,6,999,0.15,5094.9,332.11
1060,ORD01060,02-02-2025,north,,Corporate,Office Supplies,Laptop,4,299,0.05,1136.2,91.63
1061,ORD01061,23-05-2025,North,CUST1326,Corporate,Furniture,Phone,2,149,,298,37.48
1062,ORD01062,20-05-2024,East,,Corporate,Furniture,Chair,2,799,0,1598,451.93
1063,ORD01063,22-08-2024,north,,Corporate,Electronics,Laptop,7,149,,1043,85.39
1064,ORD01064,29-06-2025,East,,Corporate,Office Supplies,Desk,8,299,0.05,2272.4,563.77
1065,ORD01065,10-03-2024,South,CUST1720,Corporate,Office Supplies,Laptop,3,99,,297,86.47
1066,ORD01066,04-12-2025,South,CUST1083,Corporate,Electronics,Chair,10,149,0.15,1266.5,183.93
1067,ORD01067,06-06-2024,north,CUST2603,Home Office,Electronics,Desk,4,299,0.05,1136.2,206.38
1068,ORD01068,14-05-2024,South,,Home Office,Electronics,Chair,2,149,0.15,253.3,53.95
1069,ORD01069,25-01-2024,South,,Corporate,Furniture,Laptop,8,199,0.15,1353.2,237.34
1070,ORD01070,07-09-2024,north,,Home Office,Electronics,Laptop,8,299,0.1,2152.8,143.66
1071,ORD01071,16-02-2025,north,,Corporate,Electronics,Desk,10,799,,7990,1222.94
1072,ORD01072,08-07-2024,South,CUST2228,Corporate,Office Supplies,Phone,4,799,0.05,3036.2,374.93
1073,ORD01073,20-01-2025,South,CUST2519,Corporate,Office Supplies,Monitor,6,149,,894,202.83
1074,ORD01074,16-06-2025,South,,Corporate,Office Supplies,Monitor,3,149,0,447,42.56
1075,ORD01075,25-10-2024,north,,Consumer,Electronics,Desk,1,999,,999,199.32
1076,ORD01076,28-10-2024,South,CUST1618,Consumer,Furniture,Phone,6,149,0.05,849.3,78.69
1077,ORD01077,21-05-2024,North,,Consumer,Office Supplies,Desk,7,149,0,1043,66.2
1078,ORD01078,16-03-2025,West,,Consumer,Furniture,Desk,6,149,0,894,163.87
1079,ORD01079,31-12-2025,East,,Consumer,Office Supplies,Headphones,4,199,0,796,232.71
1080,ORD01080,18-08-2024,WEST,,Corporate,Electronics,Chair,9,299,0,2691,170.68
1081,ORD01081,02-04-2024,north,,Corporate,Electronics,Phone,7,299,0.05,1988.35,246.86
1082,ORD01082,29-01-2024,North,,Home Office,Electronics,Chair,3,99,0.05,282.15,55.29
1083,ORD01083,02-03-2024,East,,Corporate,Office Supplies,Headphones,8,99,0.15,673.2,96.59
1084,ORD01084,25-01-2025,North,,Consumer,Electronics,Phone,2,149,0,298,19.57
1085,ORD01085,10-06-2025,WEST,CUST1750,Corporate,Electronics,Tablet,6,799,,4794,1416.09
1086,ORD01086,27-01-2024,north,,Home Office,Furniture,Headphones,1,299,0,299,33.61
1087,ORD01087,20-12-2025,WEST,,Home Office,Office Supplies,Laptop,4,999,0.15,3396.6,736.96
1088,ORD01088,13-02-2024,north,CUST2265,Corporate,Electronics,Laptop,2,999,0.1,1798.2,414.57
1089,ORD01089,31-08-2025,WEST,,Consumer,Furniture,Chair,10,,0.05,1415.5,235.31
1090,ORD01090,10-11-2025,WEST,CUST1668,Home Office,Office Supplies,Printer,3,499,0.05,1422.15,90.23
1091,ORD01091,22-01-2025,West,,Home Office,Furniture,Desk,3,199,0.15,507.45,147.71
1092,ORD01092,25-08-2025,North,CUST1880,Corporate,Furniture,Desk,1,799,0,799,74.29
1093,ORD01093,12-08-2024,WEST,CUST2733,Corporate,Furniture,Monitor,8,199,,1592,376.55
1094,ORD01094,07-12-2024,South,CUST1156,Corporate,Electronics,Headphones,3,299,0,897,83.42
1095,ORD01095,11-06-2024,North,CUST1229,Home Office,Electronics,Headphones,10,,0.1,7191,1240.27
1096,ORD01096,14-09-2024,East,,Home Office,Furniture,Headphones,2,499,0.15,848.3,115.2
1097,ORD01097,17-08-2024,North,CUST2938,Consumer,Furniture,Tablet,3,199,0.05,567.15,29.85
1098,ORD01098,19-12-2024,WEST,CUST1909,Corporate,Electronics,Monitor,7,299,0.1,1883.7,183.27
1099,ORD01099,07-11-2025,West,CUST2710,Corporate,Furniture,Tablet,10,799,0.1,7191,1837.4
1100,ORD01100,05-12-2025,South,CUST1552,Consumer,Electronics,Headphones,2,999,0,1998,392.68
1101,ORD01101,07-07-2025,East,CUST1470,Corporate,Office Supplies,Laptop,2,999,0.05,1898.1,168.01
1102,ORD01102,09-08-2024,North,,Corporate,Office Supplies,Tablet,4,999,0,3996,661.33
1103,ORD01103,15-01-2024,north,,Consumer,Furniture,Headphones,3,799,0,2397,677.18
1104,ORD01104,11-01-2024,East,,Consumer,Furniture,Laptop,2,99,0.05,188.1,25.86
1105,ORD01105,11-03-2025,South,CUST1415,Home Office,Office Supplies,Laptop,1,99,0,99,10.41
1106,ORD01106,13-01-2024,East,,Home Office,Office Supplies,Chair,7,149,0,1043,148.14
1107,ORD01107,08-06-2024,East,,Consumer,Electronics,Phone,9,149,0.05,1273.95,344.76
1108,ORD01108,20-12-2024,WEST,,Home Office,Furniture,Desk,9,149,0.05,1273.95,229.23
1109,ORD01109,21-07-2025,East,,Home Office,Furniture,Phone,3,799,0.15,2037.45,470.42
1110,ORD01110,10-06-2024,North,,Corporate,Furniture,Headphones,4,999,0.05,3796.2,524.16
1111,ORD01111,06-01-2024,North,,Corporate,Office Supplies,Headphones,7,999,0.15,5944.05,1438.3
1112,ORD01112,05-10-2024,north,CUST2110,Home Office,Office Supplies,Printer,3,799,0.15,2037.45,547.62
1113,ORD01113,19-07-2025,West,CUST2523,Home Office,Office Supplies,Tablet,8,99,0.1,712.8,84.61
1114,ORD01114,19-10-2024,East,,Corporate,Electronics,Printer,2,99,0.05,188.1,55.16
1115,ORD01115,28-01-2024,South,,Consumer,Furniture,Desk,9,499,0,4491,693.99
1116,ORD01116,07-11-2025,South,CUST1953,Consumer,Furniture,Tablet,10,149,0.05,1415.5,422.54
1117,ORD01117,24-05-2024,East,,Corporate,Furniture,Chair,3,199,,597,51.74
1118,ORD01118,31-01-2024,South,,Home Office,Office Supplies,Monitor,,499,0,499,65.43
1119,ORD01119,29-12-2024,East,,Home Office,Furniture,Monitor,4,199,0,796,156.17
1120,ORD01120,05-06-2025,East,CUST1449,Consumer,Office Supplies,Desk,5,,0.15,845.75,116.38
1121,ORD01121,12-03-2024,South,,Consumer,Electronics,Tablet,6,199,0.05,1134.3,184.03
1122,ORD01122,20-04-2025,South,,Corporate,Office Supplies,Headphones,2,149,0.05,283.1,83.4
1123,ORD01123,17-06-2024,East,,Home Office,Electronics,Desk,8,999,0,7992,428.05
1124,ORD01124,01-07-2024,North,,Corporate,Furniture,Monitor,8,,0,1592,146.94
1125,ORD01125,15-10-2025,WEST,CUST2931,Home Office,Furniture,Tablet,3,149,,447,96.66
1126,ORD01126,12-01-2024,WEST,,Corporate,Electronics,Monitor,5,299,0.15,1270.75,221.12
1127,ORD01127,04-02-2024,north,,Home Office,Office Supplies,Phone,9,499,0.05,4266.45,842.06
1128,ORD01128,03-12-2025,north,CUST2151,Corporate,Furniture,Monitor,8,299,0,2392,275.87
1129,ORD01129,31-05-2025,North,,Consumer,Electronics,Monitor,3,299,0.1,807.3,133.22
1130,ORD01130,22-03-2025,north,,Corporate,Furniture,Phone,10,799,,7990,1760.04
1131,ORD01131,29-06-2025,north,CUST2457,Home Office,Electronics,Phone,1,799,0,799,85.01
1132,ORD01132,03-10-2024,north,,Home Office,Electronics,Monitor,6,299,0.1,1614.6,401.24
1133,ORD01133,22-09-2025,West,CUST1976,Consumer,Furniture,Phone,3,299,,897,164.86
1134,ORD01134,24-06-2025,North,,Consumer,Office Supplies,Monitor,6,199,0.15,1014.9,95.57
1135,ORD01135,10-11-2025,North,CUST2891,Home Office,Electronics,Monitor,5,199,0.15,845.75,59.44
1136,ORD01136,07-09-2024,WEST,,Consumer,Electronics,Desk,6,199,,1194,222.63
1137,ORD01137,24-12-2025,West,CUST2785,Corporate,Furniture,Tablet,5,499,0.05,2370.25,358.58
1138,ORD01138,22-07-2025,North,,Home Office,Office Supplies,Chair,5,499,0,2495,655.27
1139,ORD01139,31-01-2025,WEST,CUST2838,Home Office,Office Supplies,Headphones,7,999,0.1,6293.7,772.98
1140,ORD01140,12-03-2025,WEST,CUST2696,Consumer,Furniture,Tablet,2,499,,998,84.02
1141,ORD01141,05-01-2024,WEST,CUST1965,Consumer,Electronics,Chair,6,999,0,5994,1625.84
1142,ORD01142,15-08-2024,West,,Consumer,Furniture,Desk,1,799,0.15,679.15,89.26
1143,ORD01143,22-05-2024,WEST,CUST1023,Consumer,Electronics,Chair,8,499,0.15,3393.2,480.33
1144,ORD01144,08-07-2024,East,CUST1472,Home Office,Furniture,Laptop,4,149,0.1,536.4,84.34
1145,ORD01145,20-08-2025,north,,Consumer,Electronics,Monitor,9,299,0.15,2287.35,350.69
1146,ORD01146,27-11-2024,South,,Corporate,Office Supplies,Tablet,7,149,0.1,938.7,47.51
1147,ORD01147,27-10-2024,north,,Home Office,Office Supplies,Laptop,2,199,,398,31.46
1148,ORD01148,17-01-2025,West,CUST2434,Home Office,Office Supplies,Monitor,6,199,0.15,1014.9,210.11
1149,ORD01149,10-06-2025,WEST,,Home Office,Furniture,Headphones,2,999,0.05,1898.1,310.34
1150,ORD01150,16-12-2025,north,,Home Office,Furniture,Laptop,9,499,,4491,1020.94
1151,ORD01151,21-08-2024,West,CUST2255,Corporate,Office Supplies,Chair,8,999,,7992,452.1
1152,ORD01152,30-05-2024,WEST,,Home Office,Office Supplies,Desk,3,999,0,2997,670.36
1153,ORD01153,09-07-2025,South,,Corporate,Furniture,Desk,8,299,0,2392,256.43
1154,ORD01154,21-11-2024,East,,Consumer,Electronics,Headphones,5,299,0.05,1420.25,239.37
1155,ORD01155,24-11-2024,north,CUST2054,Corporate,Furniture,Desk,10,149,0,1490,237.32
1156,ORD01156,06-02-2025,East,,Consumer,Office Supplies,Desk,1,99,0.1,89.1,8.8
1157,ORD01157,29-01-2024,East,,Corporate,Electronics,Headphones,7,799,0.05,5313.35,492.7
1158,ORD01158,23-12-2025,north,,Home Office,Furniture,Chair,10,99,0.05,940.5,90.72
1159,ORD01159,20-08-2024,North,,Consumer,Furniture,Chair,6,799,0,4794,1389.79
1160,ORD01160,17-03-2025,North,CUST1451,Consumer,Furniture,Monitor,2,799,,1598,125.63
1161,ORD01161,27-09-2024,north,CUST2164,Corporate,Electronics,Chair,5,299,0.1,1345.5,135.22
1162,ORD01162,21-04-2024,West,,Home Office,Electronics,Printer,2,999,,1998,508.12
1163,ORD01163,26-02-2024,South,,Corporate,Furniture,Desk,2,799,0.1,1438.2,261.89
1164,ORD01164,03-02-2024,north,,Home Office,Office Supplies,Phone,3,999,0,2997,180.96
1165,ORD01165,10-03-2025,East,,Home Office,Office Supplies,Desk,9,299,0,2691,451.71
1166,ORD01166,19-09-2024,WEST,,Corporate,Electronics,Laptop,6,799,0.15,4074.9,276.93
1167,ORD01167,21-12-2024,West,,Corporate,Furniture,Chair,5,299,0.05,1420.25,350.6
1168,ORD01168,14-07-2025,north,,Home Office,Office Supplies,Tablet,1,999,0.15,849.15,173.94
1169,ORD01169,30-04-2025,South,CUST2577,Home Office,Office Supplies,Headphones,7,799,0.05,5313.35,1399.9
1170,ORD01170,02-01-2024,West,,Corporate,Office Supplies,Tablet,9,99,0.15,757.35,45.18
1171,ORD01171,08-03-2025,North,CUST1323,Home Office,Furniture,Laptop,1,299,0.05,284.05,47.37
1172,ORD01172,17-12-2025,North,,Corporate,Office Supplies,Laptop,9,499,0.05,4266.45,1047.29
1173,ORD01173,15-05-2024,North,,Home Office,Office Supplies,Printer,7,149,0,1043,125.45
1174,ORD01174,02-12-2025,North,,Consumer,Furniture,Desk,7,499,,3493,867.01
1175,ORD01175,03-08-2025,North,CUST2163,Corporate,Electronics,Desk,6,99,,594,140.48
1176,ORD01176,21-07-2025,North,,Corporate,Furniture,Tablet,1,999,,999,70.33
1177,ORD01177,14-05-2024,South,,Home Office,Office Supplies,Tablet,10,299,0.15,2541.5,586.16
1178,ORD01178,19-03-2025,West,,Home Office,Furniture,Laptop,5,799,0.05,3795.25,946.85
1179,ORD01179,13-10-2024,North,,Consumer,Office Supplies,Monitor,2,99,0.15,168.3,11.65
1180,ORD01180,05-08-2025,North,CUST2421,Corporate,Electronics,Desk,10,299,0.1,2691,327.71
1181,ORD01181,18-11-2025,West,,Home Office,Office Supplies,Desk,9,999,0,8991,865.74
1182,ORD01182,10-04-2025,West,,Home Office,Electronics,Phone,4,499,0.1,1796.4,254.9
1183,ORD01183,23-09-2024,West,CUST2047,Home Office,Electronics,Headphones,9,799,0.1,6471.9,1562.27
1184,ORD01184,01-08-2024,South,,Home Office,Furniture,Desk,6,149,0.15,759.9,99.63
1185,ORD01185,27-02-2024,West,CUST2268,Consumer,Furniture,Chair,8,199,,1592,340.02
1186,ORD01186,05-10-2025,South,,Corporate,Electronics,Headphones,10,99,0.05,940.5,149.41
1187,ORD01187,12-11-2025,East,,Home Office,Furniture,Headphones,4,199,0,796,158.22
1188,ORD01188,19-04-2024,South,CUST1697,Home Office,Electronics,Phone,10,199,0.15,1691.5,351.09
1189,ORD01189,08-12-2024,South,CUST1117,Consumer,Furniture,Tablet,8,799,0.15,5433.2,909.24
1190,ORD01190,26-04-2024,West,,Consumer,Electronics,Printer,7,999,0.1,6293.7,1333.55
1191,ORD01191,31-12-2024,North,,Consumer,Furniture,Laptop,3,99,0.1,267.3,75.6
1192,ORD01192,07-10-2024,North,,Consumer,Electronics,Monitor,5,99,0.05,470.25,70.77
1193,ORD01193,14-05-2024,WEST,CUST1596,Home Office,Furniture,Headphones,6,999,0,5994,1306.66
1194,ORD01194,18-08-2024,West,,Corporate,Furniture,Printer,5,799,0.1,3595.5,615.67
1195,ORD01195,11-12-2024,north,,Consumer,Office Supplies,Monitor,2,299,0.15,508.3,136.29
1196,ORD01196,11-01-2024,South,CUST2493,Consumer,Furniture,Laptop,7,149,0.05,990.85,70.16
1197,ORD01197,13-08-2024,WEST,CUST2200,Home Office,Electronics,Phone,2,199,0.1,358.2,50.28
1198,ORD01198,18-01-2024,South,CUST2025,Consumer,Electronics,Desk,5,99,0.05,470.25,102.15
1199,ORD01199,21-07-2025,north,,Home Office,Furniture,Phone,10,99,0.1,891,59.74
1200,ORD01200,26-02-2025,South,,Corporate,Office Supplies,Phone,7,199,0.1,1253.7,226.69
1201,ORD01201,06-03-2025,West,CUST2015,Consumer,Electronics,Laptop,3,199,0.15,507.45,81.35
1202,ORD01202,01-06-2024,north,,Corporate,Office Supplies,Chair,1,199,0,199,48.82
1203,ORD01203,03-11-2024,north,,Consumer,Furniture,Phone,,149,0.1,134.1,15.3
1204,ORD01204,18-03-2024,West,,Consumer,Furniture,Phone,4,199,0.1,716.4,66.69
1205,ORD01205,04-08-2025,north,,Corporate,Furniture,Printer,3,499,0.05,1422.15,272.83
1206,ORD01206,06-10-2025,South,,Consumer,Furniture,Laptop,7,499,0,3493,297.13
1207,ORD01207,23-11-2024,WEST,,Corporate,Office Supplies,Phone,10,199,0.15,1691.5,361.73
1208,ORD01208,18-09-2024,West,,Corporate,Furniture,Laptop,7,999,0.15,5944.05,487.3
1209,ORD01209,02-10-2024,West,,Home Office,Office Supplies,Printer,5,,,2495,212.56
1210,ORD01210,14-12-2024,WEST,,Consumer,Electronics,Monitor,6,799,0.1,4314.6,1090.53
1211,ORD01211,01-06-2025,South,,Corporate,Office Supplies,Chair,3,499,,1497,214.65
1212,ORD01212,23-12-2024,South,,Corporate,Electronics,Headphones,3,149,0.05,424.65,85.5
1213,ORD01213,26-07-2025,north,,Consumer,Furniture,Laptop,10,799,0.1,7191,2105.06
1214,ORD01214,21-09-2024,South,,Consumer,Furniture,Printer,3,199,,597,175.44
1215,ORD01215,17-04-2024,WEST,,Consumer,Furniture,Desk,6,99,0.15,504.9,135.93
1216,ORD01216,05-03-2025,South,CUST1338,Consumer,Electronics,Tablet,6,,,5994,1459.98
1217,ORD01217,03-04-2024,West,,Corporate,Electronics,Headphones,1,499,0.15,424.15,63.49
1218,ORD01218,25-02-2024,South,,Home Office,Furniture,Laptop,7,999,0.15,5944.05,1386.77
1219,ORD01219,12-12-2025,West,CUST1611,Corporate,Office Supplies,Headphones,5,99,0.15,420.75,59.23
1220,ORD01220,04-04-2025,WEST,,Corporate,Electronics,Chair,5,199,0.05,945.25,47.54
1221,ORD01221,24-11-2025,north,CUST1445,Consumer,Office Supplies,Tablet,5,999,0.1,4495.5,933.03
1222,ORD01222,29-06-2025,South,,Home Office,Electronics,Chair,3,499,0.1,1347.3,349.74
1223,ORD01223,17-06-2025,South,,Home Office,Electronics,Desk,2,149,0.05,283.1,17.49
1224,ORD01224,30-08-2025,South,,Corporate,Office Supplies,Monitor,9,999,0.15,7642.35,849.31
1225,ORD01225,28-05-2025,north,CUST2126,Corporate,Electronics,Laptop,9,199,0,1791,234.3
1226,ORD01226,23-08-2025,North,CUST2843,Home Office,Office Supplies,Printer,10,149,0.05,1415.5,85.03
1227,ORD01227,15-04-2024,north,,Home Office,Furniture,Monitor,10,199,0.05,1890.5,218.17
1228,ORD01228,06-12-2025,West,CUST1399,Consumer,Office Supplies,Tablet,2,199,0.05,378.1,40.99
1229,ORD01229,13-07-2025,West,,Home Office,Electronics,Desk,6,999,,5994,1583.36
1230,ORD01230,28-03-2025,East,,Consumer,Furniture,Desk,4,999,,3996,497.91
1231,ORD01231,24-06-2025,East,,Corporate,Electronics,Phone,4,299,0.05,1136.2,209.49
1232,ORD01232,11-12-2025,West,,Corporate,Office Supplies,Phone,1,999,,999,204.71
1233,ORD01233,15-08-2024,north,,Corporate,Electronics,Phone,9,999,0.1,8091.9,564.11
1234,ORD01234,22-12-2024,WEST,CUST1789,Consumer,Furniture,Monitor,6,199,0.1,1074.6,105.5
1235,ORD01235,13-03-2024,West,,Corporate,Furniture,Printer,3,99,,297,32.3
1236,ORD01236,06-01-2025,West,,Consumer,Electronics,Tablet,4,199,0.1,716.4,211.96
1237,ORD01237,18-03-2024,East,CUST2415,Home Office,Furniture,Phone,5,499,0,2495,474.68
1238,ORD01238,14-05-2024,West,,Consumer,Furniture,Desk,6,499,0.1,2694.6,669.43
1239,ORD01239,26-05-2024,north,,Consumer,Electronics,Chair,9,999,0.15,7642.35,687.88
1240,ORD01240,05-11-2024,East,,Consumer,Electronics,Chair,2,999,0.1,1798.2,430.16
1241,ORD01241,20-10-2025,WEST,,Corporate,Furniture,Printer,3,999,0,2997,417.25
1242,ORD01242,08-01-2025,North,CUST1806,Home Office,Electronics,Monitor,1,99,0.15,84.15,12.46
1243,ORD01243,23-06-2024,East,,Corporate,Electronics,Phone,4,799,0.15,2716.6,608.83
1244,ORD01244,02-10-2024,north,CUST1559,Corporate,Office Supplies,Monitor,9,99,0.1,801.9,69.47
1245,ORD01245,29-07-2024,north,,Corporate,Office Supplies,Chair,1,99,0.15,84.15,12.94
1246,ORD01246,11-06-2025,WEST,,Home Office,Furniture,Chair,2,299,0,598,92.83
1247,ORD01247,16-02-2024,north,CUST1308,Consumer,Office Supplies,Phone,2,999,,1998,494.17
1248,ORD01248,17-06-2025,WEST,,Consumer,Office Supplies,Laptop,6,799,,4794,889.65
1249,ORD01249,06-11-2025,South,,Corporate,Electronics,Desk,10,199,0.05,1890.5,220.12
1250,ORD01250,01-09-2025,South,,Home Office,Office Supplies,Tablet,9,499,0.1,4041.9,559.7
1251,ORD01251,14-06-2024,north,CUST1068,Consumer,Furniture,Phone,4,199,0,796,170.46
1252,ORD01252,23-06-2025,West,CUST1777,Home Office,Furniture,Monitor,6,149,0.15,759.9,224.03
1253,ORD01253,14-01-2025,West,CUST1840,Consumer,Furniture,Chair,4,999,0.15,3396.6,259.01
1254,ORD01254,05-11-2024,WEST,,Corporate,Furniture,Phone,4,499,0.05,1896.2,175.3
1255,ORD01255,10-09-2024,north,,Corporate,Electronics,Tablet,3,299,,897,85.58
1256,ORD01256,12-01-2025,West,,Corporate,Electronics,Phone,6,999,,5994,920.88
1257,ORD01257,25-10-2024,South,,Consumer,Electronics,Printer,5,299,0.1,1345.5,391.29
1258,ORD01258,04-12-2025,South,CUST2358,Home Office,Furniture,Tablet,2,99,0.05,188.1,37.57
1259,ORD01259,27-04-2025,north,,Consumer,Furniture,Laptop,10,99,0.1,891,211.24
1260,ORD01260,09-06-2025,East,CUST2021,Corporate,Electronics,Printer,5,299,0.15,1270.75,221.74
1261,ORD01261,11-11-2024,West,,Consumer,Electronics,Printer,3,299,0,897,202.2
1262,ORD01262,13-03-2024,West,,Corporate,Electronics,Tablet,1,299,0.05,284.05,17.94
1263,ORD01263,29-10-2025,East,,Corporate,Office Supplies,Tablet,6,999,0,5994,1097.61
1264,ORD01264,28-10-2025,North,,Consumer,Furniture,Desk,6,199,0.15,1014.9,293.07
1265,ORD01265,23-04-2025,WEST,CUST2464,Home Office,Furniture,Printer,7,99,0,693,39.16
1266,ORD01266,11-09-2024,north,CUST2700,Corporate,Furniture,Chair,5,799,0,3995,526.1
1267,ORD01267,06-10-2024,South,,Consumer,Office Supplies,Phone,3,199,0.05,567.15,129.32
1268,ORD01268,12-11-2025,WEST,,Home Office,Office Supplies,Headphones,7,99,,693,175.78
1269,ORD01269,23-07-2025,WEST,,Home Office,Electronics,Laptop,7,149,0.1,938.7,183.24
1270,ORD01270,13-01-2024,north,,Consumer,Office Supplies,Chair,4,499,,1996,103.5
1271,ORD01271,03-04-2025,South,CUST2484,Consumer,Office Supplies,Desk,8,,,792,74.07
1272,ORD01272,26-04-2025,South,,Corporate,Office Supplies,Monitor,5,499,0.15,2120.75,571.67
1273,ORD01273,12-05-2025,WEST,CUST2881,Consumer,Electronics,Chair,1,999,0.15,849.15,67.04
1274,ORD01274,01-04-2025,north,,Consumer,Electronics,Chair,1,799,0.1,719.1,207.31
1275,ORD01275,19-12-2024,West,,Corporate,Furniture,Printer,8,299,0.15,2033.2,390.75
1276,ORD01276,24-06-2025,North,,Consumer,Office Supplies,Monitor,4,999,0.05,3796.2,568.55
1277,ORD01277,15-11-2025,WEST,,Home Office,Electronics,Printer,7,799,0.15,4754.05,563.12
1278,ORD01278,15-04-2025,North,,Home Office,Furniture,Desk,1,99,0.05,94.05,15.76
1279,ORD01279,09-10-2024,South,CUST2656,Home Office,Office Supplies,Tablet,2,149,0.15,253.3,64.05
1280,ORD01280,28-01-2024,WEST,,Home Office,Electronics,Desk,2,799,0,1598,303.96
1281,ORD01281,12-10-2025,South,,Consumer,Electronics,Headphones,5,149,0.05,707.75,163.15
1282,ORD01282,28-09-2025,West,,Consumer,Furniture,Phone,7,999,0.05,6643.35,1834.68
1283,ORD01283,03-09-2024,North,,Consumer,Electronics,Monitor,6,,0.15,1014.9,255.97
1284,ORD01284,23-01-2025,North,,Consumer,Electronics,Chair,9,199,0.05,1701.45,429.1
1285,ORD01285,18-07-2025,South,,Corporate,Electronics,Desk,3,99,0.05,282.15,72.9
1286,ORD01286,12-02-2025,South,,Corporate,Furniture,Chair,6,149,0.1,804.6,147.02
1287,ORD01287,17-05-2024,WEST,,Corporate,Electronics,Monitor,1,799,,799,51.04
1288,ORD01288,18-12-2025,West,CUST1036,Corporate,Furniture,Chair,1,999,0.15,849.15,150.61
1289,ORD01289,23-11-2025,north,,Home Office,Electronics,Tablet,4,199,0.1,716.4,186.84
1290,ORD01290,16-05-2025,WEST,,Home Office,Office Supplies,Headphones,3,799,0.15,2037.45,155.6
1291,ORD01291,27-08-2024,WEST,,Corporate,Electronics,Phone,4,149,,596,153.34
1292,ORD01292,20-06-2025,South,,Consumer,Office Supplies,Monitor,8,999,0.15,6793.2,1892.6
1293,ORD01293,30-03-2025,north,,Home Office,Electronics,Headphones,7,799,,5593,621.22
1294,ORD01294,27-02-2025,North,CUST1190,Home Office,Electronics,Desk,1,799,,799,58.88
1295,ORD01295,26-07-2025,South,,Corporate,Furniture,Headphones,10,199,,1990,117.56
1296,ORD01296,24-11-2025,north,,Consumer,Office Supplies,Laptop,10,799,0.1,7191,2132.17
1297,ORD01297,02-03-2024,West,,Corporate,Furniture,Laptop,9,499,0.05,4266.45,665.99
1298,ORD01298,22-06-2025,WEST,,Corporate,Office Supplies,Monitor,7,999,0,6993,1325.59
1299,ORD01299,19-08-2024,East,,Corporate,Office Supplies,Chair,8,149,0.1,1072.8,192.63
1300,ORD01300,08-02-2025,WEST,,Corporate,Office Supplies,Phone,7,199,,1393,250.58
1301,ORD01301,12-02-2025,north,,Corporate,Office Supplies,Phone,2,149,0.05,283.1,17.14
1302,ORD01302,07-01-2025,East,CUST1099,Consumer,Electronics,Laptop,2,799,0.05,1518.1,94.43
1303,ORD01303,06-04-2025,West,CUST2315,Home Office,Office Supplies,Phone,7,299,,2093,417.8
1304,ORD01304,02-11-2025,north,CUST1551,Corporate,Office Supplies,Laptop,2,299,,598,176.6
1305,ORD01305,23-11-2024,North,,Home Office,Electronics,Monitor,4,799,0,3196,800.8
1306,ORD01306,17-05-2024,WEST,,Home Office,Furniture,Phone,5,199,,995,83.64
1307,ORD01307,01-11-2025,West,CUST2066,Home Office,Electronics,Desk,2,199,0,398,88.25
1308,ORD01308,18-07-2025,North,,Corporate,Furniture,Desk,9,199,0.1,1611.9,371.17
1309,ORD01309,08-05-2025,north,,Consumer,Furniture,Chair,3,149,0.05,424.65,94.28
1310,ORD01310,16-03-2025,West,CUST1303,Corporate,Office Supplies,Phone,1,499,0,499,113.82
1311,ORD01311,06-06-2025,north,,Home Office,Furniture,Phone,10,199,,1990,105.87
1312,ORD01312,01-10-2024,South,,Home Office,Furniture,Phone,8,799,0.1,5752.8,802.82
1313,ORD01313,26-02-2024,West,,Corporate,Electronics,Printer,1,299,0.1,269.1,34.63
1314,ORD01314,22-10-2025,north,,Consumer,Furniture,Monitor,5,149,0.15,633.25,38.42
1315,ORD01315,12-02-2024,East,,Consumer,Electronics,Phone,1,299,0.1,269.1,39.44
1316,ORD01316,01-05-2024,WEST,,Home Office,Electronics,Chair,4,199,0.15,676.6,145.92
1317,ORD01317,26-08-2024,West,,Corporate,Furniture,Chair,4,999,0,3996,990.06
1318,ORD01318,24-08-2025,North,,Home Office,Electronics,Phone,10,499,0,4990,978.45
1319,ORD01319,17-11-2025,North,,Home Office,Furniture,Headphones,6,199,0.15,1014.9,197.77
1320,ORD01320,31-07-2025,North,CUST2775,Corporate,Electronics,Printer,9,499,0.1,4041.9,534.91
1321,ORD01321,19-08-2024,WEST,CUST2120,Home Office,Furniture,Phone,2,99,0,198,53.26
1322,ORD01322,03-01-2025,East,,Consumer,Office Supplies,Printer,1,199,,199,35.4
1323,ORD01323,18-10-2024,West,CUST1956,Consumer,Furniture,Phone,10,149,0.15,1266.5,80.27
1324,ORD01324,24-08-2024,West,,Corporate,Electronics,Chair,,799,0.1,3595.5,337.92
1325,ORD01325,24-12-2024,West,CUST1221,Home Office,Furniture,Monitor,5,199,0.1,895.5,140.41
1326,ORD01326,13-06-2024,WEST,,Consumer,Office Supplies,Headphones,8,499,0.05,3792.4,353.44
1327,ORD01327,20-07-2024,North,CUST1541,Consumer,Furniture,Tablet,5,149,0,745,101.32
1328,ORD01328,26-12-2024,WEST,,Corporate,Electronics,Chair,8,999,0.1,7192.8,853.59
1329,ORD01329,30-10-2025,West,CUST2297,Consumer,Electronics,Laptop,9,999,0,8991,1644.06
1330,ORD01330,24-02-2024,north,CUST2631,Home Office,Office Supplies,Printer,10,799,,7990,1427.3
1331,ORD01331,14-11-2025,East,,Home Office,Office Supplies,Monitor,5,99,0.15,420.75,62.92
1332,ORD01332,09-06-2025,north,,Home Office,Furniture,Printer,9,199,0,1791,147.16
1333,ORD01333,29-07-2025,north,,Corporate,Office Supplies,Monitor,1,199,,199,41.8
1334,ORD01334,25-08-2024,North,,Consumer,Furniture,Chair,5,199,0.05,945.25,242.84
1335,ORD01335,08-05-2025,South,,Home Office,Electronics,Tablet,1,499,0,499,49.29
1336,ORD01336,26-08-2025,north,CUST2603,Corporate,Electronics,Desk,3,799,0.05,2277.15,402.73
1337,ORD01337,10-12-2025,East,,Corporate,Electronics,Phone,9,799,0.15,6112.35,1148.47
1338,ORD01338,29-06-2025,North,,Home Office,Office Supplies,Phone,8,99,0.05,752.4,186.46
1339,ORD01339,27-12-2025,North,,Corporate,Furniture,Chair,8,799,0.05,6072.4,1351.37
1340,ORD01340,18-08-2024,North,CUST1578,Corporate,Electronics,Headphones,7,99,0.15,589.05,54.64
1341,ORD01341,27-01-2025,West,CUST2440,Consumer,Electronics,Desk,1,199,,199,58.87
1342,ORD01342,16-01-2025,WEST,,Consumer,Electronics,Chair,3,499,0.15,1272.45,262.95
1343,ORD01343,19-09-2025,WEST,,Home Office,Electronics,Phone,1,999,0.15,849.15,196.99
1344,ORD01344,16-10-2025,West,,Home Office,Electronics,Headphones,1,99,0.1,89.1,11.02
1345,ORD01345,22-08-2024,South,,Home Office,Office Supplies,Laptop,,299,0.05,568.1,83.53
1346,ORD01346,20-08-2024,north,,Corporate,Furniture,Desk,1,199,0.15,169.15,11.26
1347,ORD01347,25-07-2025,East,,Home Office,Electronics,Laptop,4,149,,596,46.37
1348,ORD01348,06-04-2024,north,CUST2032,Home Office,Electronics,Monitor,10,99,0.05,940.5,128.34
1349,ORD01349,10-11-2025,North,CUST2173,Home Office,Furniture,Phone,5,499,0.1,2245.5,446.94
1350,ORD01350,19-09-2025,north,CUST1982,Corporate,Office Supplies,Monitor,6,799,0,4794,461.79
1351,ORD01351,29-07-2025,North,,Home Office,Electronics,Headphones,9,99,0.15,757.35,123.77
1352,ORD01352,12-11-2024,East,,Home Office,Furniture,Laptop,4,199,0.15,676.6,119.96
1353,ORD01353,30-01-2025,north,,Home Office,Office Supplies,Laptop,1,149,0.1,134.1,29.94
1354,ORD01354,15-02-2025,North,,Consumer,Electronics,Monitor,4,99,0.1,356.4,37.51
1355,ORD01355,28-04-2025,WEST,,Home Office,Electronics,Tablet,1,,0,799,43.91
1356,ORD01356,10-09-2024,West,,Corporate,Office Supplies,Desk,4,999,0.05,3796.2,758.02
1357,ORD01357,23-02-2024,WEST,CUST1710,Home Office,Office Supplies,Phone,8,799,0,6392,426.68
1358,ORD01358,06-01-2024,West,,Corporate,Furniture,Phone,5,999,0,4995,422.54
1359,ORD01359,13-09-2024,WEST,,Consumer,Electronics,Tablet,5,999,0.1,4495.5,1070.98
1360,ORD01360,24-02-2025,South,CUST2500,Corporate,Furniture,Headphones,4,199,0.15,676.6,163.05
1361,ORD01361,26-02-2024,West,,Consumer,Furniture,Headphones,1,499,0.15,424.15,85.36
1362,ORD01362,25-09-2025,north,,Home Office,Furniture,Headphones,8,799,,6392,1815.34
1363,ORD01363,02-11-2024,north,,Consumer,Furniture,Chair,9,149,0,1341,240.82
1364,ORD01364,27-09-2024,north,,Home Office,Office Supplies,Chair,8,799,0.05,6072.4,1017.2
1365,ORD01365,22-09-2024,South,,Consumer,Furniture,Headphones,9,149,0.1,1206.9,203.24
1366,ORD01366,30-03-2025,WEST,CUST1550,Corporate,Electronics,Desk,3,799,,2397,311.27
1367,ORD01367,21-11-2025,West,CUST1230,Consumer,Electronics,Desk,10,499,0.05,4740.5,395.65
1368,ORD01368,17-02-2024,north,,Consumer,Office Supplies,Laptop,1,499,0,499,97.98
1369,ORD01369,27-10-2025,North,,Consumer,Office Supplies,Headphones,4,299,0,1196,318.17
1370,ORD01370,28-07-2024,West,,Home Office,Furniture,Phone,1,99,0.1,89.1,9.44
1371,ORD01371,17-03-2025,East,,Consumer,Electronics,Chair,1,999,0.05,949.05,261.23
1372,ORD01372,27-11-2025,East,,Consumer,Furniture,Chair,7,149,0.05,990.85,213.04
1373,ORD01373,10-06-2025,North,,Home Office,Office Supplies,Laptop,7,999,0.05,6643.35,1474.13
1374,ORD01374,03-05-2024,South,,Consumer,Electronics,Tablet,6,299,0.15,1524.9,403.9
1375,ORD01375,22-10-2025,West,,Corporate,Office Supplies,Chair,9,199,,1791,456.88
1376,ORD01376,20-08-2025,WEST,CUST2708,Consumer,Furniture,Desk,4,299,0.05,1136.2,103.25
1377,ORD01377,25-05-2025,South,,Consumer,Office Supplies,Phone,8,99,0.1,712.8,139.34
1378,ORD01378,31-12-2024,West,,Home Office,Office Supplies,Tablet,3,799,0.15,2037.45,140.6
1379,ORD01379,21-11-2024,East,,Corporate,Furniture,Phone,1,199,0,199,22.78
1380,ORD01380,20-03-2024,North,,Home Office,Office Supplies,Desk,3,149,0.1,402.3,39.85
1381,ORD01381,24-04-2024,north,CUST2893,Consumer,Office Supplies,Phone,4,199,0.05,756.2,175.14
1382,ORD01382,22-11-2025,north,,Corporate,Electronics,Tablet,6,999,0.15,5094.9,546.08
1383,ORD01383,22-11-2024,north,,Consumer,Electronics,Desk,7,499,0.05,3318.35,323.72
1384,ORD01384,16-05-2024,South,,Consumer,Electronics,Monitor,9,149,0.15,1139.85,200.57
1385,ORD01385,18-04-2025,North,,Consumer,Electronics,Phone,8,499,0,3992,416.67
1386,ORD01386,12-12-2025,East,,Home Office,Office Supplies,Tablet,5,149,0.05,707.75,137.46
1387,ORD01387,28-04-2025,East,CUST1943,Corporate,Office Supplies,Monitor,5,149,0.1,670.5,139.48
1388,ORD01388,18-08-2024,North,,Home Office,Office Supplies,Headphones,7,999,0.1,6293.7,1548.91
1389,ORD01389,14-07-2025,West,CUST2473,Home Office,Office Supplies,Chair,8,999,0.1,7192.8,1765.01
1390,ORD01390,08-03-2025,North,,Home Office,Office Supplies,Monitor,3,149,0.15,379.95,97.85
1391,ORD01391,31-12-2024,North,CUST1674,Corporate,Furniture,Chair,4,499,,1996,514.45
1392,ORD01392,20-02-2025,East,CUST2370,Corporate,Furniture,Chair,1,199,,199,30.63
1393,ORD01393,19-10-2024,West,,Consumer,Electronics,Laptop,9,99,0.1,801.9,98.08
1394,ORD01394,17-10-2024,South,CUST2449,Home Office,Electronics,Printer,2,199,0,398,100.73
1395,ORD01395,08-04-2024,North,,Home Office,Electronics,Laptop,3,999,0.1,2697.3,457.79
1396,ORD01396,25-10-2024,West,,Corporate,Furniture,Chair,4,299,0.15,1016.6,282.77
1397,ORD01397,25-07-2024,North,,Home Office,Electronics,Chair,5,149,0,745,206.03
1398,ORD01398,16-03-2025,East,,Corporate,Office Supplies,Printer,4,149,0.05,566.2,107.72
1399,ORD01399,06-09-2024,North,,Corporate,Electronics,Laptop,7,99,0.15,589.05,64.66
1400,ORD01400,03-05-2025,East,CUST1416,Consumer,Electronics,Tablet,3,499,0.15,1272.45,175.6
1401,ORD01401,26-11-2025,East,CUST2432,Consumer,Office Supplies,Phone,4,199,0.15,676.6,62.53
1402,ORD01402,12-06-2025,north,CUST1088,Home Office,Office Supplies,Desk,1,299,0.15,254.15,56.74
1403,ORD01403,04-01-2025,West,CUST1976,Consumer,Furniture,Tablet,2,499,,998,184.75
1404,ORD01404,01-02-2024,East,,Home Office,Electronics,Printer,1,499,0.15,424.15,87.94
1405,ORD01405,25-10-2025,South,CUST1822,Home Office,Office Supplies,Headphones,4,99,0.05,376.2,97.37
1406,ORD01406,26-07-2024,East,CUST1019,Consumer,Office Supplies,Printer,5,999,0.1,4495.5,554.63
1407,ORD01407,09-07-2024,WEST,,Consumer,Electronics,Printer,7,499,,3493,676.02
1408,ORD01408,22-09-2024,East,,Corporate,Furniture,Headphones,4,299,0.05,1136.2,323.72
1409,ORD01409,17-10-2025,north,,Consumer,Office Supplies,Printer,8,199,0.1,1432.8,277.33
1410,ORD01410,22-11-2024,West,,Home Office,Furniture,Desk,7,149,0.1,938.7,62.36
1411,ORD01411,02-08-2024,WEST,,Home Office,Furniture,Desk,7,499,0.05,3318.35,431.44
1412,ORD01412,13-01-2024,South,CUST2368,Corporate,Furniture,Monitor,,799,0.15,2037.45,122.73
1413,ORD01413,02-03-2025,West,CUST1248,Corporate,Office Supplies,Tablet,3,999,0.15,2547.45,547.64
1414,ORD01414,06-08-2024,South,,Consumer,Furniture,Printer,8,299,0.1,2152.8,390.77
1415,ORD01415,26-06-2025,North,,Home Office,Office Supplies,Phone,,499,0.05,2370.25,553.97
1416,ORD01416,01-06-2025,West,,Home Office,Electronics,Chair,6,149,0.1,804.6,141.55
1417,ORD01417,24-08-2025,north,,Home Office,Furniture,Tablet,,149,0.1,402.3,60.18
1418,ORD01418,02-10-2024,South,CUST1379,Consumer,Electronics,Chair,2,149,0.05,283.1,29.69
1419,ORD01419,18-07-2025,East,,Home Office,Electronics,Printer,10,499,0.15,4241.5,574.88
1420,ORD01420,29-01-2025,South,,Consumer,Electronics,Monitor,5,99,0,495,83.01
1421,ORD01421,13-12-2024,East,,Home Office,Electronics,Tablet,2,99,0.05,188.1,11.72
1422,ORD01422,23-03-2024,WEST,,Consumer,Office Supplies,Headphones,4,149,,596,80.51
1423,ORD01423,30-05-2025,north,CUST1547,Corporate,Electronics,Printer,7,299,,2093,577.36
1424,ORD01424,21-07-2024,South,,Consumer,Furniture,Laptop,9,999,0.1,8091.9,1336.87
1425,ORD01425,05-04-2024,North,CUST2037,Home Office,Furniture,Phone,9,149,0.1,1206.9,228.45
1426,ORD01426,17-02-2025,East,,Consumer,Office Supplies,Headphones,7,499,,3493,808.02
1427,ORD01427,16-11-2025,South,,Corporate,Furniture,Chair,9,,0,2691,297.41
1428,ORD01428,28-03-2025,West,CUST2874,Consumer,Furniture,Laptop,3,499,0,1497,156
1429,ORD01429,04-12-2025,East,CUST2021,Consumer,Furniture,Phone,6,499,0.15,2544.9,437.87
1430,ORD01430,10-10-2024,north,,Corporate,Electronics,Desk,3,999,0.15,2547.45,592.07
1431,ORD01431,02-12-2024,north,,Consumer,Furniture,Chair,8,199,0.05,1512.4,157.1
1432,ORD01432,15-05-2025,East,,Corporate,Office Supplies,Tablet,4,499,0.1,1796.4,145.49
1433,ORD01433,24-07-2025,North,,Consumer,Furniture,Monitor,7,299,,2093,342.96
1434,ORD01434,07-09-2024,East,,Consumer,Furniture,Printer,4,299,,1196,329.36
1435,ORD01435,22-04-2025,East,,Corporate,Furniture,Chair,4,999,0.1,3596.4,298.4
1436,ORD01436,02-06-2025,South,CUST1671,Corporate,Electronics,Desk,2,499,0,998,263.61
1437,ORD01437,08-11-2025,East,CUST1599,Consumer,Office Supplies,Headphones,10,99,0,990,203.87
1438,ORD01438,26-04-2025,WEST,,Consumer,Office Supplies,Headphones,9,999,0.1,8091.9,743.81
1439,ORD01439,17-03-2024,North,,Corporate,Furniture,Chair,10,799,0.05,7590.5,439.15
1440,ORD01440,02-09-2024,north,CUST2727,Home Office,Electronics,Printer,2,499,0.15,848.3,216.17
1441,ORD01441,08-05-2025,West,CUST1059,Home Office,Office Supplies,Chair,4,299,0,1196,206.03
1442,ORD01442,21-02-2024,WEST,CUST1675,Home Office,Furniture,Phone,8,799,0.05,6072.4,946.14
1443,ORD01443,13-10-2024,north,,Consumer,Furniture,Tablet,10,299,0,2990,876.6
1444,ORD01444,11-08-2025,East,,Home Office,Electronics,Tablet,5,199,,995,120.6
1445,ORD01445,12-09-2025,WEST,,Corporate,Office Supplies,Laptop,3,199,0.1,537.3,128.31
1446,ORD01446,06-06-2024,West,CUST2981,Home Office,Electronics,Chair,1,149,,149,26
1447,ORD01447,02-10-2025,North,,Consumer,Office Supplies,Laptop,2,149,,298,63.5
1448,ORD01448,28-01-2024,north,,Corporate,Electronics,Chair,9,799,,7191,1885.03
1449,ORD01449,28-02-2024,East,CUST1587,Consumer,Office Supplies,Printer,10,799,0,7990,1963.29
1450,ORD01450,28-05-2024,north,,Home Office,Furniture,Monitor,2,199,0.1,358.2,84.83
1451,ORD01451,21-06-2024,East,,Home Office,Electronics,Phone,9,499,0.05,4266.45,738.24
1452,ORD01452,16-09-2025,north,,Consumer,Office Supplies,Laptop,6,799,,4794,350.84
1453,ORD01453,20-04-2024,WEST,,Consumer,Office Supplies,Chair,4,799,0.15,2716.6,714.01
1454,ORD01454,22-08-2025,East,,Consumer,Office Supplies,Laptop,4,499,0.1,1796.4,245.55
1455,ORD01455,10-05-2025,north,,Consumer,Office Supplies,Chair,2,199,0.15,338.3,26.04
1456,ORD01456,11-06-2025,WEST,CUST1921,Corporate,Furniture,Chair,8,999,0.05,7592.4,399.27
1457,ORD01457,23-12-2025,East,,Consumer,Furniture,Monitor,10,799,0.1,7191,1755.58
1458,ORD01458,09-07-2024,North,,Home Office,Electronics,Printer,6,149,,894,248.21
1459,ORD01459,03-03-2024,East,,Consumer,Furniture,Desk,3,799,0.05,2277.15,364.25
1460,ORD01460,07-11-2024,WEST,,Home Office,Furniture,Phone,4,,,3196,170.14
1461,ORD01461,18-09-2024,West,,Corporate,Electronics,Chair,4,149,0.1,536.4,64.16
1462,ORD01462,22-09-2025,West,CUST1417,Consumer,Electronics,Desk,3,999,0.15,2547.45,270.43
1463,ORD01463,22-04-2025,East,,Consumer,Electronics,Chair,2,499,0.1,898.2,208.32
1464,ORD01464,24-10-2025,South,,Corporate,Electronics,Laptop,7,999,0.05,6643.35,1406.38
1465,ORD01465,14-11-2024,South,CUST2015,Corporate,Furniture,Tablet,7,99,,693,135.43
1466,ORD01466,14-10-2024,East,,Consumer,Office Supplies,Headphones,9,99,0,891,261.98
1467,ORD01467,27-03-2024,North,,Corporate,Furniture,Monitor,,499,0.15,848.3,197.65
1468,ORD01468,20-09-2024,WEST,,Corporate,Office Supplies,Headphones,6,499,0,2994,479.39
1469,ORD01469,05-12-2025,WEST,,Home Office,Furniture,Printer,3,499,0.05,1422.15,223.9
1470,ORD01470,05-12-2024,north,CUST2762,Home Office,Electronics,Chair,4,499,0,1996,365.8
1471,ORD01471,31-10-2025,North,,Consumer,Furniture,Laptop,8,799,0.15,5433.2,590.97
1472,ORD01472,15-11-2025,East,CUST2574,Consumer,Electronics,Phone,1,99,,99,19.27
1473,ORD01473,04-12-2024,WEST,,Consumer,Electronics,Printer,5,999,0,4995,1311.44
1474,ORD01474,01-12-2024,North,,Home Office,Office Supplies,Tablet,3,799,0.05,2277.15,306.92
1475,ORD01475,24-08-2024,north,,Home Office,Office Supplies,Printer,7,499,0.05,3318.35,193.01
1476,ORD01476,26-04-2024,East,,Corporate,Furniture,Chair,,499,0.05,4266.45,824.84
1477,ORD01477,15-09-2024,North,,Consumer,Electronics,Chair,8,799,0.15,5433.2,459.8
1478,ORD01478,28-09-2024,South,,Consumer,Furniture,Printer,6,499,0.05,2844.3,354.35
1479,ORD01479,28-04-2024,North,,Home Office,Furniture,Printer,4,499,0.05,1896.2,101.81
1480,ORD01480,29-02-2024,north,CUST1972,Corporate,Electronics,Laptop,6,99,0.1,534.6,134.41
1481,ORD01481,25-08-2024,West,CUST2007,Corporate,Electronics,Printer,1,99,0.15,84.15,24.98
1482,ORD01482,17-04-2025,South,CUST2286,Corporate,Office Supplies,Laptop,2,99,0.15,168.3,47.4
1483,ORD01483,15-10-2024,South,,Corporate,Office Supplies,Tablet,2,799,0.1,1438.2,167.79
1484,ORD01484,14-08-2025,WEST,,Corporate,Office Supplies,Printer,9,149,0.05,1273.95,365.53
1485,ORD01485,13-08-2025,West,,Consumer,Electronics,Chair,4,199,0.05,756.2,164.95
1486,ORD01486,10-10-2025,north,,Corporate,Office Supplies,Desk,3,149,,447,122.31
1487,ORD01487,17-10-2024,South,CUST2027,Home Office,Furniture,Laptop,6,149,0.1,804.6,148.36
1488,ORD01488,29-08-2024,North,,Home Office,Electronics,Phone,9,799,0.15,6112.35,1394.54
1489,ORD01489,30-08-2025,East,CUST1271,Home Office,Office Supplies,Chair,3,299,0.05,852.15,252.74
1490,ORD01490,05-05-2025,South,,Corporate,Furniture,Phone,4,299,0.05,1136.2,250.4
1491,ORD01491,23-02-2025,South,,Consumer,Office Supplies,Laptop,7,199,0.15,1184.05,306.41
1492,ORD01492,10-04-2025,North,,Home Office,Furniture,Headphones,9,,0.05,6831.45,1629.75
1493,ORD01493,01-10-2025,North,CUST1742,Corporate,Furniture,Phone,2,799,0,1598,470.64
1494,ORD01494,22-08-2025,West,,Corporate,Office Supplies,Phone,4,499,0,1996,514.17
1495,ORD01495,02-11-2025,WEST,,Corporate,Office Supplies,Monitor,3,99,0.05,282.15,49.77
1496,ORD01496,11-07-2024,West,,Consumer,Electronics,Tablet,3,999,0.15,2547.45,236.42
1497,ORD01497,07-05-2025,north,,Consumer,Furniture,Monitor,2,149,0.05,283.1,46.91
1498,ORD01498,29-07-2025,North,,Home Office,Furniture,Chair,7,299,0.15,1779.05,357.64
1499,ORD01499,03-11-2024,West,,Corporate,Furniture,Chair,10,299,0,2990,584.74
1500,ORD01500,22-10-2025,north,CUST1565,Home Office,Office Supplies,Printer,3,99,0.15,252.45,27.62
1501,ORD01501,18-11-2025,north,,Corporate,Office Supplies,Phone,7,99,0.05,658.35,64.55
1502,ORD01502,04-11-2025,North,,Corporate,Electronics,Tablet,2,299,0,598,160.47
1503,ORD01503,11-12-2024,WEST,,Consumer,Furniture,Phone,3,99,0.15,252.45,32.98
1504,ORD01504,23-11-2024,North,CUST2727,Home Office,Office Supplies,Desk,1,99,0,99,21.54
1505,ORD01505,26-01-2025,north,,Home Office,Furniture,Laptop,8,199,0,1592,421.28
1506,ORD01506,29-04-2024,North,CUST1810,Corporate,Furniture,Monitor,3,799,0,2397,380.12
1507,ORD01507,25-08-2024,East,CUST2577,Consumer,Office Supplies,Laptop,5,999,0.1,4495.5,1242.49
1508,ORD01508,26-11-2025,north,,Consumer,Electronics,Desk,2,149,0.15,253.3,69.97
1509,ORD01509,31-12-2024,WEST,CUST2535,Home Office,Furniture,Headphones,3,499,0.1,1347.3,266.84
1510,ORD01510,13-10-2024,West,,Consumer,Office Supplies,Printer,3,149,0.05,424.65,54.14
1511,ORD01511,18-10-2025,WEST,,Corporate,Electronics,Phone,2,149,,298,69.74
1512,ORD01512,13-11-2024,South,,Corporate,Furniture,Tablet,7,499,0.15,2969.05,343.26
1513,ORD01513,16-02-2024,East,CUST2864,Home Office,Electronics,Printer,5,299,0.15,1270.75,223.7
1514,ORD01514,07-05-2025,South,CUST1833,Consumer,Furniture,Chair,10,799,0.15,6791.5,1171.55
1515,ORD01515,07-02-2025,North,CUST1577,Corporate,Furniture,Tablet,7,,0,2093,493.66
1516,ORD01516,08-03-2025,north,,Consumer,Furniture,Monitor,4,299,0.15,1016.6,189.84
1517,ORD01517,31-07-2024,North,CUST2774,Corporate,Electronics,Chair,8,149,0.05,1132.4,274.2
1518,ORD01518,04-09-2025,South,,Consumer,Office Supplies,Tablet,8,799,0.1,5752.8,1674.19
1519,ORD01519,05-06-2024,WEST,CUST2703,Consumer,Office Supplies,Tablet,1,999,0,999,53.79
1520,ORD01520,30-03-2025,North,,Corporate,Furniture,Tablet,9,999,0,8991,1268.83
1521,ORD01521,09-12-2025,West,CUST1239,Consumer,Furniture,Laptop,10,799,0.05,7590.5,614.01
1522,ORD01522,13-11-2024,East,,Corporate,Furniture,Monitor,8,199,0.1,1432.8,110.62
1523,ORD01523,01-03-2024,South,,Consumer,Office Supplies,Laptop,3,149,0.05,424.65,91.73
1524,ORD01524,07-01-2025,north,,Consumer,Office Supplies,Phone,3,499,0.1,1347.3,209.95
1525,ORD01525,08-09-2024,South,,Corporate,Electronics,Headphones,9,499,,4491,456.64
1526,ORD01526,14-08-2025,West,CUST1574,Consumer,Electronics,Headphones,7,149,0.15,886.55,44.76
1527,ORD01527,08-02-2024,North,CUST2239,Home Office,Electronics,Monitor,6,799,0.05,4554.3,844.14
1528,ORD01528,25-07-2025,North,CUST1920,Consumer,Furniture,Printer,2,,0.05,378.1,107.81
1529,ORD01529,20-06-2025,WEST,,Consumer,Furniture,Headphones,5,99,0.1,445.5,110.67
1530,ORD01530,04-04-2025,north,,Consumer,Office Supplies,Chair,2,299,0.05,568.1,147.45
1531,ORD01531,10-02-2024,South,CUST2279,Corporate,Furniture,Monitor,2,499,0,998,106.45
1532,ORD01532,14-02-2024,West,,Home Office,Electronics,Tablet,1,199,,199,29.66
1533,ORD01533,22-03-2025,West,,Corporate,Electronics,Printer,1,999,,999,233.58
1534,ORD01534,24-01-2024,North,,Home Office,Furniture,Phone,8,799,0,6392,1161.8
1535,ORD01535,02-01-2025,WEST,,Corporate,Furniture,Phone,4,149,0,596,78.77
1536,ORD01536,31-10-2025,north,,Corporate,Office Supplies,Monitor,6,499,0,2994,765.61
1537,ORD01537,05-01-2025,north,CUST1673,Home Office,Furniture,Phone,8,799,0.1,5752.8,736.95
1538,ORD01538,17-09-2025,WEST,CUST1304,Home Office,Office Supplies,Tablet,10,799,0.15,6791.5,547.62
1539,ORD01539,19-02-2024,West,,Consumer,Office Supplies,Monitor,4,299,0.15,1016.6,234.61
1540,ORD01540,15-04-2024,north,CUST2857,Corporate,Office Supplies,Laptop,3,149,0,447,24.54
1541,ORD01541,27-03-2024,north,,Corporate,Electronics,Chair,1,199,0.15,169.15,49.64
1542,ORD01542,29-06-2024,WEST,CUST2392,Corporate,Office Supplies,Headphones,5,99,0.1,445.5,70.94
1543,ORD01543,26-07-2025,north,,Corporate,Office Supplies,Desk,6,999,,5994,1650.37
1544,ORD01544,09-07-2024,South,,Home Office,Electronics,Printer,10,299,0.15,2541.5,583.02
1545,ORD01545,30-05-2025,WEST,,Home Office,Office Supplies,Tablet,5,499,0,2495,288.57
1546,ORD01546,21-03-2025,South,CUST1572,Consumer,Furniture,Monitor,1,149,0.05,141.55,21.04
1547,ORD01547,06-05-2024,West,,Consumer,Electronics,Laptop,6,199,0.1,1074.6,74.57
1548,ORD01548,26-05-2025,WEST,,Corporate,Furniture,Headphones,6,199,0.1,1074.6,106.26
1549,ORD01549,30-04-2024,WEST,,Home Office,Office Supplies,Laptop,2,149,0.15,253.3,17.47
1550,ORD01550,30-07-2024,North,,Corporate,Electronics,Desk,6,799,0,4794,1300.6
1551,ORD01551,16-08-2024,north,,Consumer,Office Supplies,Monitor,3,799,,2397,404.92
1552,ORD01552,03-05-2024,South,,Consumer,Office Supplies,Monitor,10,499,,4990,571.73
1553,ORD01553,21-06-2025,West,,Corporate,Electronics,Tablet,6,799,0.1,4314.6,440.19
1554,ORD01554,30-11-2025,South,,Home Office,Electronics,Tablet,10,799,0,7990,1261.99
1555,ORD01555,24-08-2025,North,,Corporate,Furniture,Laptop,5,199,0.05,945.25,56.62
1556,ORD01556,13-02-2025,South,CUST2564,Corporate,Office Supplies,Headphones,6,799,,4794,653.55
1557,ORD01557,06-07-2025,north,,Corporate,Office Supplies,Monitor,6,199,0.1,1074.6,149.95
1558,ORD01558,20-06-2024,WEST,,Corporate,Furniture,Printer,9,199,0.1,1611.9,396.6
1559,ORD01559,10-01-2025,north,,Consumer,Electronics,Laptop,8,199,0,1592,100.86
1560,ORD01560,08-12-2025,East,,Corporate,Furniture,Phone,5,199,0.15,845.75,86.29
1561,ORD01561,01-03-2024,South,,Corporate,Electronics,Printer,9,149,0.15,1139.85,162.68
1562,ORD01562,26-04-2025,North,,Corporate,Electronics,Headphones,5,149,0,745,53.44
1563,ORD01563,29-07-2024,South,,Consumer,Office Supplies,Chair,8,799,0.05,6072.4,1747.84
1564,ORD01564,28-04-2025,West,CUST1386,Home Office,Furniture,Desk,8,799,0.15,5433.2,569.49
1565,ORD01565,30-12-2025,West,CUST1106,Corporate,Furniture,Headphones,3,999,0.1,2697.3,687.24
1566,ORD01566,18-12-2024,East,,Corporate,Furniture,Laptop,7,99,,693,96.84
1567,ORD01567,05-06-2025,North,,Corporate,Furniture,Desk,9,799,0.15,6112.35,1170.6
1568,ORD01568,05-03-2024,West,,Consumer,Furniture,Chair,7,299,0.15,1779.05,481.04
1569,ORD01569,04-02-2024,North,,Consumer,Office Supplies,Printer,3,99,,297,22.61
1570,ORD01570,17-12-2024,North,,Consumer,Electronics,Headphones,6,299,0.05,1704.3,359.95
1571,ORD01571,26-04-2024,WEST,CUST2890,Corporate,Furniture,Desk,9,499,0.1,4041.9,1092.94
1572,ORD01572,08-11-2025,WEST,,Home Office,Electronics,Printer,2,149,0.1,268.2,20.89
1573,ORD01573,07-06-2025,WEST,,Home Office,Office Supplies,Phone,8,499,0,3992,585.95
1574,ORD01574,04-12-2025,WEST,,Corporate,Furniture,Laptop,10,149,,1490,204.59
1575,ORD01575,28-02-2025,South,,Consumer,Electronics,Chair,6,299,0.15,1524.9,107.87
1576,ORD01576,30-03-2025,East,CUST2343,Home Office,Office Supplies,Chair,5,799,0,3995,869.49
1577,ORD01577,25-08-2024,West,CUST2865,Home Office,Office Supplies,Tablet,6,149,0.1,804.6,158.26
1578,ORD01578,23-10-2024,north,CUST2085,Home Office,Electronics,Phone,6,999,0.1,5394.6,690.24
1579,ORD01579,09-08-2025,South,CUST1349,Home Office,Furniture,Laptop,8,799,0.05,6072.4,1543.51
1580,ORD01580,31-08-2024,East,,Home Office,Furniture,Chair,8,999,0.15,6793.2,1264.55
1581,ORD01581,23-08-2024,East,CUST2830,Consumer,Office Supplies,Phone,7,99,0.1,623.7,135.58
1582,ORD01582,27-03-2024,North,,Home Office,Furniture,Phone,7,799,,5593,869.61
1583,ORD01583,16-02-2025,West,CUST2027,Corporate,Furniture,Tablet,3,799,0.15,2037.45,569.94
1584,ORD01584,17-02-2024,West,,Corporate,Electronics,Phone,5,999,0.1,4495.5,829.65
1585,ORD01585,27-06-2025,north,CUST1221,Consumer,Furniture,Phone,7,299,,2093,565.55
1586,ORD01586,05-01-2024,East,,Corporate,Office Supplies,Tablet,1,99,0.1,89.1,20.21
1587,ORD01587,17-06-2025,North,CUST1914,Consumer,Electronics,Laptop,6,799,0,4794,1049.62
1588,ORD01588,28-09-2025,West,,Consumer,Furniture,Printer,9,99,0.15,757.35,46.25
1589,ORD01589,13-01-2025,WEST,CUST1752,Consumer,Office Supplies,Printer,6,199,0.15,1014.9,234.29
1590,ORD01590,27-10-2025,West,CUST1145,Consumer,Furniture,Headphones,2,199,0,398,75.19
1591,ORD01591,04-07-2025,WEST,,Corporate,Electronics,Monitor,2,999,0.1,1798.2,265.91
1592,ORD01592,16-10-2025,North,,Home Office,Electronics,Laptop,5,999,0.05,4745.25,1395.27
1593,ORD01593,26-11-2025,WEST,CUST2405,Consumer,Electronics,Phone,7,999,0.1,6293.7,1075.95
1594,ORD01594,08-01-2025,North,,Home Office,Electronics,Headphones,10,499,0.15,4241.5,389.78
1595,ORD01595,26-08-2024,North,,Home Office,Office Supplies,Phone,7,999,0.05,6643.35,991.03
1596,ORD01596,01-12-2024,North,,Corporate,Furniture,Monitor,9,499,0.15,3817.35,920.73
1597,ORD01597,26-06-2025,north,,Home Office,Office Supplies,Chair,6,99,0.15,504.9,91.52
1598,ORD01598,28-09-2024,East,,Home Office,Furniture,Desk,7,999,0,6993,1662.3
1599,ORD01599,30-06-2025,North,,Consumer,Electronics,Desk,6,799,,4794,793.25
1600,ORD01600,23-05-2024,East,,Consumer,Furniture,Laptop,7,149,0.15,886.55,68.92
1601,ORD01601,11-03-2025,WEST,,Corporate,Furniture,Tablet,10,299,,2990,642.72
1602,ORD01602,22-05-2024,North,CUST1576,Corporate,Office Supplies,Chair,6,299,0.1,1614.6,451.57
1603,ORD01603,13-02-2025,WEST,,Corporate,Office Supplies,Tablet,4,99,0,396,74.73
1604,ORD01604,15-07-2024,East,CUST1869,Home Office,Office Supplies,Printer,,799,0,3995,854.51
1605,ORD01605,28-06-2025,WEST,CUST1089,Corporate,Furniture,Tablet,5,799,0.1,3595.5,1003.11
1606,ORD01606,22-04-2025,WEST,,Corporate,Office Supplies,Desk,4,99,0.1,356.4,74.64
1607,ORD01607,04-11-2024,West,,Home Office,Electronics,Tablet,8,799,0.05,6072.4,953.57
1608,ORD01608,31-05-2024,north,,Consumer,Electronics,Tablet,1,99,0.1,89.1,6.53
1609,ORD01609,23-06-2025,North,,Corporate,Office Supplies,Desk,9,499,0.15,3817.35,396.76
1610,ORD01610,29-11-2025,West,,Consumer,Office Supplies,Chair,10,999,,9990,1468.5
1611,ORD01611,21-10-2025,WEST,,Corporate,Electronics,Tablet,3,99,0.15,252.45,25.17
1612,ORD01612,09-02-2025,West,,Consumer,Furniture,Headphones,10,149,0,1490,132.55
1613,ORD01613,03-02-2024,East,,Home Office,Electronics,Desk,6,299,0.15,1524.9,267.02
1614,ORD01614,10-02-2024,West,CUST1550,Consumer,Office Supplies,Laptop,5,999,0.15,4245.75,711.4
1615,ORD01615,10-11-2025,North,,Consumer,Furniture,Headphones,4,799,0.05,3036.2,825.8
1616,ORD01616,26-03-2025,North,,Home Office,Office Supplies,Chair,10,149,0.1,1341,377.19
1617,ORD01617,23-10-2024,WEST,,Home Office,Office Supplies,Laptop,4,999,0.05,3796.2,261.39
1618,ORD01618,26-11-2025,WEST,,Home Office,Office Supplies,Phone,1,149,0,149,21.16
1619,ORD01619,28-02-2024,north,,Consumer,Furniture,Desk,4,299,0.15,1016.6,231.33
1620,ORD01620,20-05-2024,WEST,,Consumer,Office Supplies,Phone,6,99,0.1,534.6,96.29
1621,ORD01621,07-09-2025,WEST,,Corporate,Electronics,Laptop,6,799,0.05,4554.3,1088.14
1622,ORD01622,16-01-2025,South,,Home Office,Furniture,Headphones,10,499,0.1,4491,717.73
1623,ORD01623,01-02-2025,West,,Home Office,Electronics,Monitor,2,999,0,1998,170.47
1624,ORD01624,09-04-2025,WEST,,Home Office,Furniture,Chair,5,299,,1495,299.57
1625,ORD01625,11-12-2024,North,CUST1646,Corporate,Electronics,Headphones,1,299,0.15,254.15,21.75
1626,ORD01626,21-01-2025,north,,Consumer,Furniture,Tablet,8,499,,3992,996.05
1627,ORD01627,19-03-2024,WEST,,Corporate,Office Supplies,Monitor,6,149,,894,157.32
1628,ORD01628,25-07-2024,West,,Consumer,Office Supplies,Laptop,3,149,0.05,424.65,38.58
1629,ORD01629,28-01-2025,north,,Home Office,Office Supplies,Phone,2,199,0.15,338.3,81.43
1630,ORD01630,21-06-2024,East,CUST2318,Home Office,Office Supplies,Monitor,7,199,0.05,1323.35,82.85
1631,ORD01631,25-11-2025,West,,Home Office,Office Supplies,Printer,10,99,0.05,940.5,108.04
1632,ORD01632,08-06-2025,North,CUST2930,Consumer,Furniture,Printer,6,149,0.15,759.9,108.61
1633,ORD01633,12-07-2025,WEST,,Consumer,Electronics,Headphones,3,99,0.1,267.3,26.44
1634,ORD01634,17-02-2024,WEST,CUST2085,Consumer,Furniture,Headphones,1,299,0,299,61.94
1635,ORD01635,13-05-2025,East,,Consumer,Office Supplies,Laptop,4,99,,396,21.07
1636,ORD01636,23-01-2024,East,,Consumer,Electronics,Tablet,5,199,,995,136.47
1637,ORD01637,14-07-2025,West,CUST2519,Home Office,Office Supplies,Monitor,9,999,,8991,979.36
1638,ORD01638,07-05-2025,North,,Corporate,Office Supplies,Printer,6,299,,1794,327.05
1639,ORD01639,03-09-2025,north,,Consumer,Furniture,Tablet,3,999,0,2997,260.27
1640,ORD01640,17-02-2024,north,CUST2093,Consumer,Furniture,Laptop,7,299,0.05,1988.35,550.93
1641,ORD01641,10-09-2025,East,,Consumer,Furniture,Printer,2,999,0.1,1798.2,319.66
1642,ORD01642,05-10-2025,WEST,CUST2301,Corporate,Furniture,Desk,7,299,0.1,1883.7,505.41
1643,ORD01643,16-01-2024,WEST,CUST2416,Consumer,Furniture,Phone,7,199,,1393,157.89
1644,ORD01644,04-09-2025,East,,Corporate,Office Supplies,Tablet,5,299,0.15,1270.75,184.04
1645,ORD01645,08-12-2025,North,CUST1267,Corporate,Office Supplies,Headphones,1,99,0.15,84.15,18.09
1646,ORD01646,29-02-2024,South,,Consumer,Electronics,Monitor,8,799,0.1,5752.8,1217.86
1647,ORD01647,25-07-2025,north,CUST1326,Consumer,Electronics,Phone,3,299,0,897,250.49
1648,ORD01648,31-03-2025,West,,Home Office,Electronics,Phone,1,299,0,299,41.21
1649,ORD01649,23-05-2024,North,,Consumer,Electronics,Tablet,4,799,0.1,2876.4,525.55
1650,ORD01650,17-09-2025,West,CUST2653,Consumer,Furniture,Chair,2,199,0.1,358.2,105.92
1651,ORD01651,05-10-2024,East,CUST2655,Corporate,Office Supplies,Chair,6,199,0.05,1134.3,281.88
1652,ORD01652,29-06-2024,WEST,CUST1144,Corporate,Furniture,Printer,9,199,0.15,1522.35,198.03
1653,ORD01653,20-02-2025,WEST,,Home Office,Furniture,Tablet,5,299,0.1,1345.5,270.39
1654,ORD01654,01-03-2024,North,CUST2710,Home Office,Electronics,Phone,7,99,0.05,658.35,46.05
1655,ORD01655,13-05-2025,South,,Consumer,Electronics,Headphones,5,999,0,4995,1402.89
1656,ORD01656,27-10-2025,WEST,CUST1963,Consumer,Electronics,Desk,10,299,0.05,2840.5,169.02
1657,ORD01657,01-07-2025,South,,Consumer,Electronics,Monitor,2,799,0.05,1518.1,208.82
1658,ORD01658,01-09-2024,North,CUST2499,Corporate,Electronics,Monitor,8,,0.15,5433.2,423.29
1659,ORD01659,18-05-2024,East,,Home Office,Furniture,Desk,4,499,0,1996,314.73
1660,ORD01660,28-05-2024,WEST,CUST1773,Consumer,Furniture,Chair,7,499,,3493,1043.44
1661,ORD01661,05-09-2024,WEST,,Corporate,Electronics,Chair,1,799,,799,142.29
1662,ORD01662,18-12-2024,East,,Corporate,Furniture,Tablet,6,499,0.1,2694.6,640.32
1663,ORD01663,27-05-2025,north,,Corporate,Office Supplies,Laptop,1,499,,499,142.34
1664,ORD01664,21-08-2024,WEST,,Home Office,Furniture,Phone,4,299,0.1,1076.4,179.86
1665,ORD01665,03-06-2025,WEST,,Corporate,Office Supplies,Monitor,4,499,,1996,503.63
1666,ORD01666,13-03-2024,South,,Home Office,Furniture,Laptop,4,199,0,796,90.7
1667,ORD01667,02-08-2025,West,,Consumer,Electronics,Laptop,2,99,0.15,168.3,19.89
1668,ORD01668,07-05-2025,North,CUST2061,Home Office,Electronics,Printer,10,149,0,1490,209.29
1669,ORD01669,18-01-2024,WEST,,Home Office,Office Supplies,Chair,8,499,,3992,392.4
1670,ORD01670,02-09-2024,South,,Corporate,Office Supplies,Printer,1,299,,299,50.67
1671,ORD01671,08-06-2024,South,,Home Office,Office Supplies,Chair,7,149,0.15,886.55,128.88
1672,ORD01672,06-11-2024,South,,Corporate,Office Supplies,Laptop,2,799,0.1,1438.2,220.39
1673,ORD01673,26-03-2025,South,,Corporate,Furniture,Laptop,3,999,0.1,2697.3,707.88
1674,ORD01674,24-05-2025,WEST,CUST1041,Consumer,Electronics,Chair,9,299,,2691,678.24
1675,ORD01675,16-06-2025,West,,Corporate,Furniture,Laptop,9,499,0,4491,1210.95
1676,ORD01676,14-12-2025,West,,Home Office,Office Supplies,Printer,2,149,0,298,49.6
1677,ORD01677,10-09-2024,West,,Home Office,Electronics,Chair,2,199,0.1,358.2,30.61
1678,ORD01678,25-03-2025,South,,Corporate,Office Supplies,Printer,10,149,0.05,1415.5,269.69
1679,ORD01679,26-01-2025,West,CUST2948,Consumer,Electronics,Desk,1,999,0.1,899.1,59.91
1680,ORD01680,03-06-2025,North,,Consumer,Office Supplies,Headphones,7,199,0,1393,307.57
1681,ORD01681,26-02-2025,north,,Home Office,Furniture,Desk,5,799,,3995,1004.11
1682,ORD01682,29-10-2025,WEST,,Consumer,Office Supplies,Desk,6,799,0,4794,357.87
1683,ORD01683,03-10-2024,North,,Corporate,Electronics,Tablet,7,299,0.1,1883.7,548.58
1684,ORD01684,27-10-2024,South,,Corporate,Electronics,Laptop,7,499,0.15,2969.05,584.74
1685,ORD01685,28-01-2025,East,,Corporate,Office Supplies,Phone,3,149,0.05,424.65,104.71
1686,ORD01686,06-06-2024,East,,Corporate,Electronics,Monitor,8,99,0.1,712.8,134.71
1687,ORD01687,17-06-2025,South,CUST2663,Corporate,Office Supplies,Tablet,4,149,0.1,536.4,124.36
1688,ORD01688,30-01-2024,WEST,,Home Office,Furniture,Phone,1,499,0.05,474.05,80.74
1689,ORD01689,15-06-2025,WEST,,Consumer,Office Supplies,Desk,7,999,,6993,440.81
1690,ORD01690,11-08-2024,WEST,CUST2695,Corporate,Office Supplies,Chair,9,799,,7191,1742.63
1691,ORD01691,08-10-2024,WEST,CUST1024,Consumer,Furniture,Desk,,799,0.05,3795.25,282.68
1692,ORD01692,11-06-2025,north,,Home Office,Office Supplies,Printer,9,999,0.05,8541.45,2129.61
1693,ORD01693,01-09-2025,East,,Home Office,Furniture,Phone,10,199,0.15,1691.5,148.07
1694,ORD01694,15-02-2024,North,CUST2807,Consumer,Electronics,Chair,5,199,,995,155.24
1695,ORD01695,23-12-2025,South,CUST1644,Home Office,Furniture,Tablet,7,799,0.15,4754.05,268.18
1696,ORD01696,30-01-2025,WEST,CUST1859,Consumer,Office Supplies,Chair,10,99,0,990,232.85
1697,ORD01697,25-01-2024,West,CUST2495,Corporate,Furniture,Printer,5,199,0.1,895.5,181.57
1698,ORD01698,15-06-2025,north,CUST1581,Home Office,Furniture,Headphones,2,99,,198,42.96
1699,ORD01699,28-08-2024,WEST,,Consumer,Furniture,Desk,8,199,0.15,1353.2,246.68
1700,ORD01700,07-08-2024,WEST,,Consumer,Electronics,Headphones,7,299,0.05,1988.35,493.98
1701,ORD01701,15-04-2025,North,CUST2409,Consumer,Furniture,Chair,4,199,,796,71.82
1702,ORD01702,23-10-2025,north,,Home Office,Electronics,Tablet,2,799,0.1,1438.2,103.23
1703,ORD01703,09-12-2024,WEST,,Consumer,Electronics,Monitor,2,199,0,398,31.44
1704,ORD01704,17-06-2025,WEST,,Home Office,Furniture,Desk,9,299,0.05,2556.45,371.01
1705,ORD01705,22-05-2025,East,,Corporate,Furniture,Laptop,1,149,0,149,42.85
1706,ORD01706,19-04-2025,South,CUST2653,Consumer,Furniture,Printer,,499,,499,148.33
1707,ORD01707,24-04-2024,North,,Corporate,Furniture,Desk,9,99,0.1,801.9,61.14
1708,ORD01708,30-12-2024,north,,Home Office,Office Supplies,Desk,4,999,0,3996,221.43
1709,ORD01709,19-10-2025,North,,Corporate,Furniture,Tablet,9,99,0,891,163.16
1710,ORD01710,07-01-2024,north,CUST2331,Corporate,Furniture,Printer,7,149,0,1043,77.77
1711,ORD01711,20-01-2024,North,,Home Office,Furniture,Headphones,10,499,0.05,4740.5,1197.47
1712,ORD01712,14-11-2024,north,CUST2853,Consumer,Office Supplies,Printer,10,99,0.15,841.5,156.78
1713,ORD01713,30-08-2024,north,,Corporate,Electronics,Chair,1,149,0.05,141.55,34.04
1714,ORD01714,22-05-2024,East,CUST2119,Corporate,Electronics,Chair,3,99,,297,71
1715,ORD01715,30-09-2024,WEST,CUST1571,Corporate,Electronics,Chair,4,299,0.1,1076.4,56.88
1716,ORD01716,13-12-2024,West,,Home Office,Furniture,Headphones,3,199,0,597,156.2
1717,ORD01717,14-02-2025,North,,Home Office,Furniture,Monitor,5,299,,1495,261.9
1718,ORD01718,14-04-2024,East,,Corporate,Electronics,Monitor,5,799,0.1,3595.5,553.53
1719,ORD01719,09-07-2024,WEST,,Corporate,Furniture,Tablet,9,999,0.15,7642.35,1146.91
1720,ORD01720,12-06-2025,West,,Home Office,Furniture,Monitor,6,199,,1194,339.14
1721,ORD01721,16-07-2024,East,,Consumer,Electronics,Desk,7,799,,5593,1374.62
1722,ORD01722,16-06-2025,north,,Corporate,Furniture,Tablet,7,99,0,693,113.66
1723,ORD01723,20-09-2024,South,,Consumer,Furniture,Monitor,7,149,0,1043,267.79
1724,ORD01724,07-01-2025,West,,Consumer,Office Supplies,Chair,6,299,0.15,1524.9,391.61
1725,ORD01725,28-06-2025,North,,Corporate,Office Supplies,Desk,6,799,0,4794,313.92
1726,ORD01726,28-10-2024,north,,Corporate,Electronics,Laptop,7,299,0,2093,137.44
1727,ORD01727,27-04-2024,north,CUST1708,Corporate,Office Supplies,Tablet,2,149,0,298,47.91
1728,ORD01728,16-01-2025,West,CUST1878,Consumer,Electronics,Tablet,2,149,0,298,15.27
1729,ORD01729,08-06-2024,North,CUST2390,Home Office,Office Supplies,Printer,8,299,0,2392,328.87
1730,ORD01730,29-12-2025,South,,Home Office,Office Supplies,Laptop,8,199,0.05,1512.4,90.26
1731,ORD01731,27-10-2024,East,,Corporate,Furniture,Tablet,8,149,0.15,1013.2,258.37
1732,ORD01732,07-11-2024,West,CUST1126,Home Office,Furniture,Phone,9,799,0.05,6831.45,1873.63
1733,ORD01733,11-11-2025,north,,Consumer,Office Supplies,Desk,3,,0.05,852.15,119.45
1734,ORD01734,07-10-2025,West,,Corporate,Office Supplies,Printer,3,149,0.1,402.3,100.21
1735,ORD01735,21-01-2025,South,CUST1191,Consumer,Office Supplies,Chair,3,199,0,597,130.1
1736,ORD01736,26-04-2024,East,,Home Office,Electronics,Monitor,4,799,,3196,341.36
1737,ORD01737,01-01-2024,West,CUST2859,Home Office,Electronics,Chair,1,999,0.1,899.1,74.23
1738,ORD01738,03-10-2024,WEST,,Consumer,Electronics,Printer,5,799,0.15,3395.75,860.03
1739,ORD01739,14-01-2025,South,,Corporate,Office Supplies,Chair,9,499,,4491,1052.74
1740,ORD01740,03-10-2025,East,CUST1601,Corporate,Electronics,Laptop,7,199,0.15,1184.05,202.73
1741,ORD01741,27-01-2025,East,,Corporate,Office Supplies,Chair,5,299,0,1495,78.8
1742,ORD01742,09-05-2025,North,CUST2515,Home Office,Furniture,Printer,10,149,0,1490,331.44
1743,ORD01743,02-02-2025,East,,Consumer,Office Supplies,Tablet,5,199,0.1,895.5,216.84
1744,ORD01744,16-12-2025,North,CUST1877,Consumer,Furniture,Chair,3,299,,897,164.23
1745,ORD01745,24-12-2024,West,,Corporate,Furniture,Monitor,8,99,0.05,752.4,166.63
1746,ORD01746,12-12-2024,North,,Home Office,Furniture,Printer,5,499,0.15,2120.75,423.31
1747,ORD01747,28-02-2025,West,,Consumer,Electronics,Desk,9,999,0.15,7642.35,724.05
1748,ORD01748,09-12-2024,North,CUST1259,Corporate,Furniture,Chair,9,499,,4491,665.5
1749,ORD01749,07-04-2025,West,,Corporate,Office Supplies,Phone,7,799,,5593,1507.77
1750,ORD01750,08-07-2024,WEST,CUST2719,Consumer,Office Supplies,Laptop,7,499,0.05,3318.35,848.07
1751,ORD01751,19-10-2025,WEST,,Corporate,Office Supplies,Headphones,5,799,0.1,3595.5,492.6
1752,ORD01752,03-09-2025,North,,Home Office,Office Supplies,Chair,5,499,0.1,2245.5,334.71
1753,ORD01753,15-05-2024,South,CUST2925,Corporate,Electronics,Phone,10,999,0,9990,2854.5
1754,ORD01754,15-10-2025,West,CUST1237,Consumer,Furniture,Laptop,3,999,,2997,769.57
1755,ORD01755,06-11-2025,North,,Consumer,Office Supplies,Chair,8,799,,6392,965.43
1756,ORD01756,02-08-2024,South,,Corporate,Furniture,Tablet,4,799,0.15,2716.6,351.73
1757,ORD01757,20-08-2025,WEST,,Consumer,Electronics,Headphones,2,99,,198,34.28
1758,ORD01758,23-10-2024,East,,Consumer,Furniture,Tablet,8,799,0,6392,1907.48
1759,ORD01759,23-04-2024,WEST,CUST2712,Home Office,Furniture,Phone,9,149,0,1341,268.68
1760,ORD01760,21-10-2025,West,,Consumer,Electronics,Headphones,6,999,0.05,5694.3,457.22
1761,ORD01761,08-10-2024,East,,Corporate,Electronics,Laptop,3,99,0.05,282.15,48.35
1762,ORD01762,24-09-2024,North,,Home Office,Furniture,Phone,10,199,0.15,1691.5,163.08
1763,ORD01763,12-07-2024,north,,Home Office,Office Supplies,Tablet,7,,,2093,287.62
1764,ORD01764,05-01-2024,north,,Corporate,Electronics,Headphones,6,999,0.05,5694.3,1689.15
1765,ORD01765,08-12-2024,north,,Corporate,Office Supplies,Printer,10,149,0.15,1266.5,101.71
1766,ORD01766,13-07-2024,North,,Consumer,Electronics,Chair,6,99,0.15,504.9,39.51
1767,ORD01767,10-05-2024,north,,Home Office,Furniture,Headphones,5,499,0.15,2120.75,591.91
1768,ORD01768,14-03-2024,WEST,CUST2141,Corporate,Furniture,Desk,2,799,0.1,1438.2,138.31
1769,ORD01769,09-08-2024,West,CUST2714,Home Office,Electronics,Headphones,2,499,,998,286.26
1770,ORD01770,20-09-2025,WEST,,Home Office,Office Supplies,Laptop,3,499,0.05,1422.15,372.32
1771,ORD01771,03-09-2024,WEST,CUST1532,Home Office,Furniture,Phone,6,299,0.15,1524.9,92.27
1772,ORD01772,14-07-2024,West,CUST1147,Corporate,Furniture,Tablet,4,299,0.15,1016.6,154.78
1773,ORD01773,01-01-2025,South,,Corporate,Furniture,Tablet,8,199,0,1592,433.87
1774,ORD01774,19-03-2024,West,,Corporate,Office Supplies,Desk,1,999,0,999,182.66
1775,ORD01775,19-02-2024,North,,Corporate,Office Supplies,Monitor,3,799,0.15,2037.45,327.72
1776,ORD01776,17-11-2025,West,,Home Office,Electronics,Monitor,9,799,0,7191,1426.71
1777,ORD01777,02-12-2024,South,CUST2711,Consumer,Furniture,Monitor,8,99,0.05,752.4,153.19
1778,ORD01778,18-01-2025,South,,Home Office,Furniture,Chair,10,999,,9990,2974.9
1779,ORD01779,29-11-2025,South,,Consumer,Office Supplies,Laptop,1,499,,499,69.75
1780,ORD01780,17-05-2024,West,,Corporate,Furniture,Tablet,10,499,,4990,1248.37
1781,ORD01781,15-11-2024,North,,Corporate,Electronics,Monitor,2,149,0.05,283.1,29.01
1782,ORD01782,19-01-2024,WEST,,Consumer,Electronics,Laptop,4,299,0.05,1136.2,66.19
1783,ORD01783,01-01-2025,East,,Consumer,Electronics,Phone,4,299,,1196,73.87
1784,ORD01784,26-07-2024,West,,Consumer,Furniture,Chair,3,149,0.1,402.3,32.32
1785,ORD01785,21-12-2024,north,CUST1121,Consumer,Electronics,Chair,1,99,0.15,84.15,22.85
1786,ORD01786,29-08-2025,West,CUST2980,Home Office,Furniture,Monitor,3,299,0.1,807.3,43.79
1787,ORD01787,07-02-2025,West,,Corporate,Office Supplies,Desk,10,149,0.15,1266.5,100.67
1788,ORD01788,16-10-2025,North,,Corporate,Office Supplies,Headphones,4,99,0.1,356.4,90.59
1789,ORD01789,25-05-2025,north,,Home Office,Electronics,Chair,7,999,0,6993,681.61
1790,ORD01790,16-02-2025,South,CUST2314,Consumer,Furniture,Laptop,6,149,0,894,179.63
1791,ORD01791,19-01-2025,North,CUST1308,Consumer,Electronics,Laptop,4,149,0,596,79.49
1792,ORD01792,12-03-2025,South,,Consumer,Office Supplies,Tablet,8,499,0.15,3393.2,387.76
1793,ORD01793,05-07-2024,South,,Consumer,Electronics,Printer,7,99,0.1,623.7,130.4
1794,ORD01794,03-09-2024,South,CUST1504,Consumer,Electronics,Phone,4,999,0.15,3396.6,788.17
1795,ORD01795,01-02-2024,East,CUST1766,Corporate,Office Supplies,Laptop,2,499,0.1,898.2,58.65
1796,ORD01796,21-05-2025,East,,Corporate,Office Supplies,Phone,5,999,0.05,4745.25,1164.77
1797,ORD01797,21-08-2024,East,,Corporate,Furniture,Laptop,5,99,0.05,470.25,49.16
1798,ORD01798,20-02-2025,North,,Home Office,Office Supplies,Laptop,10,999,0.1,8991,516.57
1799,ORD01799,16-05-2025,South,,Home Office,Office Supplies,Monitor,5,299,,1495,233.59
1800,ORD01800,03-03-2025,North,,Consumer,Electronics,Laptop,4,149,0,596,72.74
1801,ORD01801,12-01-2025,North,,Home Office,Electronics,Laptop,5,999,0.15,4245.75,805.74
1802,ORD01802,24-01-2024,North,,Corporate,Electronics,Phone,8,199,0.1,1432.8,117.97
1803,ORD01803,08-08-2024,West,,Corporate,Electronics,Phone,8,99,0.1,712.8,48.32
1804,ORD01804,01-02-2025,WEST,,Corporate,Furniture,Printer,4,149,0.05,566.2,64.85
1805,ORD01805,30-03-2025,north,,Corporate,Office Supplies,Chair,8,99,,792,194.11
1806,ORD01806,17-07-2025,WEST,,Consumer,Furniture,Tablet,1,99,0.15,84.15,14.78
1807,ORD01807,03-08-2024,North,,Home Office,Office Supplies,Tablet,8,199,0.05,1512.4,308.64
1808,ORD01808,03-04-2024,north,,Corporate,Electronics,Desk,10,149,0.15,1266.5,172.09
1809,ORD01809,14-09-2025,East,,Corporate,Furniture,Tablet,4,199,0,796,128.75
1810,ORD01810,21-01-2025,North,,Consumer,Electronics,Headphones,9,299,,2691,702.99
1811,ORD01811,22-02-2025,East,,Corporate,Electronics,Headphones,2,149,0.1,268.2,55.31
1812,ORD01812,04-01-2025,South,,Consumer,Electronics,Monitor,1,999,0.1,899.1,122.62
1813,ORD01813,07-12-2025,West,CUST1773,Consumer,Electronics,Printer,4,199,0.15,676.6,98.25
1814,ORD01814,23-10-2025,West,,Consumer,Furniture,Phone,8,149,0.05,1132.4,250.3
1815,ORD01815,04-02-2025,North,,Corporate,Electronics,Monitor,,799,0,4794,398.16
1816,ORD01816,12-05-2024,West,,Consumer,Office Supplies,Printer,6,99,,594,78.88
1817,ORD01817,01-11-2024,South,,Consumer,Furniture,Tablet,2,,0,998,55.71
1818,ORD01818,06-10-2024,South,,Home Office,Office Supplies,Printer,10,299,,2990,599.02
1819,ORD01819,16-11-2024,WEST,,Consumer,Electronics,Desk,7,299,0,2093,293.62
1820,ORD01820,15-06-2024,North,,Consumer,Office Supplies,Printer,6,799,0,4794,659.51
1821,ORD01821,23-01-2024,north,CUST2923,Home Office,Electronics,Headphones,4,999,0.1,3596.4,819.4
1822,ORD01822,10-09-2024,South,CUST1267,Home Office,Furniture,Tablet,4,199,,796,124.15
1823,ORD01823,01-03-2024,South,CUST1915,Consumer,Office Supplies,Chair,5,299,0.05,1420.25,100.45
1824,ORD01824,29-06-2025,North,CUST2020,Home Office,Furniture,Desk,1,799,0.05,759.05,83.32
1825,ORD01825,10-11-2025,South,,Corporate,Furniture,Phone,10,499,,4990,617.78
1826,ORD01826,20-10-2025,West,CUST2055,Corporate,Electronics,Laptop,4,499,0.15,1696.6,239.66
1827,ORD01827,10-02-2024,South,,Home Office,Electronics,Chair,10,499,0,4990,773.79
1828,ORD01828,18-06-2025,North,,Home Office,Electronics,Tablet,5,199,,995,230.14
1829,ORD01829,10-09-2024,East,,Home Office,Furniture,Headphones,6,299,0.15,1524.9,237.27
1830,ORD01830,22-06-2024,South,,Home Office,Office Supplies,Chair,2,149,0,298,64.97
1831,ORD01831,25-10-2024,South,,Consumer,Office Supplies,Headphones,9,499,0,4491,688.01
1832,ORD01832,04-10-2024,South,CUST2160,Corporate,Electronics,Headphones,7,199,0,1393,203.3
1833,ORD01833,12-09-2024,West,CUST2074,Corporate,Office Supplies,Phone,6,799,,4794,1340.06
1834,ORD01834,29-12-2025,West,CUST2640,Consumer,Office Supplies,Headphones,,149,0.15,1266.5,261.03
1835,ORD01835,08-05-2024,South,,Corporate,Office Supplies,Desk,3,499,0.1,1347.3,220.22
1836,ORD01836,14-09-2025,South,CUST1661,Corporate,Electronics,Monitor,10,99,,990,291.84
1837,ORD01837,23-06-2024,North,,Corporate,Electronics,Chair,10,99,,990,257.33
1838,ORD01838,23-01-2025,north,,Corporate,Furniture,Chair,3,499,0.15,1272.45,186.16
1839,ORD01839,22-09-2025,WEST,,Corporate,Office Supplies,Tablet,7,799,,5593,1284.41
1840,ORD01840,06-02-2024,WEST,CUST2069,Home Office,Electronics,Headphones,7,99,,693,105.33
1841,ORD01841,26-03-2024,South,,Consumer,Electronics,Printer,2,199,0.1,358.2,65.76
1842,ORD01842,14-01-2025,West,,Corporate,Electronics,Monitor,5,199,,995,241.34
1843,ORD01843,14-08-2025,north,,Home Office,Electronics,Chair,1,149,0.05,141.55,27.31
1844,ORD01844,28-02-2025,North,CUST2075,Corporate,Furniture,Headphones,6,199,0.1,1074.6,69.65
1845,ORD01845,29-09-2024,north,CUST1254,Home Office,Electronics,Tablet,4,99,0,396,93.47
1846,ORD01846,05-06-2024,West,,Consumer,Furniture,Desk,9,149,0.1,1206.9,245.63
1847,ORD01847,11-05-2024,north,,Corporate,Electronics,Monitor,5,199,0.15,845.75,161.57
1848,ORD01848,09-01-2025,North,CUST2177,Corporate,Office Supplies,Tablet,10,99,,990,57.54
1849,ORD01849,27-07-2025,South,,Consumer,Furniture,Headphones,8,299,0.15,2033.2,256.7
1850,ORD01850,02-12-2024,West,,Corporate,Office Supplies,Chair,10,499,,4990,1341.46
1851,ORD01851,28-05-2024,North,CUST1379,Home Office,Furniture,Laptop,1,999,0.15,849.15,69.65
1852,ORD01852,03-02-2025,West,CUST1446,Consumer,Furniture,Tablet,7,799,0.15,4754.05,761.27
1853,ORD01853,01-05-2025,WEST,CUST1351,Home Office,Office Supplies,Laptop,3,199,0.1,537.3,65.5
1854,ORD01854,25-11-2025,North,,Home Office,Office Supplies,Printer,3,299,0.15,762.45,155.43
1855,ORD01855,11-11-2024,South,CUST2844,Home Office,Office Supplies,Printer,9,499,0.15,3817.35,760.27
1856,ORD01856,01-06-2025,West,CUST1695,Consumer,Furniture,Tablet,6,999,0.15,5094.9,1072.53
1857,ORD01857,16-05-2025,East,,Corporate,Office Supplies,Laptop,6,99,0.05,564.3,50.92
1858,ORD01858,29-09-2025,North,CUST1270,Home Office,Furniture,Tablet,8,799,0.05,6072.4,1520.97
1859,ORD01859,05-05-2025,East,,Corporate,Furniture,Desk,8,999,0.05,7592.4,1519.2
1860,ORD01860,05-02-2024,West,,Home Office,Furniture,Printer,4,299,0.1,1076.4,294.94
1861,ORD01861,17-03-2025,North,,Consumer,Furniture,Laptop,3,149,0.05,424.65,42.41
1862,ORD01862,15-06-2025,north,,Corporate,Furniture,Headphones,3,499,0.15,1272.45,149
1863,ORD01863,28-12-2024,South,,Consumer,Office Supplies,Headphones,3,149,,447,111.4
1864,ORD01864,16-09-2024,WEST,CUST1361,Consumer,Office Supplies,Monitor,10,199,,1990,105.36
1865,ORD01865,25-07-2025,north,,Consumer,Furniture,Phone,9,199,0.15,1522.35,128.11
1866,ORD01866,20-04-2024,north,,Corporate,Furniture,Tablet,7,499,0.05,3318.35,789.78
1867,ORD01867,18-02-2025,East,CUST2210,Home Office,Electronics,Monitor,5,299,0,1495,379.59
1868,ORD01868,08-01-2025,north,,Consumer,Office Supplies,Phone,10,199,0.15,1691.5,490.21
1869,ORD01869,05-02-2024,north,CUST2315,Consumer,Office Supplies,Laptop,4,,0,596,157.19
1870,ORD01870,25-08-2024,WEST,CUST1707,Home Office,Furniture,Monitor,2,99,0.1,178.2,37.2
1871,ORD01871,20-03-2024,East,CUST1158,Home Office,Furniture,Laptop,1,199,0.05,189.05,28.58
1872,ORD01872,11-08-2025,North,,Corporate,Furniture,Printer,9,799,0.1,6471.9,338.03
1873,ORD01873,13-01-2024,North,,Corporate,Furniture,Laptop,1,999,0.1,899.1,235.19
1874,ORD01874,25-02-2025,East,,Home Office,Electronics,Phone,10,299,0.1,2691,338.74
1875,ORD01875,20-05-2025,North,CUST2281,Home Office,Office Supplies,Desk,3,999,0,2997,420.3
1876,ORD01876,11-02-2024,East,,Consumer,Furniture,Chair,10,799,0.15,6791.5,1947.04
1877,ORD01877,24-03-2024,South,CUST1109,Corporate,Office Supplies,Laptop,10,99,0.15,841.5,72.72
1878,ORD01878,11-04-2024,North,CUST1369,Home Office,Office Supplies,Desk,4,999,0.1,3596.4,773.31
1879,ORD01879,17-06-2025,WEST,,Corporate,Electronics,Phone,6,999,0,5994,1233.31
1880,ORD01880,25-08-2024,North,CUST2394,Consumer,Furniture,Phone,9,499,0.05,4266.45,1014.38
1881,ORD01881,31-03-2024,East,CUST1195,Corporate,Furniture,Desk,3,499,0,1497,397.68
1882,ORD01882,11-11-2025,WEST,CUST2205,Consumer,Office Supplies,Phone,2,799,0.15,1358.3,360.99
1883,ORD01883,30-12-2024,South,,Corporate,Office Supplies,Tablet,8,199,0.05,1512.4,391.81
1884,ORD01884,30-12-2024,north,CUST2280,Corporate,Furniture,Laptop,9,299,,2691,460.16
1885,ORD01885,11-11-2024,West,,Corporate,Office Supplies,Desk,7,799,,5593,1631.6
1886,ORD01886,30-07-2025,north,CUST2838,Home Office,Furniture,Monitor,2,99,,198,25.01
1887,ORD01887,04-09-2024,East,,Home Office,Furniture,Headphones,9,149,0.15,1139.85,227.46
1888,ORD01888,18-11-2024,WEST,,Corporate,Furniture,Chair,6,499,0,2994,381.37
1889,ORD01889,03-05-2024,North,,Home Office,Electronics,Tablet,8,999,0.05,7592.4,799.83
1890,ORD01890,09-06-2025,West,,Consumer,Furniture,Monitor,1,99,0.05,94.05,25.51
1891,ORD01891,23-10-2024,East,CUST2026,Consumer,Electronics,Tablet,6,,0.1,534.6,127.4
1892,ORD01892,16-12-2024,North,CUST2535,Home Office,Electronics,Chair,5,299,0,1495,114.73
1893,ORD01893,09-07-2025,West,,Home Office,Furniture,Headphones,6,99,0.15,504.9,110.95
1894,ORD01894,29-08-2025,East,,Corporate,Office Supplies,Desk,1,499,0.05,474.05,125.04
1895,ORD01895,19-09-2024,North,,Home Office,Electronics,Printer,3,99,0.15,252.45,72.36
1896,ORD01896,28-06-2024,East,,Home Office,Office Supplies,Laptop,,999,0.15,1698.3,427.07
1897,ORD01897,23-11-2025,East,CUST1327,Consumer,Office Supplies,Desk,10,149,0,1490,155.69
1898,ORD01898,15-06-2025,East,CUST1594,Consumer,Furniture,Monitor,3,499,0.05,1422.15,204.95
1899,ORD01899,25-11-2024,West,,Consumer,Office Supplies,Laptop,5,149,,745,50.66
1900,ORD01900,16-01-2024,WEST,,Home Office,Furniture,Printer,1,999,0.15,849.15,246.02
1901,ORD01901,10-03-2024,East,CUST1224,Home Office,Electronics,Tablet,10,499,0.05,4740.5,1263.65
1902,ORD01902,20-07-2025,north,,Home Office,Furniture,Phone,3,999,0.1,2697.3,217.34
1903,ORD01903,03-05-2025,north,,Consumer,Electronics,Tablet,3,999,0.1,2697.3,531.37
1904,ORD01904,13-05-2024,South,CUST2547,Corporate,Office Supplies,Headphones,2,299,0.05,568.1,55.03
1905,ORD01905,01-04-2025,South,,Home Office,Furniture,Laptop,8,149,0.1,1072.8,64.13
1906,ORD01906,17-03-2024,north,,Consumer,Electronics,Chair,5,999,,4995,1169.44
1907,ORD01907,14-02-2025,East,,Corporate,Office Supplies,Tablet,7,499,0.15,2969.05,315.21
1908,ORD01908,21-09-2025,north,,Corporate,Electronics,Laptop,8,499,0,3992,905.53
1909,ORD01909,29-09-2025,West,,Corporate,Furniture,Printer,8,99,0.05,752.4,194.48
1910,ORD01910,02-10-2025,South,CUST1163,Consumer,Office Supplies,Headphones,10,,,2990,588.09
1911,ORD01911,12-07-2024,WEST,CUST2785,Corporate,Furniture,Desk,5,99,0.15,420.75,69.16
1912,ORD01912,13-01-2024,West,,Home Office,Office Supplies,Desk,3,99,0.1,267.3,36.86
1913,ORD01913,21-06-2025,West,,Consumer,Furniture,Tablet,3,199,0.15,507.45,127.62
1914,ORD01914,26-09-2024,WEST,,Home Office,Furniture,Chair,9,99,0.05,846.45,216.79
1915,ORD01915,12-01-2024,East,,Consumer,Office Supplies,Printer,1,799,0.05,759.05,156.88
1916,ORD01916,08-02-2025,East,,Corporate,Furniture,Chair,1,199,0.05,189.05,51.04
1917,ORD01917,08-02-2025,East,CUST1431,Home Office,Office Supplies,Printer,1,299,0.05,284.05,30.17
1918,ORD01918,13-03-2025,South,,Corporate,Furniture,Phone,1,99,0.1,89.1,7.31
1919,ORD01919,19-08-2025,West,,Corporate,Office Supplies,Phone,3,199,0.05,567.15,99.53
1920,ORD01920,17-02-2024,East,CUST2529,Corporate,Electronics,Desk,9,799,0,7191,575.53
1921,ORD01921,17-10-2025,South,CUST1936,Home Office,Electronics,Headphones,2,199,0.15,338.3,66.29
1922,ORD01922,17-10-2025,North,,Corporate,Electronics,Monitor,6,199,0.15,1014.9,127.16
1923,ORD01923,17-06-2024,West,CUST2235,Home Office,Electronics,Monitor,3,99,,297,39.6
1924,ORD01924,04-11-2024,West,CUST1129,Consumer,Office Supplies,Desk,5,99,0.1,445.5,41.3
1925,ORD01925,10-03-2024,North,CUST2509,Corporate,Office Supplies,Laptop,2,999,0.1,1798.2,264.73
1926,ORD01926,28-11-2025,north,,Consumer,Furniture,Tablet,6,799,0.05,4554.3,1342.1
1927,ORD01927,30-03-2024,north,CUST1226,Home Office,Furniture,Monitor,9,99,0.15,757.35,165.33
1928,ORD01928,07-09-2025,north,,Corporate,Office Supplies,Printer,2,799,0.1,1438.2,160.91
1929,ORD01929,07-03-2024,North,,Corporate,Furniture,Monitor,8,799,0.05,6072.4,710.33
1930,ORD01930,09-02-2024,South,CUST2472,Home Office,Furniture,Headphones,8,199,0,1592,143.2
1931,ORD01931,23-11-2024,north,,Corporate,Electronics,Desk,6,149,0.1,804.6,70.19
1932,ORD01932,30-01-2025,East,,Consumer,Furniture,Desk,8,799,,6392,1212.43
1933,ORD01933,15-11-2024,WEST,,Consumer,Furniture,Chair,1,499,0.05,474.05,133.04
1934,ORD01934,02-09-2024,WEST,,Corporate,Electronics,Chair,9,499,,4491,1227.58
1935,ORD01935,08-12-2025,East,CUST2694,Consumer,Office Supplies,Desk,,799,0.05,6831.45,479.29
1936,ORD01936,23-02-2025,South,,Home Office,Office Supplies,Headphones,10,199,,1990,350.38
1937,ORD01937,14-12-2024,South,,Home Office,Electronics,Tablet,2,499,,998,253.56
1938,ORD01938,19-02-2024,WEST,,Corporate,Electronics,Printer,9,999,0,8991,1899.61
1939,ORD01939,18-02-2024,West,CUST2713,Consumer,Office Supplies,Laptop,2,99,0,198,13.98
1940,ORD01940,11-05-2024,South,CUST2281,Consumer,Electronics,Chair,10,299,,2990,877.42
1941,ORD01941,08-10-2024,WEST,CUST2429,Consumer,Office Supplies,Desk,8,99,0.15,673.2,58.11
1942,ORD01942,27-10-2025,South,,Corporate,Furniture,Desk,1,999,0.15,849.15,105
1943,ORD01943,05-05-2025,South,,Corporate,Furniture,Laptop,7,149,0,1043,142.95
1944,ORD01944,20-06-2025,North,,Consumer,Electronics,Phone,8,99,0.15,673.2,56.98
1945,ORD01945,21-09-2025,North,,Corporate,Furniture,Tablet,9,99,0.05,846.45,191.56
1946,ORD01946,09-11-2024,South,CUST2351,Home Office,Furniture,Printer,8,799,,6392,997.3
1947,ORD01947,27-07-2024,north,,Consumer,Electronics,Headphones,7,999,,6993,1719.96
1948,ORD01948,04-07-2025,West,CUST1588,Corporate,Furniture,Desk,,299,0,897,139.36
1949,ORD01949,18-02-2025,East,,Home Office,Electronics,Headphones,1,149,0.15,126.65,24.6
1950,ORD01950,19-11-2025,WEST,,Consumer,Electronics,Monitor,8,299,0.1,2152.8,188.5
1951,ORD01951,15-10-2025,WEST,,Home Office,Electronics,Tablet,5,999,0.15,4245.75,759.16
1952,ORD01952,08-09-2025,East,,Corporate,Office Supplies,Phone,5,499,0.1,2245.5,509.91
1953,ORD01953,08-01-2025,North,,Consumer,Office Supplies,Laptop,7,99,0.15,589.05,162.72
1954,ORD01954,04-03-2025,East,CUST2255,Consumer,Furniture,Chair,8,149,0.1,1072.8,200.33
1955,ORD01955,12-12-2024,West,CUST1893,Home Office,Electronics,Chair,5,299,,1495,299.88
1956,ORD01956,11-08-2025,WEST,,Consumer,Electronics,Chair,10,199,0.05,1890.5,435.36
1957,ORD01957,27-08-2024,North,CUST2844,Home Office,Electronics,Tablet,1,999,0.15,849.15,99.2
1958,ORD01958,01-05-2024,East,,Consumer,Electronics,Monitor,7,149,0.15,886.55,185.5
1959,ORD01959,30-03-2024,North,,Home Office,Electronics,Monitor,2,99,,198,36.99
1960,ORD01960,09-05-2025,West,CUST1795,Corporate,Office Supplies,Monitor,8,99,0.1,712.8,41.16
1961,ORD01961,20-11-2024,WEST,,Corporate,Electronics,Laptop,5,499,0.15,2120.75,412.16
1962,ORD01962,14-12-2025,north,,Corporate,Furniture,Monitor,7,99,,693,187.07
1963,ORD01963,23-07-2024,East,CUST2275,Corporate,Furniture,Laptop,9,499,,4491,1126
1964,ORD01964,01-07-2025,East,,Home Office,Office Supplies,Tablet,10,149,0.1,1341,293.08
1965,ORD01965,29-09-2024,north,,Consumer,Electronics,Phone,7,799,,5593,1070.94
1966,ORD01966,21-12-2024,South,,Home Office,Electronics,Laptop,7,99,,693,37.81
1967,ORD01967,05-08-2024,East,CUST2489,Corporate,Office Supplies,Printer,2,149,0.1,268.2,66.26
1968,ORD01968,15-11-2025,West,,Home Office,Furniture,Printer,10,199,0,1990,568.97
1969,ORD01969,13-01-2025,West,CUST2387,Home Office,Office Supplies,Phone,10,99,,990,219.76
1970,ORD01970,04-06-2024,South,,Consumer,Furniture,Printer,1,799,0.15,679.15,99
1971,ORD01971,30-03-2024,West,,Corporate,Office Supplies,Tablet,4,499,0,1996,141.81
1972,ORD01972,22-08-2025,West,,Home Office,Furniture,Laptop,7,999,0.1,6293.7,650.73
1973,ORD01973,19-09-2025,north,,Home Office,Office Supplies,Desk,1,299,0.1,269.1,57.98
1974,ORD01974,20-07-2024,West,,Home Office,Office Supplies,Desk,3,149,,447,85.91
1975,ORD01975,01-08-2025,East,CUST2070,Corporate,Electronics,Printer,10,499,0.15,4241.5,1257.62
1976,ORD01976,02-09-2024,north,,Home Office,Furniture,Laptop,4,199,0,796,199.98
1977,ORD01977,05-07-2024,WEST,,Corporate,Office Supplies,Headphones,7,199,0,1393,210.84
1978,ORD01978,22-06-2024,South,CUST2825,Home Office,Electronics,Printer,,999,,2997,319.75
1979,ORD01979,15-06-2025,north,,Corporate,Electronics,Printer,9,299,0.1,2421.9,459.47
1980,ORD01980,16-08-2025,East,,Consumer,Office Supplies,Tablet,5,199,0.05,945.25,60.56
1981,ORD01981,18-02-2024,WEST,CUST1898,Corporate,Electronics,Phone,9,799,0,7191,1260.21
1982,ORD01982,10-01-2024,South,,Corporate,Office Supplies,Printer,1,199,0.1,179.1,31.88
1983,ORD01983,01-06-2025,north,,Corporate,Furniture,Chair,1,799,0.05,759.05,129.9
1984,ORD01984,28-01-2025,East,,Consumer,Furniture,Monitor,7,99,,693,57.67
1985,ORD01985,07-10-2025,East,CUST1811,Consumer,Electronics,Printer,5,999,0.15,4245.75,437.03
1986,ORD01986,05-12-2025,South,,Home Office,Electronics,Chair,7,149,0,1043,232.14
1987,ORD01987,14-01-2025,North,,Corporate,Furniture,Laptop,1,999,0.15,849.15,207.3
1988,ORD01988,20-02-2024,North,,Home Office,Electronics,Monitor,4,799,0.05,3036.2,563.71
1989,ORD01989,26-08-2024,WEST,,Home Office,Electronics,Phone,3,999,0.1,2697.3,744.54
1990,ORD01990,03-12-2025,South,,Corporate,Office Supplies,Headphones,4,499,0.15,1696.6,282.35
1991,ORD01991,17-06-2024,North,,Consumer,Office Supplies,Headphones,6,499,0.15,2544.9,260.78
1992,ORD01992,22-09-2025,West,,Home Office,Electronics,Tablet,1,499,0,499,84.3
1993,ORD01993,12-06-2024,West,,Corporate,Electronics,Chair,4,149,0,596,62.66
1994,ORD01994,25-04-2025,north,,Consumer,Furniture,Tablet,2,499,0.05,948.1,171.04
1995,ORD01995,06-06-2024,East,,Home Office,Furniture,Phone,5,299,0.1,1345.5,364.13
1996,ORD01996,02-08-2025,North,,Corporate,Furniture,Desk,1,299,0.1,269.1,36.21
1997,ORD01997,08-06-2025,North,,Home Office,Furniture,Desk,6,149,,894,225.6
1998,ORD01998,19-04-2025,South,CUST2562,Consumer,Electronics,Phone,5,199,0.05,945.25,152.2
1999,ORD01999,08-02-2025,West,,Corporate,Electronics,Desk,6,799,,4794,412.82
2000,ORD02000,13-11-2024,South,,Corporate,Office Supplies,Phone,9,999,0.05,8541.45,1712.7
2001,ORD02001,12-06-2024,WEST,,Consumer,Furniture,Chair,8,799,,6392,952.42
2002,ORD02002,10-12-2024,north,,Consumer,Office Supplies,Tablet,7,999,0.05,6643.35,1426.82
2003,ORD02003,21-11-2025,North,,Consumer,Electronics,Printer,3,499,0.05,1422.15,138.77
2004,ORD02004,21-04-2025,north,,Corporate,Office Supplies,Laptop,4,199,0,796,160.95
2005,ORD02005,05-03-2024,North,CUST2082,Consumer,Furniture,Phone,5,149,,745,91.27
2006,ORD02006,19-08-2025,north,CUST2431,Home Office,Electronics,Phone,2,149,,298,82.29
2007,ORD02007,03-09-2024,North,CUST1251,Consumer,Office Supplies,Tablet,1,799,0.05,759.05,189.23
2008,ORD02008,25-06-2024,north,,Corporate,Furniture,Phone,4,299,0.1,1076.4,206.83
2009,ORD02009,02-11-2025,South,,Consumer,Office Supplies,Monitor,2,799,0.05,1518.1,403.53
2010,ORD02010,25-12-2024,West,,Consumer,Electronics,Headphones,,299,0,299,30.66
2011,ORD02011,08-06-2025,WEST,,Corporate,Office Supplies,Laptop,3,99,,297,51.27
2012,ORD02012,23-05-2024,north,CUST1796,Corporate,Office Supplies,Chair,3,299,0.05,852.15,103.43
2013,ORD02013,05-03-2025,North,,Home Office,Electronics,Printer,3,999,0.05,2847.15,427.58
2014,ORD02014,07-11-2025,East,,Home Office,Office Supplies,Monitor,2,799,0.1,1438.2,190.78
2015,ORD02015,12-02-2024,West,,Home Office,Office Supplies,Printer,6,199,0.15,1014.9,92.26
2016,ORD02016,09-10-2024,South,CUST2813,Home Office,Electronics,Printer,10,999,0.15,8491.5,1169.7
2017,ORD02017,05-12-2024,north,,Corporate,Office Supplies,Monitor,4,149,0.15,506.6,57.29
2018,ORD02018,07-01-2024,South,CUST1683,Home Office,Office Supplies,Chair,8,99,0.1,712.8,78.1
2019,ORD02019,14-11-2024,WEST,CUST1082,Corporate,Electronics,Monitor,1,149,,149,31.28
2020,ORD02020,11-06-2024,East,,Home Office,Furniture,Tablet,,799,0,7990,1639.21
2021,ORD02021,30-05-2024,West,CUST2496,Consumer,Furniture,Chair,4,99,,396,40.06
2022,ORD02022,27-04-2025,South,CUST1095,Home Office,Furniture,Laptop,4,,0.05,376.2,42.85
2023,ORD02023,04-04-2025,East,,Corporate,Electronics,Tablet,5,799,,3995,382.53
2024,ORD02024,27-11-2025,East,,Consumer,Furniture,Phone,3,149,0,447,77.98
2025,ORD02025,14-07-2025,north,,Consumer,Office Supplies,Phone,3,99,0.15,252.45,56.57
2026,ORD02026,08-07-2024,north,CUST1688,Home Office,Electronics,Monitor,5,199,,995,148.26
2027,ORD02027,05-10-2025,North,,Home Office,Office Supplies,Tablet,5,299,0.15,1270.75,91.09
2028,ORD02028,22-05-2024,West,,Corporate,Furniture,Chair,8,99,0.1,712.8,124.76
2029,ORD02029,02-07-2025,East,,Corporate,Office Supplies,Printer,3,499,0.05,1422.15,332.92
2030,ORD02030,15-09-2025,West,,Corporate,Electronics,Printer,1,799,0.05,759.05,149.25
2031,ORD02031,20-08-2024,WEST,CUST1781,Home Office,Electronics,Printer,2,149,0.15,253.3,70.26
2032,ORD02032,11-03-2025,north,CUST1969,Corporate,Furniture,Laptop,9,149,,1341,77.48
2033,ORD02033,18-03-2025,West,,Consumer,Office Supplies,Chair,4,799,0,3196,237.49
2034,ORD02034,15-08-2025,WEST,,Corporate,Furniture,Chair,3,299,0.1,807.3,127.82
2035,ORD02035,24-04-2024,South,CUST1668,Consumer,Furniture,Desk,1,999,0.05,949.05,170.66
2036,ORD02036,25-09-2024,West,CUST2608,Corporate,Office Supplies,Chair,8,199,0.15,1353.2,368.29
2037,ORD02037,02-09-2024,WEST,CUST1403,Corporate,Electronics,Laptop,3,99,0.05,282.15,53.35
2038,ORD02038,20-09-2025,WEST,CUST1528,Consumer,Electronics,Laptop,7,299,0.05,1988.35,377.19
2039,ORD02039,13-09-2024,South,,Home Office,Electronics,Phone,3,199,0,597,107.12
2040,ORD02040,06-06-2025,East,CUST2094,Consumer,Office Supplies,Printer,4,199,0.1,716.4,63.02
2041,ORD02041,26-12-2024,north,CUST2445,Home Office,Office Supplies,Desk,8,799,0,6392,492.94
2042,ORD02042,09-11-2025,WEST,,Home Office,Office Supplies,Printer,6,199,,1194,326.13
2043,ORD02043,27-04-2024,WEST,,Corporate,Electronics,Monitor,10,799,0.15,6791.5,1991.63
2044,ORD02044,21-09-2024,WEST,,Corporate,Electronics,Printer,1,199,0.1,179.1,44.2
2045,ORD02045,18-05-2025,South,,Home Office,Office Supplies,Tablet,6,149,0.15,759.9,60.29
2046,ORD02046,16-03-2025,West,,Home Office,Furniture,Chair,3,799,,2397,357.45
2047,ORD02047,12-03-2024,South,,Corporate,Office Supplies,Printer,8,999,0.1,7192.8,381.39
2048,ORD02048,17-01-2025,West,,Corporate,Electronics,Desk,2,499,0.05,948.1,87
2049,ORD02049,05-06-2025,WEST,,Corporate,Furniture,Printer,5,999,,4995,931.13
2050,ORD02050,03-09-2025,South,,Home Office,Electronics,Phone,8,99,0.05,752.4,185.84
2051,ORD02051,14-08-2025,WEST,,Home Office,Furniture,Desk,9,999,0.05,8541.45,1257.75
2052,ORD02052,16-12-2024,WEST,CUST1085,Corporate,Electronics,Headphones,10,199,0.15,1691.5,301.58
2053,ORD02053,24-09-2025,South,,Consumer,Office Supplies,Tablet,10,199,0.1,1791,179.26
2054,ORD02054,04-11-2024,East,,Corporate,Furniture,Laptop,2,149,0,298,45.57
2055,ORD02055,12-04-2024,WEST,CUST1481,Consumer,Furniture,Tablet,7,149,0,1043,66.92
2056,ORD02056,22-09-2024,South,,Corporate,Electronics,Phone,7,799,0,5593,730.77
2057,ORD02057,24-04-2025,north,,Home Office,Electronics,Desk,3,99,0.1,267.3,69.9
2058,ORD02058,24-08-2025,WEST,,Home Office,Electronics,Desk,5,499,0,2495,284.81
2059,ORD02059,01-09-2024,north,CUST1739,Consumer,Furniture,Tablet,5,999,0.15,4245.75,270.05
2060,ORD02060,24-05-2025,West,,Corporate,Office Supplies,Printer,9,99,,891,240.27
2061,ORD02061,30-11-2025,East,CUST2803,Corporate,Electronics,Chair,6,99,,594,142.78
2062,ORD02062,09-12-2024,East,CUST2594,Home Office,Electronics,Laptop,4,199,0,796,215.04
2063,ORD02063,06-05-2024,North,,Home Office,Electronics,Tablet,7,299,0,2093,600
2064,ORD02064,24-06-2025,North,,Home Office,Office Supplies,Headphones,3,99,,297,72.96
2065,ORD02065,01-04-2025,north,,Home Office,Furniture,Desk,1,149,0.15,126.65,23.49
2066,ORD02066,26-11-2025,north,CUST2410,Home Office,Furniture,Phone,2,149,0.05,283.1,42.41
2067,ORD02067,27-02-2025,WEST,,Home Office,Office Supplies,Headphones,3,499,0.1,1347.3,192.27
2068,ORD02068,08-11-2025,South,,Corporate,Electronics,Chair,9,499,0.05,4266.45,609.11
2069,ORD02069,16-03-2025,WEST,,Corporate,Office Supplies,Phone,5,299,0.15,1270.75,351.74
2070,ORD02070,18-06-2024,WEST,,Corporate,Electronics,Chair,8,299,0,2392,394.58
2071,ORD02071,17-08-2025,West,,Corporate,Furniture,Phone,4,799,0.15,2716.6,543.42
2072,ORD02072,14-06-2024,South,,Consumer,Electronics,Laptop,2,299,0.1,538.2,147.37
2073,ORD02073,02-09-2025,West,CUST2620,Home Office,Furniture,Laptop,5,999,0.15,4245.75,1083.8
2074,ORD02074,05-03-2025,West,,Home Office,Furniture,Headphones,3,499,,1497,280.93
2075,ORD02075,29-11-2024,North,,Home Office,Office Supplies,Tablet,10,149,,1490,99.06
2076,ORD02076,05-12-2025,WEST,CUST1715,Home Office,Office Supplies,Tablet,2,149,0,298,39.37
2077,ORD02077,29-10-2024,North,,Home Office,Electronics,Laptop,5,499,0.1,2245.5,671.41
2078,ORD02078,30-06-2024,South,CUST1630,Home Office,Office Supplies,Laptop,5,99,0.15,420.75,99.13
2079,ORD02079,12-03-2025,North,CUST1932,Home Office,Office Supplies,Tablet,7,299,0.1,1883.7,302.41
2080,ORD02080,07-05-2024,north,,Consumer,Electronics,Phone,10,499,0,4990,605.61
2081,ORD02081,10-07-2024,WEST,,Corporate,Office Supplies,Tablet,3,149,0.1,402.3,118.73
2082,ORD02082,26-10-2025,South,CUST2581,Home Office,Office Supplies,Printer,2,149,0.1,268.2,40.55
2083,ORD02083,05-09-2025,North,,Consumer,Office Supplies,Chair,5,999,0.05,4745.25,1100.04
2084,ORD02084,16-07-2025,South,,Corporate,Furniture,Chair,2,799,0,1598,346.75
2085,ORD02085,20-12-2025,WEST,,Corporate,Furniture,Laptop,5,299,0.15,1270.75,311.63
2086,ORD02086,05-12-2025,East,,Corporate,Furniture,Chair,1,499,,499,106
2087,ORD02087,18-12-2024,WEST,CUST2432,Consumer,Furniture,Monitor,4,99,0.05,376.2,19.09
2088,ORD02088,07-11-2025,South,,Corporate,Office Supplies,Monitor,3,99,0,297,31.11
2089,ORD02089,07-04-2024,South,CUST2553,Corporate,Office Supplies,Laptop,5,99,0.15,420.75,41.01
2090,ORD02090,11-05-2024,north,,Home Office,Electronics,Desk,8,499,0,3992,406.58
2091,ORD02091,05-03-2025,East,,Home Office,Office Supplies,Desk,2,999,0.15,1698.3,288.06
2092,ORD02092,06-10-2025,East,,Home Office,Electronics,Monitor,7,149,0.05,990.85,249.93
2093,ORD02093,16-04-2025,North,,Consumer,Furniture,Desk,1,499,0.1,449.1,104.16
2094,ORD02094,27-10-2025,North,CUST1850,Home Office,Office Supplies,Printer,4,499,0.05,1896.2,181.48
2095,ORD02095,20-12-2024,North,,Corporate,Furniture,Desk,2,799,0.05,1518.1,405.52
2096,ORD02096,12-09-2025,East,CUST2841,Consumer,Furniture,Printer,9,99,0.05,846.45,108.78
2097,ORD02097,26-04-2025,West,,Corporate,Electronics,Tablet,4,99,0.05,376.2,100.57
2098,ORD02098,24-03-2024,South,CUST2522,Corporate,Furniture,Phone,3,799,0.05,2277.15,287.06
2099,ORD02099,07-02-2025,WEST,,Home Office,Electronics,Phone,6,149,0.15,759.9,117.96
2100,ORD02100,03-06-2024,North,,Home Office,Electronics,Chair,8,499,0,3992,836.74
2101,ORD02101,17-08-2024,West,,Corporate,Electronics,Headphones,9,999,0.1,8091.9,1478.58
2102,ORD02102,09-01-2025,north,CUST1783,Consumer,Furniture,Headphones,8,299,0,2392,178.66
2103,ORD02103,27-03-2025,North,,Home Office,Office Supplies,Printer,3,499,0.15,1272.45,100.28
2104,ORD02104,11-02-2025,East,,Home Office,Electronics,Phone,2,299,,598,29.96
2105,ORD02105,12-09-2025,north,,Corporate,Office Supplies,Phone,4,99,,396,111.04
2106,ORD02106,04-08-2024,north,,Home Office,Furniture,Headphones,6,149,0.05,849.3,77.43
2107,ORD02107,19-03-2025,WEST,CUST2812,Corporate,Electronics,Phone,1,799,0.05,759.05,63.99
2108,ORD02108,12-12-2025,North,CUST1641,Home Office,Office Supplies,Laptop,8,299,0.15,2033.2,550.75
2109,ORD02109,31-12-2025,North,CUST2416,Consumer,Furniture,Tablet,3,199,,597,145.47
2110,ORD02110,01-01-2025,South,CUST1699,Home Office,Office Supplies,Desk,8,799,0,6392,1013.79
2111,ORD02111,17-11-2025,WEST,,Home Office,Furniture,Laptop,7,799,0.1,5033.7,1456.68
2112,ORD02112,18-05-2024,north,,Corporate,Office Supplies,Tablet,5,999,0,4995,1073.49
2113,ORD02113,10-11-2025,North,,Consumer,Furniture,Laptop,4,199,0.1,716.4,44.86
2114,ORD02114,18-11-2024,North,,Home Office,Furniture,Chair,1,99,0.05,94.05,9.71
2115,ORD02115,01-01-2025,WEST,,Corporate,Office Supplies,Chair,4,99,0,396,113.29
2116,ORD02116,20-03-2025,North,,Consumer,Furniture,Chair,4,99,0.05,376.2,66.78
2117,ORD02117,16-10-2024,North,CUST1307,Consumer,Furniture,Printer,5,149,0.1,670.5,59.35
2118,ORD02118,31-01-2024,north,CUST2558,Corporate,Furniture,Desk,1,299,0,299,25.02
2119,ORD02119,20-06-2024,West,,Corporate,Electronics,Tablet,7,99,0.1,623.7,76.46
2120,ORD02120,02-11-2025,South,CUST2339,Home Office,Electronics,Tablet,5,499,0.1,2245.5,388.1
2121,ORD02121,25-01-2025,north,,Corporate,Furniture,Monitor,7,99,,693,82.91
2122,ORD02122,16-02-2024,WEST,,Home Office,Electronics,Phone,7,149,0.1,938.7,132.99
2123,ORD02123,23-04-2024,north,,Corporate,Furniture,Monitor,4,799,0.15,2716.6,762.19
2124,ORD02124,22-03-2024,North,,Home Office,Office Supplies,Tablet,6,149,0,894,133.16
2125,ORD02125,06-05-2024,north,CUST2692,Corporate,Furniture,Headphones,3,149,,447,104.61
2126,ORD02126,16-06-2025,WEST,CUST1679,Home Office,Electronics,Monitor,2,299,0,598,129.32
2127,ORD02127,17-05-2024,North,,Home Office,Electronics,Printer,3,499,0.05,1422.15,348.99
2128,ORD02128,05-12-2024,WEST,,Home Office,Electronics,Chair,3,199,0.15,507.45,99.91
2129,ORD02129,25-02-2024,East,,Corporate,Electronics,Headphones,,99,0.1,623.7,149.57
2130,ORD02130,02-07-2025,East,CUST2987,Corporate,Furniture,Printer,7,999,0,6993,1414.15
2131,ORD02131,19-02-2025,north,,Corporate,Furniture,Chair,4,299,,1196,280.76
2132,ORD02132,08-11-2025,West,CUST2372,Consumer,Office Supplies,Tablet,10,99,0.1,891,124.11
2133,ORD02133,05-08-2024,North,,Consumer,Furniture,Printer,5,149,0.1,670.5,39.22
2134,ORD02134,05-01-2024,WEST,CUST2545,Corporate,Furniture,Desk,7,199,0.15,1184.05,89.18
2135,ORD02135,24-12-2024,South,,Consumer,Furniture,Headphones,6,99,,594,154.25
2136,ORD02136,18-08-2025,West,,Home Office,Office Supplies,Headphones,4,799,0.05,3036.2,517.79
2137,ORD02137,07-12-2025,South,,Corporate,Electronics,Laptop,1,999,0.1,899.1,45.05
2138,ORD02138,30-03-2025,South,,Home Office,Electronics,Tablet,10,149,0.15,1266.5,240.61
2139,ORD02139,03-12-2024,North,,Corporate,Office Supplies,Chair,2,99,0,198,52.4
2140,ORD02140,18-01-2025,East,,Corporate,Furniture,Phone,3,149,,447,99.56
2141,ORD02141,24-05-2025,East,CUST2627,Consumer,Furniture,Printer,2,499,0.05,948.1,154.47
2142,ORD02142,09-02-2025,West,,Consumer,Office Supplies,Monitor,2,199,0.1,358.2,99.76
2143,ORD02143,09-10-2024,North,CUST1034,Consumer,Furniture,Desk,10,499,0,4990,908.76
2144,ORD02144,29-09-2025,West,,Consumer,Furniture,Monitor,9,149,0.05,1273.95,228.62
2145,ORD02145,23-05-2025,West,,Home Office,Furniture,Monitor,7,99,0.15,589.05,34.6
2146,ORD02146,17-12-2025,north,,Corporate,Furniture,Printer,5,499,0.05,2370.25,635.65
2147,ORD02147,08-03-2024,East,,Consumer,Electronics,Desk,6,199,,1194,321.03
2148,ORD02148,06-03-2025,North,,Consumer,Furniture,Phone,8,499,0.1,3592.8,1022.5
2149,ORD02149,15-08-2024,WEST,,Home Office,Office Supplies,Desk,5,999,,4995,522.52
2150,ORD02150,01-09-2024,East,,Consumer,Furniture,Monitor,2,499,0.1,898.2,115.35
2151,ORD02151,18-07-2024,North,,Home Office,Electronics,Laptop,1,799,,799,133.22
2152,ORD02152,30-04-2024,East,CUST2796,Corporate,Electronics,Chair,,149,0.1,134.1,26.62
2153,ORD02153,21-03-2025,East,,Consumer,Furniture,Laptop,4,999,,3996,1181.49
2154,ORD02154,09-05-2025,North,CUST2359,Home Office,Office Supplies,Headphones,5,,,4995,267.48
2155,ORD02155,06-08-2025,East,,Home Office,Office Supplies,Desk,8,199,,1592,98.33
2156,ORD02156,27-06-2025,WEST,,Consumer,Electronics,Laptop,8,99,0.1,712.8,68.58
2157,ORD02157,09-08-2025,South,,Consumer,Electronics,Phone,3,999,0.15,2547.45,399.06
2158,ORD02158,27-05-2025,West,,Consumer,Furniture,Tablet,1,149,,149,18.96
2159,ORD02159,25-12-2024,West,,Consumer,Office Supplies,Chair,10,199,0,1990,402.35
2160,ORD02160,17-04-2024,WEST,,Consumer,Furniture,Desk,6,299,0,1794,186.6
2161,ORD02161,02-02-2025,north,CUST2129,Consumer,Electronics,Monitor,3,499,0,1497,298.36
2162,ORD02162,09-04-2024,South,,Home Office,Electronics,Desk,5,499,0.05,2370.25,494.09
2163,ORD02163,16-12-2024,East,,Home Office,Electronics,Monitor,10,149,0.15,1266.5,324.64
2164,ORD02164,02-09-2025,West,,Home Office,Electronics,Headphones,3,99,0.05,282.15,81.99
2165,ORD02165,03-12-2024,West,CUST2637,Consumer,Electronics,Monitor,4,999,0,3996,384.55
2166,ORD02166,22-10-2025,West,CUST1744,Consumer,Office Supplies,Desk,1,199,,199,17.67
2167,ORD02167,06-04-2024,north,CUST1524,Home Office,Furniture,Desk,3,999,0.05,2847.15,302.59
2168,ORD02168,24-09-2024,West,,Corporate,Furniture,Chair,10,199,0,1990,553.03
2169,ORD02169,01-03-2024,WEST,CUST1588,Home Office,Electronics,Phone,1,99,0.1,89.1,16.2
2170,ORD02170,23-12-2025,WEST,,Home Office,Electronics,Headphones,1,499,0.15,424.15,116.97
2171,ORD02171,24-10-2025,North,,Corporate,Office Supplies,Headphones,4,149,,596,102.62
2172,ORD02172,30-01-2024,East,CUST1872,Home Office,Electronics,Laptop,4,999,0,3996,558.55
2173,ORD02173,21-11-2025,South,,Home Office,Furniture,Chair,8,499,0.05,3792.4,302.37
2174,ORD02174,05-01-2024,WEST,,Corporate,Furniture,Monitor,8,799,0,6392,881.77
2175,ORD02175,17-11-2025,WEST,,Corporate,Office Supplies,Phone,4,299,0.15,1016.6,123.63
2176,ORD02176,18-03-2025,East,,Consumer,Electronics,Tablet,2,799,0.1,1438.2,367.64
2177,ORD02177,03-06-2025,South,,Home Office,Office Supplies,Chair,8,799,0,6392,1902.53
2178,ORD02178,11-10-2025,north,,Consumer,Office Supplies,Tablet,4,999,0.05,3796.2,1030.23
2179,ORD02179,25-10-2024,East,,Home Office,Electronics,Laptop,5,799,0.05,3795.25,347.36
2180,ORD02180,12-07-2024,East,,Home Office,Office Supplies,Phone,10,299,0.15,2541.5,215.1
2181,ORD02181,02-08-2024,South,,Home Office,Furniture,Phone,8,499,0,3992,520.35
2182,ORD02182,08-03-2025,West,,Corporate,Office Supplies,Laptop,3,199,0.05,567.15,135.03
2183,ORD02183,17-09-2025,West,,Corporate,Furniture,Headphones,4,499,0.05,1896.2,449.77
2184,ORD02184,12-09-2025,north,,Home Office,Furniture,Phone,8,799,0.15,5433.2,934.13
2185,ORD02185,12-05-2024,South,,Consumer,Electronics,Phone,5,799,0,3995,1163.87
2186,ORD02186,25-06-2024,West,,Consumer,Office Supplies,Chair,9,199,0,1791,101.51
2187,ORD02187,09-10-2025,East,,Consumer,Electronics,Chair,2,299,0.05,568.1,61.25
2188,ORD02188,02-06-2025,WEST,CUST2758,Home Office,Electronics,Laptop,7,199,0.15,1184.05,264.14
2189,ORD02189,10-09-2024,north,,Home Office,Electronics,Monitor,10,999,0.05,9490.5,2638
2190,ORD02190,07-01-2025,South,CUST1254,Consumer,Furniture,Phone,8,299,0.1,2152.8,556.24
2191,ORD02191,27-08-2025,East,,Home Office,Office Supplies,Desk,3,,0.15,762.45,113.91
2192,ORD02192,29-05-2024,South,,Corporate,Office Supplies,Tablet,1,299,0.1,269.1,15.63
2193,ORD02193,08-12-2024,East,,Home Office,Electronics,Printer,1,799,,799,209.2
2194,ORD02194,23-12-2024,north,,Consumer,Furniture,Laptop,1,199,0.15,169.15,46.48
2195,ORD02195,14-08-2025,South,,Corporate,Furniture,Printer,4,149,0.05,566.2,127.19
2196,ORD02196,25-09-2024,WEST,,Corporate,Furniture,Headphones,1,199,0,199,40.59
2197,ORD02197,23-05-2024,East,CUST1296,Corporate,Furniture,Monitor,3,149,,447,118.32
2198,ORD02198,08-09-2024,WEST,CUST2669,Home Office,Office Supplies,Headphones,9,999,0.15,7642.35,914.21
2199,ORD02199,13-08-2024,WEST,CUST2532,Consumer,Office Supplies,Desk,3,99,0.05,282.15,66.74
2200,ORD02200,11-12-2025,East,,Consumer,Electronics,Printer,10,199,,1990,534.07
2201,ORD02201,02-04-2025,South,,Corporate,Furniture,Monitor,6,99,0,594,142.53
2202,ORD02202,22-11-2025,West,CUST1716,Consumer,Furniture,Headphones,4,199,0.1,716.4,121.53
2203,ORD02203,16-08-2024,north,CUST1328,Home Office,Furniture,Phone,4,199,0.1,716.4,126.51
2204,ORD02204,14-05-2025,WEST,,Home Office,Office Supplies,Chair,9,299,0.05,2556.45,276.44
2205,ORD02205,17-07-2024,South,,Home Office,Furniture,Phone,6,149,0.1,804.6,143.22
2206,ORD02206,06-10-2025,north,CUST1185,Corporate,Office Supplies,Laptop,5,799,0.1,3595.5,518.43
2207,ORD02207,27-01-2025,South,,Consumer,Furniture,Chair,1,149,0.1,134.1,22.05
2208,ORD02208,09-10-2024,North,,Corporate,Electronics,Desk,5,799,0,3995,672.19
2209,ORD02209,12-12-2025,north,,Home Office,Electronics,Monitor,3,299,0,897,176.39
2210,ORD02210,25-03-2024,WEST,,Home Office,Office Supplies,Desk,5,799,,3995,545.6
2211,ORD02211,25-09-2024,West,,Corporate,Office Supplies,Desk,6,999,0.05,5694.3,921.6
2212,ORD02212,10-09-2024,South,,Corporate,Electronics,Chair,5,199,0.15,845.75,114.41
2213,ORD02213,03-06-2024,WEST,,Corporate,Office Supplies,Printer,7,199,,1393,168.82
2214,ORD02214,20-04-2025,North,,Consumer,Furniture,Monitor,2,499,0.05,948.1,48.38
2215,ORD02215,18-12-2024,South,CUST2398,Consumer,Office Supplies,Monitor,2,199,0.05,378.1,81.57
2216,ORD02216,19-09-2024,North,,Consumer,Electronics,Chair,9,299,0.1,2421.9,160.7
2217,ORD02217,26-09-2025,South,CUST2027,Corporate,Electronics,Printer,5,,,1495,139.4
2218,ORD02218,17-08-2024,West,,Home Office,Office Supplies,Printer,9,799,,7191,492.48
2219,ORD02219,25-03-2024,WEST,,Corporate,Electronics,Laptop,2,999,,1998,107.41
2220,ORD02220,28-06-2024,East,CUST2800,Corporate,Furniture,Phone,10,499,0,4990,553.43
2221,ORD02221,28-07-2025,West,,Home Office,Electronics,Monitor,7,149,,1043,284.81
2222,ORD02222,22-04-2024,East,,Home Office,Office Supplies,Tablet,8,799,0.1,5752.8,1087.63
2223,ORD02223,30-01-2025,North,CUST1048,Home Office,Electronics,Tablet,3,999,0,2997,485.15
2224,ORD02224,15-05-2025,north,,Corporate,Furniture,Desk,7,299,0.1,1883.7,517.65
2225,ORD02225,11-05-2024,South,,Consumer,Electronics,Chair,4,799,0.15,2716.6,320.35
2226,ORD02226,23-02-2024,north,,Corporate,Office Supplies,Tablet,9,299,0.05,2556.45,598.04
2227,ORD02227,24-08-2024,WEST,,Consumer,Office Supplies,Phone,9,199,0,1791,199.99
2228,ORD02228,28-11-2025,West,,Corporate,Furniture,Monitor,6,499,0.15,2544.9,429.21
2229,ORD02229,21-05-2024,north,,Home Office,Electronics,Printer,5,199,0,995,53.12
2230,ORD02230,03-12-2025,North,CUST2810,Corporate,Furniture,Laptop,2,799,0.05,1518.1,98.42
2231,ORD02231,15-07-2025,North,CUST1877,Home Office,Electronics,Phone,6,149,0.1,804.6,198.84
2232,ORD02232,03-06-2025,North,,Consumer,Furniture,Laptop,7,199,0.15,1184.05,129.38
2233,ORD02233,12-07-2025,North,,Consumer,Furniture,Printer,8,999,0,7992,2217.21
2234,ORD02234,19-05-2024,West,CUST1821,Consumer,Office Supplies,Monitor,3,99,0.05,282.15,78.82
2235,ORD02235,29-05-2024,north,,Corporate,Furniture,Phone,9,999,0.1,8091.9,2021.82
2236,ORD02236,02-04-2024,North,CUST1956,Consumer,Electronics,Monitor,4,999,0.15,3396.6,603.81
2237,ORD02237,17-07-2025,South,CUST2741,Consumer,Office Supplies,Printer,,799,0.05,7590.5,2172.56
2238,ORD02238,20-02-2024,West,,Consumer,Furniture,Tablet,2,799,0,1598,412.2
2239,ORD02239,18-01-2025,West,CUST2040,Home Office,Office Supplies,Tablet,3,99,0.15,252.45,12.82
2240,ORD02240,11-03-2024,South,,Corporate,Office Supplies,Monitor,6,149,0,894,56.48
2241,ORD02241,11-10-2025,South,,Home Office,Furniture,Chair,3,199,0,597,87.33
2242,ORD02242,25-09-2024,WEST,,Consumer,Office Supplies,Headphones,7,499,0.15,2969.05,520.86
2243,ORD02243,27-04-2024,WEST,,Home Office,Furniture,Desk,9,299,,2691,800.61
2244,ORD02244,16-12-2025,WEST,,Home Office,Furniture,Printer,3,799,0.05,2277.15,656.34
2245,ORD02245,04-04-2025,South,CUST2907,Corporate,Office Supplies,Monitor,8,999,,7992,467.44
2246,ORD02246,07-12-2025,East,CUST1269,Corporate,Furniture,Phone,2,299,,598,173.43
2247,ORD02247,13-06-2025,north,CUST2569,Corporate,Furniture,Headphones,10,799,0.1,7191,590.71
2248,ORD02248,18-06-2024,East,CUST2973,Corporate,Electronics,Desk,7,99,,693,67.94
2249,ORD02249,01-12-2024,North,,Corporate,Office Supplies,Tablet,1,499,0.15,424.15,107.33
2250,ORD02250,23-01-2024,East,CUST1657,Home Office,Office Supplies,Monitor,10,299,,2990,286.12
2251,ORD02251,08-01-2025,north,CUST2929,Consumer,Office Supplies,Phone,7,299,0,2093,160.65
2252,ORD02252,02-05-2024,WEST,CUST1388,Home Office,Furniture,Monitor,4,799,0,3196,232.6
2253,ORD02253,21-02-2024,WEST,CUST1301,Corporate,Electronics,Printer,8,999,0.15,6793.2,1422.32
2254,ORD02254,24-10-2025,North,,Home Office,Electronics,Monitor,7,799,,5593,1055.41
2255,ORD02255,26-06-2024,East,CUST2627,Consumer,Electronics,Monitor,6,999,0,5994,1373.27
2256,ORD02256,18-02-2024,north,,Consumer,Office Supplies,Phone,1,299,0.1,269.1,19.13
2257,ORD02257,21-12-2024,WEST,CUST1757,Home Office,Office Supplies,Laptop,9,999,0.05,8541.45,2033.43
2258,ORD02258,02-01-2025,South,CUST2313,Consumer,Office Supplies,Chair,4,799,0,3196,644.24
2259,ORD02259,10-06-2024,South,CUST1778,Home Office,Furniture,Phone,8,149,0.05,1132.4,271.67
2260,ORD02260,31-01-2025,North,,Consumer,Office Supplies,Desk,5,149,0,745,55.03
2261,ORD02261,20-06-2024,East,,Consumer,Office Supplies,Headphones,3,299,0.1,807.3,158.4
2262,ORD02262,31-08-2025,north,CUST2808,Home Office,Furniture,Phone,4,199,,796,207.12
2263,ORD02263,23-06-2025,north,,Corporate,Electronics,Monitor,3,999,0.05,2847.15,388.3
2264,ORD02264,17-11-2024,North,,Corporate,Office Supplies,Laptop,1,799,0.05,759.05,202.2
2265,ORD02265,31-05-2024,South,,Consumer,Furniture,Laptop,8,149,0.05,1132.4,81.36
2266,ORD02266,05-08-2025,north,,Consumer,Furniture,Headphones,6,799,0.05,4554.3,792.68
2267,ORD02267,21-11-2024,East,,Corporate,Furniture,Monitor,8,799,0.1,5752.8,1442.65
2268,ORD02268,20-05-2025,East,,Consumer,Electronics,Phone,5,499,,2495,146.91
2269,ORD02269,12-05-2024,WEST,,Consumer,Furniture,Monitor,2,299,0.1,538.2,159.39
2270,ORD02270,22-05-2024,South,,Home Office,Furniture,Laptop,1,799,0.05,759.05,88.35
2271,ORD02271,12-06-2025,north,,Home Office,Electronics,Phone,1,999,0.05,949.05,276.44
2272,ORD02272,01-11-2024,north,,Home Office,Furniture,Laptop,9,299,0.05,2556.45,181.82
2273,ORD02273,22-02-2025,WEST,CUST1785,Consumer,Furniture,Laptop,6,999,0.1,5394.6,865.09
2274,ORD02274,11-05-2024,South,CUST1479,Corporate,Office Supplies,Phone,5,499,0.1,2245.5,283.38
2275,ORD02275,17-10-2024,West,CUST2572,Home Office,Electronics,Chair,7,149,0.05,990.85,267.52
2276,ORD02276,18-04-2025,WEST,CUST2957,Home Office,Office Supplies,Headphones,6,799,0.05,4554.3,533.2
2277,ORD02277,12-11-2025,North,CUST2619,Home Office,Furniture,Monitor,10,499,0.15,4241.5,468.96
2278,ORD02278,18-11-2025,WEST,,Consumer,Electronics,Headphones,9,499,0.15,3817.35,961.43
2279,ORD02279,22-08-2025,north,,Corporate,Office Supplies,Headphones,7,299,0.05,1988.35,410.91
2280,ORD02280,26-10-2024,WEST,,Home Office,Electronics,Phone,10,299,0.1,2691,286.57
2281,ORD02281,01-09-2024,East,CUST2351,Corporate,Office Supplies,Chair,10,199,0.15,1691.5,493.67
2282,ORD02282,27-05-2025,East,,Consumer,Furniture,Phone,6,99,,594,120.67
2283,ORD02283,20-05-2024,West,,Corporate,Office Supplies,Headphones,1,999,0,999,121.16
2284,ORD02284,19-02-2025,North,,Home Office,Furniture,Headphones,8,499,0.05,3792.4,1060.63
2285,ORD02285,12-07-2024,West,,Corporate,Office Supplies,Headphones,3,199,0.15,507.45,98.97
2286,ORD02286,22-09-2024,WEST,CUST2837,Home Office,Office Supplies,Laptop,4,149,,596,78.42
2287,ORD02287,30-08-2024,WEST,,Consumer,Office Supplies,Headphones,8,299,0.1,2152.8,131.84
2288,ORD02288,20-11-2024,West,,Consumer,Furniture,Headphones,9,499,0.15,3817.35,1124.02
2289,ORD02289,09-11-2024,South,CUST2055,Corporate,Electronics,Tablet,10,99,0,990,71.35
2290,ORD02290,23-11-2024,East,,Consumer,Furniture,Laptop,1,149,0.1,134.1,36.42
2291,ORD02291,04-01-2025,West,,Home Office,Electronics,Phone,6,299,0,1794,442.43
2292,ORD02292,12-04-2024,North,,Corporate,Office Supplies,Desk,4,99,0.15,336.6,40.24
2293,ORD02293,03-02-2024,North,CUST2622,Home Office,Office Supplies,Laptop,10,99,0.05,940.5,180.22
2294,ORD02294,27-09-2024,WEST,,Corporate,Office Supplies,Chair,10,799,0.15,6791.5,1696.46
2295,ORD02295,25-09-2025,South,CUST2272,Corporate,Electronics,Chair,3,799,,2397,309.44
2296,ORD02296,29-04-2024,North,,Consumer,Furniture,Monitor,,999,,2997,329.49
2297,ORD02297,01-01-2024,West,,Consumer,Office Supplies,Headphones,2,299,,598,154.52
2298,ORD02298,03-05-2025,WEST,,Corporate,Furniture,Monitor,7,99,,693,206.53
2299,ORD02299,02-06-2024,North,CUST2250,Corporate,Office Supplies,Printer,5,799,0.05,3795.25,582.79
2300,ORD02300,13-11-2025,East,,Home Office,Office Supplies,Chair,1,499,0.15,424.15,40.2
2301,ORD02301,19-11-2025,East,,Corporate,Furniture,Printer,5,299,0.15,1270.75,100.32
2302,ORD02302,17-07-2025,north,,Home Office,Furniture,Phone,5,99,0.05,470.25,93.31
2303,ORD02303,14-01-2025,north,,Home Office,Furniture,Tablet,7,499,0.15,2969.05,836.4
2304,ORD02304,31-03-2024,North,,Corporate,Office Supplies,Printer,3,99,0.05,282.15,68.18
2305,ORD02305,29-09-2025,North,,Consumer,Electronics,Printer,9,299,0.1,2421.9,387.47
2306,ORD02306,23-07-2025,West,CUST1026,Consumer,Electronics,Laptop,10,999,0.1,8991,875.36
2307,ORD02307,05-12-2025,north,CUST2186,Home Office,Office Supplies,Phone,3,299,0.15,762.45,126.71
2308,ORD02308,23-01-2025,South,CUST2636,Corporate,Office Supplies,Monitor,1,299,0.15,254.15,41.7
2309,ORD02309,16-02-2024,East,,Corporate,Electronics,Monitor,9,149,,1341,394.48
2310,ORD02310,06-02-2024,West,CUST2159,Corporate,Furniture,Monitor,6,299,0.05,1704.3,428.54
2311,ORD02311,25-01-2024,South,,Consumer,Office Supplies,Chair,8,149,0.15,1013.2,126.08
2312,ORD02312,17-10-2024,West,,Consumer,Furniture,Desk,6,299,0,1794,352.51
2313,ORD02313,22-01-2025,East,CUST2599,Consumer,Office Supplies,Chair,6,999,0.15,5094.9,1045.01
2314,ORD02314,12-05-2024,WEST,,Home Office,Electronics,Tablet,7,799,0,5593,1653.38
2315,ORD02315,06-08-2025,South,,Corporate,Furniture,Laptop,4,499,0,1996,471.35
2316,ORD02316,10-07-2024,West,CUST1143,Consumer,Office Supplies,Phone,3,499,0,1497,433.44
2317,ORD02317,18-08-2025,West,CUST2230,Consumer,Electronics,Desk,5,99,0,495,73.22
2318,ORD02318,01-04-2025,north,,Corporate,Office Supplies,Chair,3,199,0,597,78.22
2319,ORD02319,07-07-2024,South,,Corporate,Electronics,Printer,2,99,,198,12.41
2320,ORD02320,03-02-2024,West,,Consumer,Furniture,Chair,8,499,0.1,3592.8,599.85
2321,ORD02321,07-03-2024,South,CUST2191,Corporate,Furniture,Phone,10,199,0.05,1890.5,315.57
2322,ORD02322,12-10-2024,West,CUST1794,Corporate,Office Supplies,Phone,1,199,0.1,179.1,34.93
2323,ORD02323,06-10-2024,East,,Consumer,Furniture,Chair,10,99,0,990,281.45
2324,ORD02324,22-05-2024,South,,Corporate,Furniture,Monitor,1,499,0.05,474.05,39.64
2325,ORD02325,05-07-2024,WEST,,Consumer,Electronics,Desk,6,149,0.1,804.6,88.4
2326,ORD02326,08-05-2025,North,CUST1038,Corporate,Office Supplies,Headphones,1,799,,799,74.3
2327,ORD02327,22-09-2025,WEST,,Consumer,Office Supplies,Desk,6,199,0.1,1074.6,198.23
2328,ORD02328,24-11-2025,South,CUST2247,Home Office,Electronics,Headphones,1,149,0.15,126.65,30.29
2329,ORD02329,06-04-2025,north,CUST1913,Corporate,Office Supplies,Printer,10,999,,9990,1249.95
2330,ORD02330,26-01-2025,WEST,,Home Office,Electronics,Printer,2,799,0,1598,168.11
2331,ORD02331,10-01-2024,West,,Consumer,Furniture,Monitor,9,499,0.05,4266.45,1181.77
2332,ORD02332,03-03-2025,West,,Home Office,Electronics,Tablet,9,149,0.15,1139.85,168.62
2333,ORD02333,29-08-2025,North,CUST1636,Home Office,Furniture,Printer,5,499,0.1,2245.5,302.78
2334,ORD02334,30-12-2024,north,,Corporate,Electronics,Phone,6,149,0,894,120.43
2335,ORD02335,02-10-2025,WEST,,Home Office,Furniture,Phone,10,199,0.05,1890.5,224.23
2336,ORD02336,25-08-2025,North,CUST1149,Corporate,Office Supplies,Desk,2,199,0.05,378.1,81.01
2337,ORD02337,21-08-2024,South,CUST2503,Consumer,Electronics,Headphones,7,799,0,5593,1478.29
2338,ORD02338,02-08-2024,north,CUST1086,Corporate,Office Supplies,Laptop,7,299,0.1,1883.7,297.01
2339,ORD02339,06-12-2025,North,,Home Office,Office Supplies,Headphones,7,149,0.1,938.7,239.3
2340,ORD02340,19-01-2024,North,,Home Office,Electronics,Desk,5,999,0,4995,270.13
2341,ORD02341,15-08-2024,South,,Consumer,Electronics,Tablet,9,199,0,1791,124.72
2342,ORD02342,22-01-2025,North,,Consumer,Furniture,Chair,5,299,0.15,1270.75,222.19
2343,ORD02343,12-04-2025,WEST,,Home Office,Electronics,Phone,1,799,0.1,719.1,207.24
2344,ORD02344,03-07-2025,North,,Consumer,Office Supplies,Headphones,9,999,0.1,8091.9,411.9
2345,ORD02345,12-08-2024,South,,Home Office,Office Supplies,Headphones,5,799,0,3995,419.99
2346,ORD02346,11-09-2024,North,,Corporate,Furniture,Tablet,2,99,0.05,188.1,32.68
2347,ORD02347,09-12-2024,West,,Consumer,Office Supplies,Monitor,1,299,0,299,49.1
2348,ORD02348,12-04-2024,West,,Consumer,Office Supplies,Phone,6,999,,5994,353.58
2349,ORD02349,08-10-2025,north,,Consumer,Furniture,Printer,10,999,0.1,8991,1411.28
2350,ORD02350,26-09-2024,North,CUST2265,Corporate,Office Supplies,Laptop,5,999,0,4995,1102.48
2351,ORD02351,12-03-2025,East,,Consumer,Electronics,Chair,2,99,,198,51.04
2352,ORD02352,16-10-2025,East,,Home Office,Office Supplies,Headphones,9,99,0.1,801.9,130.25
2353,ORD02353,09-08-2025,West,,Consumer,Office Supplies,Laptop,8,,,792,105.93
2354,ORD02354,23-11-2024,East,,Home Office,Electronics,Chair,4,999,0.1,3596.4,675.25
2355,ORD02355,23-10-2024,East,,Corporate,Furniture,Laptop,7,299,0,2093,335.49
2356,ORD02356,12-12-2024,WEST,,Home Office,Office Supplies,Headphones,4,199,0.05,756.2,65.37
2357,ORD02357,03-09-2025,South,CUST1949,Corporate,Electronics,Laptop,2,,0,198,27.55
2358,ORD02358,30-11-2025,South,,Home Office,Office Supplies,Printer,5,149,0.05,707.75,151.59
2359,ORD02359,27-03-2024,East,,Home Office,Office Supplies,Tablet,10,499,0.05,4740.5,497.86
2360,ORD02360,20-01-2025,north,CUST2714,Corporate,Electronics,Phone,7,999,0.15,5944.05,937.62
2361,ORD02361,21-01-2025,South,CUST1794,Corporate,Furniture,Headphones,2,199,0.05,378.1,62.14
2362,ORD02362,28-08-2024,WEST,,Consumer,Furniture,Printer,5,799,0,3995,664.81
2363,ORD02363,31-01-2025,East,,Corporate,Furniture,Printer,4,99,0.15,336.6,90.2
2364,ORD02364,27-01-2025,WEST,,Consumer,Furniture,Laptop,1,99,,99,27.58
2365,ORD02365,16-07-2025,South,,Corporate,Electronics,Desk,9,299,0.15,2287.35,671.99
2366,ORD02366,18-11-2025,South,,Consumer,Office Supplies,Desk,7,299,0.15,1779.05,253.7
2367,ORD02367,09-08-2025,North,CUST2166,Consumer,Electronics,Desk,10,799,,7990,929.21
2368,ORD02368,21-04-2025,WEST,,Home Office,Furniture,Monitor,5,149,,745,188.78
2369,ORD02369,20-03-2025,South,,Home Office,Office Supplies,Laptop,1,199,0.1,179.1,28.39
2370,ORD02370,06-10-2025,North,,Consumer,Electronics,Phone,8,199,0.05,1512.4,412.04
2371,ORD02371,05-08-2025,West,,Corporate,Electronics,Phone,7,799,0.15,4754.05,387.92
2372,ORD02372,03-10-2025,East,CUST2310,Consumer,Furniture,Desk,5,199,0.1,895.5,76.81
2373,ORD02373,29-10-2024,East,CUST2853,Corporate,Furniture,Headphones,2,799,0.15,1358.3,384.43
2374,ORD02374,29-06-2025,North,CUST2217,Corporate,Office Supplies,Tablet,6,799,0,4794,312.51
2375,ORD02375,26-08-2025,West,,Home Office,Furniture,Tablet,2,799,0.05,1518.1,223.72
2376,ORD02376,30-07-2024,WEST,CUST2198,Home Office,Electronics,Laptop,4,99,0.05,376.2,77.09
2377,ORD02377,16-11-2025,North,CUST2040,Home Office,Furniture,Chair,4,499,0.15,1696.6,477.89
2378,ORD02378,21-02-2025,South,,Consumer,Furniture,Phone,8,499,0.05,3792.4,948.87
2379,ORD02379,28-01-2025,north,CUST1864,Home Office,Furniture,Laptop,7,799,0,5593,888.17
2380,ORD02380,06-04-2024,West,CUST2257,Corporate,Office Supplies,Printer,8,149,0.05,1132.4,274.55
2381,ORD02381,08-09-2024,north,,Home Office,Furniture,Phone,2,999,0.1,1798.2,213.29
2382,ORD02382,13-01-2024,North,,Home Office,Furniture,Printer,10,199,0.05,1890.5,360.91
2383,ORD02383,03-02-2025,North,,Home Office,Furniture,Phone,2,99,0.05,188.1,31.28
2384,ORD02384,24-10-2024,WEST,CUST2645,Corporate,Office Supplies,Monitor,1,199,0.1,179.1,38.3
2385,ORD02385,25-12-2024,North,,Corporate,Office Supplies,Laptop,10,99,0.05,940.5,266.47
2386,ORD02386,21-07-2024,North,,Consumer,Furniture,Desk,8,149,0.15,1013.2,280.37
2387,ORD02387,22-11-2025,East,,Corporate,Office Supplies,Laptop,7,199,,1393,409.79
2388,ORD02388,02-10-2024,West,CUST1458,Home Office,Electronics,Headphones,9,799,0.05,6831.45,1840.72
2389,ORD02389,10-06-2025,South,,Consumer,Electronics,Tablet,2,499,0.05,948.1,63.87
2390,ORD02390,26-01-2024,WEST,,Consumer,Office Supplies,Phone,9,199,0,1791,407.6
2391,ORD02391,13-07-2025,East,,Home Office,Office Supplies,Headphones,,999,0.1,7192.8,1688.73
2392,ORD02392,19-04-2025,West,,Consumer,Office Supplies,Headphones,5,499,0.05,2370.25,131.72
2393,ORD02393,11-02-2025,WEST,CUST1791,Home Office,Furniture,Printer,5,99,0.1,445.5,133.53
2394,ORD02394,21-06-2024,West,CUST1413,Corporate,Furniture,Chair,1,199,,199,31.43
2395,ORD02395,19-04-2025,WEST,,Home Office,Office Supplies,Chair,5,199,0.15,845.75,113.34
2396,ORD02396,23-03-2024,East,,Home Office,Electronics,Monitor,4,99,0,396,91.61
2397,ORD02397,31-08-2025,South,CUST1406,Home Office,Office Supplies,Desk,2,99,,198,56.8
2398,ORD02398,09-02-2025,north,,Home Office,Electronics,Chair,1,149,,149,18.87
2399,ORD02399,03-02-2024,North,,Corporate,Furniture,Laptop,4,299,0.1,1076.4,146.26
2400,ORD02400,27-05-2024,north,CUST2071,Home Office,Electronics,Phone,10,499,0.15,4241.5,505.42
2401,ORD02401,17-07-2025,West,,Consumer,Furniture,Headphones,7,149,0.05,990.85,67.91
2402,ORD02402,23-05-2024,West,,Corporate,Electronics,Headphones,6,199,0,1194,349.85
2403,ORD02403,25-10-2025,West,CUST1572,Corporate,Electronics,Tablet,2,199,0.05,378.1,102.32
2404,ORD02404,06-05-2025,West,,Consumer,Furniture,Tablet,1,199,0,199,19.73
2405,ORD02405,24-04-2025,East,CUST1781,Home Office,Electronics,Tablet,7,199,0.15,1184.05,328.95
2406,ORD02406,19-09-2025,East,,Consumer,Electronics,Phone,4,99,0,396,21.74
2407,ORD02407,27-04-2024,north,,Home Office,Office Supplies,Tablet,6,299,0.15,1524.9,174
2408,ORD02408,25-11-2025,WEST,,Home Office,Office Supplies,Monitor,5,999,0,4995,1376.49
2409,ORD02409,12-10-2024,West,,Corporate,Office Supplies,Tablet,7,999,,6993,523.11
2410,ORD02410,26-04-2025,South,CUST2740,Corporate,Furniture,Tablet,2,999,0.05,1898.1,239.69
2411,ORD02411,02-06-2024,north,,Corporate,Office Supplies,Tablet,2,149,0,298,21.39
2412,ORD02412,11-04-2025,north,,Corporate,Furniture,Phone,10,499,0.05,4740.5,638.65
2413,ORD02413,14-07-2025,West,,Home Office,Electronics,Monitor,9,199,,1791,508.07
2414,ORD02414,08-09-2025,West,CUST2684,Home Office,Office Supplies,Phone,3,499,0.05,1422.15,395.52
2415,ORD02415,28-08-2024,North,,Consumer,Furniture,Printer,1,299,0,299,87.3
2416,ORD02416,20-03-2024,South,,Consumer,Electronics,Headphones,9,99,0.1,801.9,184.32
2417,ORD02417,26-09-2024,North,CUST2298,Consumer,Electronics,Monitor,8,149,,1192,265.7
2418,ORD02418,22-05-2024,East,CUST1385,Home Office,Electronics,Chair,2,999,0.15,1698.3,112.07
2419,ORD02419,26-09-2025,West,CUST2745,Consumer,Office Supplies,Laptop,2,299,0.15,508.3,26.01
2420,ORD02420,29-11-2025,West,,Consumer,Office Supplies,Laptop,1,299,0.1,269.1,64.97
2421,ORD02421,23-10-2025,WEST,,Corporate,Electronics,Phone,9,199,,1791,501.34
2422,ORD02422,03-09-2024,WEST,CUST1092,Corporate,Office Supplies,Headphones,5,799,,3995,950.76
2423,ORD02423,09-12-2024,West,,Corporate,Furniture,Desk,2,299,0.1,538.2,142.43
2424,ORD02424,13-12-2025,North,,Home Office,Office Supplies,Phone,2,999,,1998,510.05
2425,ORD02425,07-02-2025,North,CUST1050,Consumer,Electronics,Printer,10,149,0.15,1266.5,119.79
2426,ORD02426,22-06-2025,WEST,,Home Office,Electronics,Headphones,6,199,0,1194,308.11
2427,ORD02427,25-08-2024,South,CUST2410,Consumer,Electronics,Phone,5,999,0.15,4245.75,709.86
2428,ORD02428,22-02-2025,East,,Home Office,Office Supplies,Chair,10,299,0.05,2840.5,664.61
2429,ORD02429,29-05-2025,North,,Consumer,Furniture,Tablet,10,199,,1990,593.78
2430,ORD02430,09-01-2024,north,,Home Office,Office Supplies,Laptop,5,149,,745,216.19
2431,ORD02431,31-12-2024,WEST,CUST2022,Corporate,Furniture,Monitor,8,799,0.1,5752.8,441.31
2432,ORD02432,01-07-2025,WEST,CUST2019,Home Office,Office Supplies,Monitor,10,499,,4990,906.6
2433,ORD02433,04-10-2024,north,CUST1372,Consumer,Furniture,Desk,2,149,0,298,40.51
2434,ORD02434,04-12-2025,north,,Corporate,Electronics,Printer,8,149,,1192,74.64
2435,ORD02435,06-07-2025,West,CUST1958,Consumer,Office Supplies,Laptop,5,149,0.05,707.75,176.36
2436,ORD02436,02-05-2025,North,CUST2903,Corporate,Office Supplies,Laptop,9,299,0,2691,343.64
2437,ORD02437,20-09-2024,WEST,CUST1157,Corporate,Furniture,Headphones,10,99,0.1,891,49.47
2438,ORD02438,08-09-2025,WEST,,Home Office,Office Supplies,Chair,10,799,0.1,7191,1183.25
2439,ORD02439,13-11-2024,South,CUST1732,Corporate,Office Supplies,Printer,3,149,,447,85.5
2440,ORD02440,29-12-2025,East,CUST2020,Home Office,Furniture,Monitor,10,799,0.15,6791.5,1172.27
2441,ORD02441,04-07-2025,WEST,CUST2589,Corporate,Office Supplies,Phone,2,499,,998,90.15
2442,ORD02442,22-12-2024,WEST,CUST1551,Home Office,Furniture,Laptop,6,149,0.1,804.6,206.07
2443,ORD02443,27-07-2025,North,,Home Office,Electronics,Laptop,3,199,,597,149.74
2444,ORD02444,28-02-2024,WEST,CUST2546,Home Office,Electronics,Desk,4,99,0.05,376.2,65.07
2445,ORD02445,28-10-2024,north,,Corporate,Office Supplies,Phone,1,499,0,499,79.34
2446,ORD02446,04-01-2024,North,,Corporate,Office Supplies,Laptop,7,199,,1393,349.5
2447,ORD02447,22-04-2024,South,CUST2598,Corporate,Electronics,Chair,9,999,0,8991,1299.51
2448,ORD02448,17-09-2025,WEST,CUST1961,Corporate,Electronics,Monitor,10,99,0,990,248.29
2449,ORD02449,04-09-2024,West,CUST2970,Corporate,Furniture,Headphones,4,99,,396,50.46
2450,ORD02450,26-02-2024,West,,Home Office,Electronics,Tablet,8,799,0.15,5433.2,283.36
2451,ORD02451,19-06-2024,West,CUST1789,Consumer,Electronics,Headphones,4,199,0,796,155.95
2452,ORD02452,24-02-2025,East,,Home Office,Electronics,Laptop,3,299,0,897,56.37
2453,ORD02453,28-10-2025,East,,Consumer,Office Supplies,Laptop,,149,,894,101.49
2454,ORD02454,10-10-2024,South,,Corporate,Office Supplies,Monitor,1,149,0.05,141.55,28.75
2455,ORD02455,07-05-2024,WEST,CUST2739,Home Office,Office Supplies,Chair,10,799,0,7990,2181.32
2456,ORD02456,19-08-2024,South,,Home Office,Furniture,Laptop,9,149,0,1341,140.66
2457,ORD02457,09-02-2024,West,,Home Office,Furniture,Phone,3,299,0,897,226.96
2458,ORD02458,21-03-2025,East,,Home Office,Electronics,Headphones,5,999,0.15,4245.75,213.85
2459,ORD02459,27-08-2025,north,,Consumer,Furniture,Laptop,3,149,0.15,379.95,56.31
2460,ORD02460,16-06-2024,South,,Consumer,Furniture,Desk,10,149,0,1490,305.56
2461,ORD02461,04-08-2024,North,,Home Office,Electronics,Tablet,3,799,0,2397,508.29
2462,ORD02462,26-10-2025,north,CUST1936,Consumer,Electronics,Phone,1,99,0.1,89.1,20.42
2463,ORD02463,16-10-2025,north,CUST1778,Consumer,Electronics,Headphones,3,149,0.1,402.3,88.98
2464,ORD02464,10-11-2025,North,,Consumer,Office Supplies,Printer,6,499,0.1,2694.6,634.09
2465,ORD02465,09-06-2025,North,,Corporate,Office Supplies,Desk,3,999,0.15,2547.45,309.52
2466,ORD02466,11-04-2025,WEST,,Consumer,Office Supplies,Laptop,10,499,0,4990,769.61
2467,ORD02467,01-05-2025,West,,Home Office,Furniture,Laptop,6,499,0.1,2694.6,711.67
2468,ORD02468,09-07-2025,West,,Corporate,Electronics,Monitor,5,149,0.1,670.5,131.65
2469,ORD02469,21-08-2025,north,CUST2716,Corporate,Office Supplies,Laptop,4,799,0.1,2876.4,403.75
2470,ORD02470,22-01-2025,North,,Home Office,Office Supplies,Laptop,4,299,0.05,1136.2,159.21
2471,ORD02471,23-01-2025,South,,Corporate,Furniture,Laptop,8,999,0.05,7592.4,1632.1
2472,ORD02472,29-07-2024,East,,Home Office,Furniture,Headphones,7,99,0.1,623.7,55.84
2473,ORD02473,30-01-2025,north,,Corporate,Furniture,Laptop,2,99,0.1,178.2,26.02
2474,ORD02474,08-04-2025,West,,Consumer,Office Supplies,Monitor,9,799,0.05,6831.45,374.8
2475,ORD02475,16-06-2024,South,,Consumer,Electronics,Monitor,1,199,0.15,169.15,32.33
2476,ORD02476,06-09-2024,north,,Corporate,Electronics,Desk,9,149,0,1341,137.64
2477,ORD02477,26-05-2025,East,,Corporate,Furniture,Chair,5,99,0,495,84.23
2478,ORD02478,01-03-2024,North,CUST2172,Corporate,Furniture,Tablet,10,149,,1490,407.25
2479,ORD02479,31-07-2025,South,,Corporate,Office Supplies,Laptop,6,199,0.15,1014.9,123.41
2480,ORD02480,24-03-2024,East,CUST2382,Home Office,Furniture,Tablet,5,799,,3995,687.14
2481,ORD02481,14-10-2024,South,,Corporate,Office Supplies,Chair,10,149,,1490,96.75
2482,ORD02482,29-11-2025,North,,Consumer,Electronics,Tablet,2,299,0.1,538.2,29.01
2483,ORD02483,10-09-2024,South,CUST2320,Corporate,Electronics,Monitor,3,999,0.1,2697.3,198.35
2484,ORD02484,08-07-2025,East,,Corporate,Furniture,Printer,3,199,0.1,537.3,143.69
2485,ORD02485,24-12-2024,WEST,,Consumer,Furniture,Phone,3,299,0,897,71.8
2486,ORD02486,18-08-2024,WEST,,Corporate,Electronics,Phone,7,499,,3493,939.55
2487,ORD02487,30-06-2024,West,,Home Office,Furniture,Headphones,10,499,0,4990,576.1
2488,ORD02488,11-09-2024,north,,Corporate,Furniture,Phone,4,999,0.05,3796.2,413.34
2489,ORD02489,06-06-2025,East,CUST2921,Consumer,Electronics,Headphones,5,99,0,495,73.99
2490,ORD02490,03-03-2024,West,,Consumer,Electronics,Tablet,10,199,0.1,1791,285.64
2491,ORD02491,10-05-2025,north,,Home Office,Office Supplies,Headphones,4,149,0.05,566.2,122.66
2492,ORD02492,18-12-2025,West,CUST2793,Consumer,Electronics,Printer,8,99,,792,116.11
2493,ORD02493,03-12-2024,West,,Corporate,Furniture,Monitor,9,99,0.1,801.9,126.51
2494,ORD02494,24-06-2024,West,CUST2707,Home Office,Furniture,Monitor,6,499,0.05,2844.3,681.76
2495,ORD02495,27-01-2024,WEST,,Consumer,Electronics,Tablet,5,149,0.15,633.25,58.25
2496,ORD02496,25-07-2024,north,CUST1113,Consumer,Electronics,Monitor,9,299,0.1,2421.9,587.1
2497,ORD02497,15-02-2025,north,CUST2534,Consumer,Furniture,Desk,6,299,0.1,1614.6,443.21
2498,ORD02498,17-12-2024,East,CUST1960,Corporate,Office Supplies,Printer,10,149,0,1490,320.09
2499,ORD02499,01-03-2024,WEST,,Home Office,Furniture,Phone,1,99,,99,24.76
2500,ORD02500,20-02-2025,South,CUST2213,Home Office,Furniture,Chair,8,799,0,6392,1753.19
2501,ORD02501,14-06-2024,East,,Home Office,Furniture,Desk,1,799,0,799,71.02
2502,ORD02502,25-09-2025,West,,Corporate,Furniture,Tablet,1,199,,199,13.5
2503,ORD02503,20-01-2024,north,,Home Office,Electronics,Tablet,3,999,0.05,2847.15,507.98
2504,ORD02504,19-09-2025,WEST,,Consumer,Office Supplies,Desk,2,299,0.15,508.3,135.48
2505,ORD02505,28-02-2025,north,CUST2461,Home Office,Office Supplies,Desk,,299,,2093,303.84
2506,ORD02506,24-09-2024,WEST,,Home Office,Electronics,Chair,7,199,0.05,1323.35,205.38
2507,ORD02507,12-08-2024,WEST,CUST1117,Corporate,Office Supplies,Headphones,10,199,0,1990,566.09
2508,ORD02508,12-01-2025,north,,Home Office,Electronics,Tablet,6,99,0.15,504.9,97.59
2509,ORD02509,28-03-2024,East,,Consumer,Office Supplies,Desk,5,99,0.1,445.5,95.28
2510,ORD02510,31-12-2024,north,CUST2984,Home Office,Furniture,Monitor,1,99,,99,13.19
2511,ORD02511,13-08-2024,South,,Home Office,Electronics,Phone,2,499,,998,167.08
2512,ORD02512,13-07-2024,East,,Consumer,Electronics,Tablet,10,999,0.1,8991,1166.48
2513,ORD02513,30-09-2024,East,CUST1349,Corporate,Office Supplies,Printer,10,999,0.05,9490.5,989.75
2514,ORD02514,03-02-2024,West,,Corporate,Office Supplies,Chair,6,149,0.05,849.3,229.47
2515,ORD02515,15-04-2024,north,CUST1772,Consumer,Office Supplies,Phone,6,299,0.05,1704.3,260.91
2516,ORD02516,10-02-2025,North,CUST2026,Consumer,Office Supplies,Chair,9,799,,7191,1185.07
2517,ORD02517,10-06-2024,WEST,,Home Office,Furniture,Headphones,4,799,0.15,2716.6,510.14
2518,ORD02518,06-11-2024,West,,Consumer,Furniture,Headphones,,,,4990,1075.53
2519,ORD02519,17-08-2025,South,CUST1206,Consumer,Office Supplies,Laptop,5,499,0.1,2245.5,374.45
2520,ORD02520,09-01-2024,north,,Home Office,Electronics,Printer,5,199,0,995,125.46
2521,ORD02521,22-09-2024,South,CUST1179,Corporate,Furniture,Headphones,10,299,,2990,546.85
2522,ORD02522,08-02-2025,East,CUST2610,Consumer,Electronics,Tablet,9,299,0.1,2421.9,238.95
2523,ORD02523,12-02-2025,north,,Corporate,Office Supplies,Desk,1,149,0.15,126.65,11.14
2524,ORD02524,18-07-2025,East,CUST1328,Consumer,Furniture,Tablet,4,999,0,3996,803.68
2525,ORD02525,27-12-2024,South,,Home Office,Office Supplies,Chair,6,999,0.05,5694.3,539.19
2526,ORD02526,25-07-2025,North,,Corporate,Office Supplies,Printer,7,99,,693,52.47
2527,ORD02527,26-10-2024,South,,Consumer,Office Supplies,Chair,5,199,0.15,845.75,231.59
2528,ORD02528,24-12-2025,East,CUST2680,Consumer,Furniture,Monitor,5,299,0.05,1420.25,300.19
2529,ORD02529,04-10-2025,East,,Home Office,Office Supplies,Tablet,8,799,0.15,5433.2,571.72
2530,ORD02530,17-01-2024,North,,Consumer,Electronics,Laptop,2,99,0.1,178.2,23.95
2531,ORD02531,05-01-2025,WEST,,Home Office,Electronics,Headphones,9,799,,7191,1896.38
2532,ORD02532,26-07-2024,South,,Home Office,Electronics,Tablet,4,99,,396,48.14
2533,ORD02533,09-03-2025,WEST,CUST2836,Consumer,Furniture,Headphones,8,149,0.1,1072.8,109.85
2534,ORD02534,28-07-2024,West,CUST1335,Corporate,Office Supplies,Chair,1,199,0.15,169.15,30.82
2535,ORD02535,13-07-2024,north,,Corporate,Electronics,Chair,1,199,0,199,14.69
2536,ORD02536,10-10-2024,WEST,CUST1837,Corporate,Furniture,Phone,6,99,0.15,504.9,32.65
2537,ORD02537,21-03-2025,South,CUST2767,Consumer,Office Supplies,Headphones,10,99,0.15,841.5,131.63
2538,ORD02538,22-11-2024,North,,Corporate,Office Supplies,Desk,6,199,0,1194,213.46
2539,ORD02539,23-04-2024,North,,Home Office,Office Supplies,Headphones,3,999,0.15,2547.45,526.65
2540,ORD02540,04-11-2025,WEST,,Home Office,Electronics,Phone,1,199,0,199,12.68
2541,ORD02541,25-03-2025,East,CUST1945,Corporate,Electronics,Chair,5,99,0.15,420.75,93.67
2542,ORD02542,30-03-2024,West,,Consumer,Furniture,Chair,7,199,,1393,92.14
2543,ORD02543,07-12-2024,East,,Consumer,Electronics,Phone,5,199,0.05,945.25,207.8
2544,ORD02544,28-07-2024,North,,Consumer,Furniture,Desk,8,799,,6392,963.01
2545,ORD02545,19-10-2024,North,CUST2818,Corporate,Furniture,Headphones,10,499,0.1,4491,1296.06
2546,ORD02546,20-10-2024,WEST,,Consumer,Furniture,Phone,10,99,0.15,841.5,111.55
2547,ORD02547,02-10-2025,North,CUST1759,Home Office,Electronics,Headphones,4,999,0.15,3396.6,292.09
2548,ORD02548,12-07-2024,West,,Consumer,Electronics,Desk,2,799,0.15,1358.3,182.73
2549,ORD02549,05-11-2025,north,,Corporate,Furniture,Chair,7,149,0.15,886.55,99.71
2550,ORD02550,12-07-2024,South,,Corporate,Furniture,Tablet,9,499,,4491,672.82
2551,ORD02551,27-01-2024,South,,Home Office,Furniture,Desk,8,149,0.05,1132.4,232.32
2552,ORD02552,31-05-2025,WEST,,Home Office,Furniture,Laptop,7,799,,5593,1050.63
2553,ORD02553,30-07-2024,East,,Home Office,Furniture,Monitor,4,999,0.15,3396.6,194.44
2554,ORD02554,06-10-2024,North,,Corporate,Office Supplies,Printer,4,149,,596,91.52
2555,ORD02555,04-06-2025,North,,Home Office,Office Supplies,Desk,8,799,0,6392,1678.85
2556,ORD02556,17-04-2025,East,,Home Office,Electronics,Printer,2,799,0.1,1438.2,312.23
2557,ORD02557,29-08-2025,West,,Consumer,Office Supplies,Chair,5,499,0.15,2120.75,200.85
2558,ORD02558,03-11-2025,West,,Corporate,Office Supplies,Phone,4,499,0,1996,466.62
2559,ORD02559,12-04-2025,West,,Corporate,Furniture,Headphones,7,299,0.05,1988.35,440.97
2560,ORD02560,25-10-2025,WEST,CUST2844,Corporate,Electronics,Phone,1,999,0.05,949.05,268.53
2561,ORD02561,04-03-2024,South,,Consumer,Office Supplies,Desk,7,999,0.05,6643.35,939.43
2562,ORD02562,22-09-2025,East,CUST2145,Home Office,Office Supplies,Headphones,4,199,0.15,676.6,189.82
2563,ORD02563,10-04-2024,North,,Corporate,Furniture,Desk,4,149,0.1,536.4,75.52
2564,ORD02564,09-09-2025,West,,Home Office,Furniture,Monitor,1,99,,99,19.38
2565,ORD02565,17-06-2025,South,,Consumer,Office Supplies,Headphones,5,499,,2495,214.18
2566,ORD02566,27-07-2024,East,,Corporate,Electronics,Phone,1,499,,499,133.82
2567,ORD02567,26-01-2025,South,CUST2464,Corporate,Electronics,Tablet,1,499,0.1,449.1,59.93
2568,ORD02568,26-05-2024,north,CUST1861,Corporate,Furniture,Laptop,7,99,0.05,658.35,99.96
2569,ORD02569,28-03-2024,North,,Home Office,Office Supplies,Headphones,2,149,,298,30
2570,ORD02570,07-07-2024,South,,Home Office,Office Supplies,Chair,6,99,,594,167.22
2571,ORD02571,27-04-2025,West,,Home Office,Furniture,Monitor,8,149,0.05,1132.4,179
2572,ORD02572,24-10-2024,north,,Home Office,Electronics,Printer,9,199,0.1,1611.9,190.11
2573,ORD02573,24-05-2025,East,CUST1470,Corporate,Electronics,Monitor,9,499,0,4491,755.56
2574,ORD02574,04-10-2024,East,,Corporate,Electronics,Chair,2,199,,398,110.65
2575,ORD02575,07-03-2024,East,,Corporate,Furniture,Desk,1,999,0.05,949.05,86.11
2576,ORD02576,23-06-2024,South,,Consumer,Electronics,Tablet,1,99,0.05,94.05,16.93
2577,ORD02577,20-08-2025,West,,Home Office,Electronics,Tablet,8,299,,2392,475.63
2578,ORD02578,29-08-2025,North,,Home Office,Office Supplies,Printer,10,999,0.05,9490.5,1450.56
2579,ORD02579,02-07-2024,WEST,,Home Office,Office Supplies,Printer,1,149,0.15,126.65,25.09
2580,ORD02580,10-05-2024,North,CUST1425,Consumer,Office Supplies,Monitor,5,499,0,2495,250.88
2581,ORD02581,05-11-2025,north,CUST1048,Corporate,Electronics,Headphones,10,99,0.05,940.5,64.73
2582,ORD02582,10-09-2024,South,,Corporate,Furniture,Headphones,3,299,0.05,852.15,139.65
2583,ORD02583,19-03-2025,north,,Corporate,Electronics,Headphones,9,299,0.15,2287.35,444.21
2584,ORD02584,08-04-2024,North,,Corporate,Office Supplies,Tablet,4,99,0.05,376.2,64.36
2585,ORD02585,10-05-2024,East,,Corporate,Office Supplies,Laptop,1,99,0,99,23.98
2586,ORD02586,11-09-2025,East,CUST2770,Home Office,Office Supplies,Chair,3,99,0.1,267.3,77.59
2587,ORD02587,06-03-2024,WEST,CUST2306,Corporate,Office Supplies,Monitor,5,299,0.05,1420.25,322.52
2588,ORD02588,20-03-2025,East,,Consumer,Electronics,Printer,2,499,0,998,164.5
2589,ORD02589,10-09-2025,North,,Consumer,Furniture,Chair,3,,,297,88.17
2590,ORD02590,18-06-2025,South,CUST2788,Home Office,Electronics,Desk,5,,0.1,445.5,131.31
2591,ORD02591,01-07-2024,north,CUST1189,Home Office,Electronics,Phone,2,299,0,598,162
2592,ORD02592,19-11-2024,WEST,,Consumer,Furniture,Chair,5,799,0,3995,1088.54
2593,ORD02593,03-07-2024,South,CUST1648,Corporate,Office Supplies,Monitor,1,999,0,999,74.15
2594,ORD02594,03-07-2025,north,,Home Office,Office Supplies,Headphones,1,199,0.05,189.05,27.67
2595,ORD02595,17-11-2025,WEST,,Home Office,Electronics,Printer,9,799,0.15,6112.35,671.84
2596,ORD02596,16-02-2024,north,,Consumer,Furniture,Tablet,2,299,0.05,568.1,84.35
2597,ORD02597,17-05-2025,East,,Home Office,Electronics,Desk,9,799,0,7191,400.47
2598,ORD02598,20-01-2025,north,CUST1040,Corporate,Office Supplies,Printer,3,299,0.05,852.15,109.92
2599,ORD02599,20-09-2025,West,,Home Office,Office Supplies,Printer,8,799,0.05,6072.4,841.9
2600,ORD02600,23-05-2024,West,,Corporate,Furniture,Printer,10,999,0.05,9490.5,2516.57
2601,ORD02601,12-06-2024,South,CUST2421,Corporate,Office Supplies,Desk,5,999,0,4995,908.13
2602,ORD02602,02-04-2025,South,,Consumer,Furniture,Tablet,5,199,0.1,895.5,266.93
2603,ORD02603,07-06-2024,North,,Home Office,Office Supplies,Headphones,1,199,0,199,50.78
2604,ORD02604,07-12-2025,East,,Corporate,Office Supplies,Phone,1,499,,499,88.07
2605,ORD02605,13-01-2024,West,,Consumer,Office Supplies,Headphones,8,199,0.15,1353.2,199.38
2606,ORD02606,03-02-2025,north,CUST2200,Corporate,Office Supplies,Laptop,10,999,0.15,8491.5,968.87
2607,ORD02607,02-01-2025,north,CUST1005,Home Office,Furniture,Printer,3,799,0.15,2037.45,320.39
2608,ORD02608,12-08-2024,North,CUST1204,Consumer,Electronics,Desk,4,199,0.15,676.6,99.58
2609,ORD02609,08-10-2024,East,,Consumer,Electronics,Monitor,9,199,0.1,1611.9,80.76
2610,ORD02610,09-07-2025,East,,Consumer,Furniture,Headphones,,149,0,298,63.73
2611,ORD02611,06-05-2024,north,,Home Office,Office Supplies,Monitor,5,199,0.1,895.5,213.82
2612,ORD02612,15-02-2024,East,,Consumer,Office Supplies,Headphones,6,149,0.05,849.3,227.79
2613,ORD02613,09-08-2024,WEST,,Corporate,Furniture,Laptop,4,999,0.1,3596.4,674.58
2614,ORD02614,14-04-2024,WEST,,Home Office,Office Supplies,Chair,4,999,0,3996,922.65
2615,ORD02615,27-03-2025,WEST,,Consumer,Furniture,Monitor,6,999,0,5994,1069.92
2616,ORD02616,02-12-2025,north,CUST2504,Home Office,Electronics,Chair,3,299,0.15,762.45,62.78
2617,ORD02617,18-02-2024,South,,Consumer,Office Supplies,Chair,7,499,,3493,383.33
2618,ORD02618,31-12-2025,North,,Home Office,Furniture,Phone,9,99,,891,99.86
2619,ORD02619,27-04-2024,South,,Home Office,Office Supplies,Monitor,3,199,0.05,567.15,133.61
2620,ORD02620,01-04-2024,North,,Home Office,Electronics,Laptop,10,799,0.15,6791.5,1571.5
2621,ORD02621,19-02-2024,North,,Home Office,Office Supplies,Laptop,10,999,0.1,8991,1438.23
2622,ORD02622,05-04-2025,South,,Corporate,Electronics,Monitor,6,999,0,5994,1148.41
2623,ORD02623,18-12-2024,East,CUST2127,Home Office,Office Supplies,Tablet,2,799,0,1598,427.52
2624,ORD02624,24-06-2024,WEST,,Home Office,Electronics,Desk,5,799,0.15,3395.75,284.51
2625,ORD02625,14-08-2024,north,,Home Office,Electronics,Monitor,4,149,0.1,536.4,86.38
2626,ORD02626,26-10-2025,East,,Consumer,Furniture,Tablet,6,299,0.15,1524.9,419.36
2627,ORD02627,06-05-2024,West,CUST1002,Corporate,Office Supplies,Tablet,4,999,0.05,3796.2,938.07
2628,ORD02628,18-05-2025,WEST,CUST2426,Consumer,Office Supplies,Phone,2,999,0,1998,381.81
2629,ORD02629,11-03-2024,north,,Consumer,Office Supplies,Headphones,2,199,0,398,75.43
2630,ORD02630,01-07-2025,WEST,CUST2866,Home Office,Furniture,Phone,,299,0.1,1076.4,99.74
2631,ORD02631,30-07-2025,South,,Consumer,Electronics,Tablet,7,199,,1393,331.38
2632,ORD02632,04-11-2024,South,,Consumer,Electronics,Chair,5,99,0.1,445.5,105.98
2633,ORD02633,17-05-2025,north,,Consumer,Office Supplies,Printer,1,999,0.15,849.15,77.66
2634,ORD02634,05-12-2025,WEST,CUST1580,Home Office,Electronics,Desk,6,799,0.15,4074.9,611.61
2635,ORD02635,26-04-2024,South,,Corporate,Electronics,Chair,1,99,0.1,89.1,9.2
2636,ORD02636,15-12-2024,north,CUST2016,Home Office,Electronics,Desk,10,299,0,2990,320.33
2637,ORD02637,27-08-2024,East,CUST1761,Home Office,Furniture,Tablet,7,999,0.1,6293.7,672.6
2638,ORD02638,13-03-2025,East,CUST1358,Home Office,Office Supplies,Laptop,7,149,,1043,120.62
2639,ORD02639,18-04-2024,South,CUST2126,Corporate,Electronics,Desk,9,199,0.1,1611.9,114
2640,ORD02640,27-09-2024,north,,Home Office,Office Supplies,Chair,8,499,0.05,3792.4,1062.63
2641,ORD02641,09-11-2025,north,,Home Office,Electronics,Monitor,5,99,0.15,420.75,48.24
2642,ORD02642,20-09-2025,North,,Consumer,Electronics,Desk,4,299,0,1196,102.32
2643,ORD02643,30-04-2024,East,,Consumer,Electronics,Monitor,8,799,0,6392,1400.54
2644,ORD02644,21-10-2025,South,CUST2484,Home Office,Electronics,Headphones,3,199,0.15,507.45,92.88
2645,ORD02645,29-02-2024,East,,Home Office,Furniture,Tablet,7,499,0.05,3318.35,326.48
2646,ORD02646,03-11-2024,WEST,,Corporate,Electronics,Monitor,3,99,0.15,252.45,28.21
2647,ORD02647,19-12-2025,north,CUST2674,Consumer,Furniture,Phone,1,99,,99,22.87
2648,ORD02648,19-07-2025,South,,Home Office,Electronics,Printer,4,499,0.05,1896.2,463.7
2649,ORD02649,23-01-2024,north,CUST1158,Consumer,Furniture,Phone,7,299,0.1,1883.7,178.36
2650,ORD02650,06-03-2025,South,,Consumer,Office Supplies,Laptop,8,299,,2392,413.44
2651,ORD02651,03-04-2024,north,,Corporate,Furniture,Chair,7,999,0,6993,902.96
2652,ORD02652,29-01-2024,WEST,,Consumer,Office Supplies,Printer,5,799,0,3995,945.44
2653,ORD02653,26-03-2025,West,CUST2469,Corporate,Electronics,Monitor,1,299,,299,16.88
2654,ORD02654,28-09-2025,East,CUST1202,Home Office,Office Supplies,Headphones,3,199,0.15,507.45,103.67
2655,ORD02655,21-07-2025,North,,Consumer,Furniture,Phone,2,199,,398,45.38
2656,ORD02656,22-05-2024,North,CUST2650,Home Office,Electronics,Desk,5,199,0.1,895.5,84.03
2657,ORD02657,02-08-2025,north,CUST1047,Consumer,Office Supplies,Headphones,5,199,0,995,50.22
2658,ORD02658,05-08-2025,WEST,,Corporate,Furniture,Chair,7,299,0.15,1779.05,441.34
2659,ORD02659,11-05-2025,East,,Home Office,Furniture,Desk,8,499,0.1,3592.8,218.43
2660,ORD02660,11-03-2024,West,CUST2398,Corporate,Office Supplies,Tablet,6,199,0.05,1134.3,175.57
2661,ORD02661,30-01-2024,East,CUST1191,Corporate,Office Supplies,Chair,2,799,,1598,376.5
2662,ORD02662,07-02-2025,South,,Consumer,Furniture,Desk,9,499,0.05,4266.45,425.77
2663,ORD02663,09-09-2025,West,,Consumer,Electronics,Desk,7,99,0,693,103.49
2664,ORD02664,17-03-2025,North,CUST1957,Home Office,Office Supplies,Monitor,4,799,0.1,2876.4,841.28
2665,ORD02665,30-10-2025,South,,Home Office,Furniture,Desk,2,299,0.05,568.1,124.22
2666,ORD02666,18-02-2025,South,,Corporate,Electronics,Desk,7,99,0,693,193.75
2667,ORD02667,14-01-2024,South,,Home Office,Furniture,Chair,7,199,0.15,1184.05,301.44
2668,ORD02668,05-07-2024,WEST,CUST1685,Home Office,Office Supplies,Tablet,3,99,,297,34.23
2669,ORD02669,12-04-2025,East,CUST1288,Corporate,Office Supplies,Chair,6,799,0.15,4074.9,627.48
2670,ORD02670,21-04-2024,West,,Corporate,Electronics,Headphones,,149,0.15,253.3,60.63
2671,ORD02671,17-05-2024,North,,Corporate,Office Supplies,Laptop,4,999,0.15,3396.6,852.9
2672,ORD02672,22-03-2025,WEST,,Corporate,Electronics,Monitor,4,999,0.05,3796.2,261.36
2673,ORD02673,19-06-2024,north,,Home Office,Furniture,Laptop,4,199,0,796,186.87
2674,ORD02674,18-03-2025,WEST,CUST2421,Consumer,Furniture,Laptop,10,199,0.1,1791,411.95
2675,ORD02675,14-11-2025,north,CUST2729,Corporate,Electronics,Tablet,6,999,0.05,5694.3,326.03
2676,ORD02676,28-04-2024,East,,Home Office,Office Supplies,Monitor,6,299,0.1,1614.6,382.46
2677,ORD02677,06-04-2025,West,,Consumer,Office Supplies,Laptop,8,799,0,6392,409.7
2678,ORD02678,09-12-2025,West,,Home Office,Furniture,Phone,1,199,0.1,179.1,9.67
2679,ORD02679,30-04-2025,North,,Consumer,Electronics,Chair,3,99,0,297,79.72
2680,ORD02680,05-10-2025,West,CUST2349,Corporate,Office Supplies,Printer,2,999,0.1,1798.2,183.08
2681,ORD02681,26-07-2025,West,CUST2643,Home Office,Office Supplies,Desk,8,999,0.05,7592.4,1215.48
2682,ORD02682,05-09-2024,WEST,CUST2510,Corporate,Electronics,Desk,4,299,0.15,1016.6,131.74
2683,ORD02683,24-04-2024,East,,Consumer,Electronics,Laptop,10,299,0.15,2541.5,464.84
2684,ORD02684,20-07-2025,North,,Corporate,Office Supplies,Tablet,9,999,,8991,1829.25
2685,ORD02685,02-02-2025,East,,Consumer,Electronics,Chair,6,499,0.05,2844.3,463.23
2686,ORD02686,24-01-2024,East,CUST2113,Consumer,Office Supplies,Laptop,6,799,0.15,4074.9,1135.22
2687,ORD02687,04-08-2025,South,CUST2580,Home Office,Furniture,Headphones,10,299,0.15,2541.5,694.93
2688,ORD02688,06-06-2024,East,,Corporate,Electronics,Laptop,1,799,0,799,231.99
2689,ORD02689,25-04-2025,north,,Home Office,Furniture,Monitor,6,499,0,2994,388.16
2690,ORD02690,22-10-2025,north,,Home Office,Furniture,Phone,9,799,,7191,1976.36
2691,ORD02691,31-03-2024,North,,Corporate,Furniture,Headphones,7,199,0.1,1253.7,168.56
2692,ORD02692,24-09-2024,West,,Corporate,Electronics,Monitor,5,799,0.1,3595.5,925.98
2693,ORD02693,27-10-2025,North,,Consumer,Office Supplies,Headphones,6,999,0.15,5094.9,829.84
2694,ORD02694,25-04-2024,North,,Home Office,Furniture,Chair,1,199,0.1,179.1,39.64
2695,ORD02695,06-07-2025,north,,Corporate,Furniture,Tablet,6,499,0.05,2844.3,214.96
2696,ORD02696,20-01-2024,East,,Corporate,Furniture,Headphones,7,199,0.1,1253.7,174.33
2697,ORD02697,24-02-2024,north,,Corporate,Office Supplies,Tablet,9,999,0,8991,1350.57
2698,ORD02698,20-08-2024,South,,Corporate,Furniture,Printer,1,999,0.05,949.05,211.52
2699,ORD02699,11-02-2025,South,,Home Office,Office Supplies,Desk,1,199,0,199,34.51
2700,ORD02700,14-11-2024,North,CUST2202,Consumer,Office Supplies,Headphones,10,999,,9990,2541.43
2701,ORD02701,17-07-2024,South,,Consumer,Furniture,Desk,,799,0.05,3795.25,245.55
2702,ORD02702,23-01-2025,north,CUST2522,Corporate,Electronics,Monitor,6,99,,594,152.16
2703,ORD02703,02-01-2025,East,,Consumer,Electronics,Laptop,2,299,0,598,43.37
2704,ORD02704,26-05-2025,north,CUST2019,Home Office,Furniture,Chair,10,499,0.1,4491,337.59
2705,ORD02705,02-07-2024,North,,Corporate,Office Supplies,Desk,5,999,0.15,4245.75,344.15
2706,ORD02706,30-07-2025,South,,Consumer,Office Supplies,Printer,5,199,,995,144.5
2707,ORD02707,10-06-2025,East,,Home Office,Electronics,Headphones,6,999,0,5994,1159.78
2708,ORD02708,22-09-2025,West,,Corporate,Electronics,Monitor,4,199,0.15,676.6,143.09
2709,ORD02709,20-01-2025,WEST,,Home Office,Furniture,Chair,3,799,0.1,2157.3,569.61
2710,ORD02710,20-07-2024,East,,Home Office,Electronics,Printer,9,99,0.05,846.45,100.67
2711,ORD02711,23-10-2025,East,CUST2794,Consumer,Electronics,Desk,2,299,0.15,508.3,78.89
2712,ORD02712,07-07-2025,WEST,,Home Office,Electronics,Phone,1,299,,299,44.15
2713,ORD02713,09-01-2024,north,,Home Office,Electronics,Headphones,3,499,0.15,1272.45,280.65
2714,ORD02714,23-09-2025,East,,Consumer,Electronics,Phone,2,999,0,1998,445.34
2715,ORD02715,14-06-2025,East,,Consumer,Office Supplies,Desk,5,149,0.05,707.75,61.72
2716,ORD02716,20-11-2025,West,CUST1266,Corporate,Furniture,Desk,1,499,0.05,474.05,127.96
2717,ORD02717,26-09-2024,WEST,CUST2955,Home Office,Office Supplies,Chair,5,199,0,995,142.39
2718,ORD02718,07-07-2025,WEST,,Home Office,Electronics,Printer,8,149,,1192,270.89
2719,ORD02719,28-07-2024,north,CUST1848,Corporate,Office Supplies,Desk,3,149,0,447,125.79
2720,ORD02720,13-07-2024,north,CUST1472,Consumer,Electronics,Monitor,6,149,0.1,804.6,235.11
2721,ORD02721,04-11-2025,north,,Consumer,Office Supplies,Tablet,6,499,,2994,506.56
2722,ORD02722,03-02-2024,West,CUST2432,Consumer,Furniture,Headphones,9,149,0.05,1273.95,71.81
2723,ORD02723,24-05-2025,north,,Home Office,Furniture,Desk,3,799,,2397,188.38
2724,ORD02724,01-08-2024,West,,Corporate,Furniture,Laptop,9,499,0.1,4041.9,1044.27
2725,ORD02725,11-02-2024,West,,Home Office,Office Supplies,Laptop,10,99,0.15,841.5,239.23
2726,ORD02726,17-02-2025,North,,Corporate,Furniture,Chair,10,799,,7990,1534.47
2727,ORD02727,24-02-2024,West,,Consumer,Office Supplies,Desk,7,149,0,1043,245.47
2728,ORD02728,05-01-2025,South,,Consumer,Furniture,Headphones,3,99,0.1,267.3,47.77
2729,ORD02729,21-05-2024,South,,Home Office,Furniture,Printer,5,99,0,495,144.31
2730,ORD02730,08-02-2025,East,,Consumer,Office Supplies,Desk,1,499,,499,131.95
2731,ORD02731,18-07-2025,WEST,,Home Office,Furniture,Headphones,5,999,0.1,4495.5,294.24
2732,ORD02732,14-04-2025,north,,Consumer,Electronics,Printer,10,149,,1490,325.6
2733,ORD02733,12-02-2025,North,,Corporate,Furniture,Phone,5,99,0.15,420.75,105.98
2734,ORD02734,22-08-2025,South,,Consumer,Furniture,Tablet,1,149,,149,8.46
2735,ORD02735,19-02-2025,East,CUST2010,Consumer,Furniture,Headphones,6,149,0.15,759.9,180.88
2736,ORD02736,01-06-2025,South,,Consumer,Office Supplies,Printer,9,149,0.1,1206.9,85.64
2737,ORD02737,18-08-2024,West,CUST2234,Consumer,Furniture,Laptop,6,99,,594,58.81
2738,ORD02738,10-09-2024,West,,Home Office,Electronics,Headphones,6,,0,894,156.63
2739,ORD02739,07-06-2025,North,,Consumer,Office Supplies,Chair,5,499,0.15,2120.75,497.06
2740,ORD02740,17-03-2025,north,,Home Office,Office Supplies,Phone,10,499,0,4990,627.06
2741,ORD02741,22-10-2024,north,,Consumer,Office Supplies,Phone,2,499,0.15,848.3,249.63
2742,ORD02742,13-01-2024,WEST,,Consumer,Office Supplies,Desk,6,799,0.05,4554.3,941.82
2743,ORD02743,09-02-2025,WEST,CUST2538,Home Office,Electronics,Monitor,3,799,0.05,2277.15,553.77
2744,ORD02744,31-08-2025,WEST,,Home Office,Electronics,Monitor,10,299,0.15,2541.5,275.03
2745,ORD02745,03-08-2025,West,,Corporate,Furniture,Printer,5,149,,745,186.1
2746,ORD02746,26-12-2025,West,,Home Office,Furniture,Laptop,1,149,0,149,17.53
2747,ORD02747,22-11-2025,north,CUST1105,Home Office,Office Supplies,Headphones,7,999,0.1,6293.7,1752.76
2748,ORD02748,10-07-2024,South,CUST1267,Corporate,Office Supplies,Phone,9,99,0.1,801.9,119.9
2749,ORD02749,24-04-2024,WEST,,Consumer,Furniture,Headphones,9,99,0,891,149.5
2750,ORD02750,22-05-2024,North,CUST1645,Corporate,Electronics,Phone,10,299,0.1,2691,766.28
2751,ORD02751,15-07-2025,West,,Home Office,Furniture,Desk,7,499,0,3493,549.68
2752,ORD02752,04-11-2024,North,,Consumer,Office Supplies,Phone,6,999,,5994,637.6
2753,ORD02753,17-04-2025,East,,Consumer,Furniture,Desk,6,149,0.15,759.9,182.79
2754,ORD02754,29-11-2025,WEST,,Consumer,Electronics,Chair,7,299,0,2093,473.88
2755,ORD02755,20-01-2025,West,,Corporate,Office Supplies,Chair,2,149,0.05,283.1,46.57
2756,ORD02756,18-01-2024,North,CUST2307,Corporate,Electronics,Desk,7,99,0,693,75.92
2757,ORD02757,24-06-2024,West,,Home Office,Furniture,Laptop,8,499,0.05,3792.4,282.4
2758,ORD02758,27-05-2024,West,CUST1081,Corporate,Electronics,Tablet,9,499,0.1,4041.9,877.01
2759,ORD02759,29-11-2025,East,,Corporate,Furniture,Laptop,2,499,0.1,898.2,67.29
2760,ORD02760,10-06-2025,North,,Corporate,Electronics,Tablet,3,99,0.05,282.15,55.72
2761,ORD02761,11-02-2024,South,,Consumer,Electronics,Monitor,7,799,0.15,4754.05,800.53
2762,ORD02762,12-11-2024,WEST,,Home Office,Furniture,Desk,2,799,0.1,1438.2,113.04
2763,ORD02763,01-09-2024,West,,Home Office,Office Supplies,Chair,,199,0.1,179.1,32.26
2764,ORD02764,07-10-2024,West,,Home Office,Furniture,Phone,2,99,0.05,188.1,43.05
2765,ORD02765,16-11-2024,West,,Corporate,Electronics,Laptop,8,299,0.1,2152.8,272.5
2766,ORD02766,16-07-2024,East,CUST1950,Corporate,Furniture,Headphones,10,799,,7990,1062.13
2767,ORD02767,14-01-2024,WEST,,Consumer,Office Supplies,Tablet,3,499,0.05,1422.15,418.13
2768,ORD02768,10-07-2024,South,,Home Office,Furniture,Phone,3,199,0.05,567.15,108.4
2769,ORD02769,18-07-2024,West,,Corporate,Office Supplies,Printer,6,149,0.15,759.9,101.71
2770,ORD02770,19-06-2025,East,,Home Office,Office Supplies,Laptop,6,299,0.15,1524.9,347.05
2771,ORD02771,11-06-2025,North,CUST1092,Corporate,Office Supplies,Monitor,8,299,,2392,298.24
2772,ORD02772,04-04-2025,East,,Corporate,Furniture,Desk,4,999,0.1,3596.4,868.46
2773,ORD02773,19-11-2024,West,,Consumer,Electronics,Tablet,7,799,0.15,4754.05,520.84
2774,ORD02774,20-06-2025,East,,Corporate,Office Supplies,Phone,10,299,0,2990,380.84
2775,ORD02775,07-04-2025,North,,Consumer,Furniture,Desk,3,,0,297,60.88
2776,ORD02776,25-11-2025,East,CUST2043,Consumer,Electronics,Phone,,299,0,299,72.33
2777,ORD02777,30-08-2024,North,,Home Office,Furniture,Printer,10,799,0.05,7590.5,384.75
2778,ORD02778,07-05-2025,South,,Corporate,Electronics,Printer,6,199,0.05,1134.3,241.74
2779,ORD02779,15-05-2024,north,CUST2405,Consumer,Office Supplies,Phone,5,299,0.1,1345.5,113.74
2780,ORD02780,19-07-2025,East,,Corporate,Electronics,Laptop,2,999,,1998,144.25
2781,ORD02781,25-01-2024,West,CUST1857,Home Office,Furniture,Chair,2,99,,198,22.77
2782,ORD02782,03-12-2024,East,CUST1149,Consumer,Electronics,Tablet,10,799,0.1,7191,429.47
2783,ORD02783,31-07-2025,WEST,CUST2913,Corporate,Office Supplies,Laptop,,99,0.1,712.8,172.31
2784,ORD02784,05-11-2025,South,,Corporate,Furniture,Monitor,1,799,0.1,719.1,137.47
2785,ORD02785,25-11-2024,WEST,,Home Office,Electronics,Printer,8,799,0.1,5752.8,1638.94
2786,ORD02786,02-07-2024,East,,Corporate,Office Supplies,Chair,10,499,0.15,4241.5,1182.23
2787,ORD02787,31-07-2025,WEST,CUST1669,Corporate,Office Supplies,Printer,3,199,0.15,507.45,74.94
2788,ORD02788,02-05-2025,WEST,,Home Office,Electronics,Printer,3,499,0,1497,269.77
2789,ORD02789,19-04-2025,north,,Home Office,Office Supplies,Tablet,4,799,0.05,3036.2,432.92
2790,ORD02790,23-10-2025,north,CUST1959,Home Office,Furniture,Tablet,8,149,0.05,1132.4,173.99
2791,ORD02791,01-09-2024,WEST,,Consumer,Office Supplies,Chair,2,499,0.1,898.2,258.58
2792,ORD02792,10-02-2024,WEST,,Consumer,Furniture,Phone,5,299,0.15,1270.75,136.91
2793,ORD02793,02-03-2024,North,,Corporate,Office Supplies,Chair,6,499,0.1,2694.6,658
2794,ORD02794,10-05-2024,South,,Consumer,Furniture,Monitor,3,199,0,597,168.19
2795,ORD02795,07-12-2025,WEST,CUST2652,Corporate,Furniture,Desk,10,149,0,1490,397.56
2796,ORD02796,19-10-2025,North,CUST1325,Home Office,Electronics,Tablet,2,999,0.1,1798.2,497.56
2797,ORD02797,24-10-2025,South,CUST2147,Home Office,Electronics,Chair,4,299,0.15,1016.6,126.09
2798,ORD02798,18-09-2025,north,CUST1520,Home Office,Office Supplies,Chair,10,799,0.05,7590.5,699.93
2799,ORD02799,17-09-2025,West,,Consumer,Electronics,Headphones,,499,0.05,2370.25,262.43
2800,ORD02800,26-10-2024,WEST,,Home Office,Furniture,Monitor,2,199,,398,92.28
2801,ORD02801,28-08-2025,north,,Home Office,Furniture,Headphones,6,499,0,2994,636.95
2802,ORD02802,13-03-2025,WEST,,Consumer,Office Supplies,Headphones,6,149,,894,83.2
2803,ORD02803,15-12-2025,North,,Home Office,Office Supplies,Phone,1,99,0,99,10.58
2804,ORD02804,29-04-2024,East,CUST1427,Corporate,Office Supplies,Phone,9,999,0,8991,2148.65
2805,ORD02805,13-02-2024,West,,Consumer,Electronics,Headphones,2,799,0.05,1518.1,112.3
2806,ORD02806,08-11-2024,WEST,,Corporate,Electronics,Phone,,149,0.1,1072.8,224.9
2807,ORD02807,27-09-2025,East,,Consumer,Office Supplies,Monitor,5,299,0.15,1270.75,293.15
2808,ORD02808,12-02-2025,WEST,CUST1209,Consumer,Electronics,Printer,1,499,,499,94.04
2809,ORD02809,12-07-2024,WEST,CUST2576,Home Office,Office Supplies,Monitor,3,499,0.05,1422.15,230.55
2810,ORD02810,28-01-2024,north,,Corporate,Furniture,Headphones,10,149,0.15,1266.5,280.43
2811,ORD02811,02-06-2025,north,,Home Office,Office Supplies,Phone,8,199,0,1592,406.1
2812,ORD02812,28-07-2025,North,,Consumer,Office Supplies,Desk,2,99,0.15,168.3,28.32
2813,ORD02813,17-01-2024,South,,Home Office,Furniture,Headphones,3,149,,447,25.86
2814,ORD02814,25-02-2025,East,,Consumer,Electronics,Chair,6,499,0.1,2694.6,215.5
2815,ORD02815,14-01-2024,West,,Consumer,Electronics,Printer,3,299,0.1,807.3,155.26
2816,ORD02816,08-01-2025,WEST,,Home Office,Office Supplies,Headphones,7,299,0.05,1988.35,503.98
2817,ORD02817,28-10-2024,WEST,,Consumer,Furniture,Phone,3,499,0.05,1422.15,133.94
2818,ORD02818,20-08-2025,East,,Corporate,Electronics,Tablet,5,199,,995,288.7
2819,ORD02819,30-06-2025,West,,Home Office,Electronics,Chair,2,499,0.05,948.1,224.98
2820,ORD02820,11-11-2024,north,,Corporate,Furniture,Headphones,10,799,0,7990,562.8
2821,ORD02821,20-11-2024,North,,Consumer,Furniture,Printer,7,299,0,2093,367.31
2822,ORD02822,16-08-2024,West,CUST1444,Corporate,Furniture,Phone,,99,0,594,141.42
2823,ORD02823,23-08-2024,North,,Corporate,Office Supplies,Desk,6,99,0.15,504.9,144.02
2824,ORD02824,03-10-2025,East,CUST2096,Corporate,Office Supplies,Phone,4,799,0.1,2876.4,542.37
2825,ORD02825,31-01-2024,South,,Home Office,Furniture,Chair,7,999,,6993,628.4
2826,ORD02826,07-08-2025,East,,Home Office,Electronics,Tablet,,199,0.15,1014.9,152.99
2827,ORD02827,10-01-2024,East,CUST2966,Home Office,Furniture,Laptop,5,149,0.15,633.25,53.34
2828,ORD02828,08-09-2025,East,,Home Office,Electronics,Chair,6,799,0.1,4314.6,1086.45
2829,ORD02829,06-01-2024,West,CUST1259,Home Office,Furniture,Tablet,3,149,0.1,402.3,83.6
2830,ORD02830,21-08-2025,North,CUST1431,Corporate,Furniture,Printer,5,299,,1495,136.95
2831,ORD02831,13-08-2025,WEST,CUST2954,Home Office,Furniture,Printer,3,499,,1497,183.32
2832,ORD02832,08-06-2025,North,,Consumer,Office Supplies,Desk,5,199,0.15,845.75,226.76
2833,ORD02833,08-10-2024,WEST,CUST2331,Home Office,Electronics,Chair,5,799,0.05,3795.25,1077.87
2834,ORD02834,29-08-2024,South,CUST1242,Home Office,Electronics,Monitor,5,149,0.15,633.25,67.56
2835,ORD02835,10-03-2024,WEST,,Consumer,Electronics,Monitor,6,999,0.05,5694.3,1530.87
2836,ORD02836,04-01-2024,WEST,,Corporate,Office Supplies,Monitor,5,499,0,2495,549.71
2837,ORD02837,30-03-2025,North,,Corporate,Furniture,Laptop,5,99,0,495,92.46
2838,ORD02838,28-06-2025,WEST,,Home Office,Electronics,Tablet,10,799,0.05,7590.5,1826.49
2839,ORD02839,24-04-2024,East,,Corporate,Electronics,Desk,3,99,,297,68.77
2840,ORD02840,17-05-2025,South,,Consumer,Furniture,Tablet,6,99,0.15,504.9,145.03
2841,ORD02841,15-11-2024,West,CUST1689,Home Office,Office Supplies,Tablet,8,199,0.1,1432.8,378.8
2842,ORD02842,22-02-2025,South,,Consumer,Electronics,Monitor,6,99,,594,100.62
2843,ORD02843,16-08-2025,north,,Consumer,Furniture,Laptop,6,799,0,4794,1274.16
2844,ORD02844,25-02-2024,North,CUST1920,Home Office,Office Supplies,Desk,3,99,0.05,282.15,44.72
2845,ORD02845,23-08-2024,WEST,,Home Office,Furniture,Printer,2,799,0.1,1438.2,371.08
2846,ORD02846,19-12-2025,South,,Home Office,Electronics,Chair,6,299,,1794,525.56
2847,ORD02847,03-07-2025,South,,Corporate,Office Supplies,Desk,3,199,0.15,507.45,107.59
2848,ORD02848,21-06-2025,West,,Corporate,Electronics,Headphones,8,999,0.05,7592.4,775.48
2849,ORD02849,01-07-2024,north,CUST2024,Consumer,Office Supplies,Phone,6,499,0,2994,703.56
2850,ORD02850,15-06-2025,West,CUST1091,Home Office,Electronics,Desk,10,199,0.15,1691.5,348.29
2851,ORD02851,12-08-2024,East,CUST1725,Home Office,Office Supplies,Tablet,2,799,0.15,1358.3,179.46
2852,ORD02852,04-06-2025,North,CUST2332,Home Office,Electronics,Chair,6,799,0.1,4314.6,839.62
2853,ORD02853,12-04-2025,north,CUST2585,Home Office,Furniture,Desk,1,499,,499,69.66
2854,ORD02854,13-08-2024,north,,Consumer,Office Supplies,Laptop,3,999,0,2997,797.79
2855,ORD02855,22-08-2025,North,CUST1794,Consumer,Office Supplies,Phone,1,149,0,149,24.01
2856,ORD02856,07-09-2024,West,CUST1791,Home Office,Office Supplies,Chair,9,999,0,8991,2439.84
2857,ORD02857,27-09-2024,North,CUST1099,Home Office,Furniture,Desk,4,799,0.05,3036.2,738.18
2858,ORD02858,25-04-2025,North,,Home Office,Electronics,Headphones,2,99,0.15,168.3,22.38
2859,ORD02859,28-05-2025,North,,Consumer,Office Supplies,Chair,2,,0.05,188.1,39.28
2860,ORD02860,15-01-2024,north,,Consumer,Furniture,Phone,10,299,0,2990,376.69
2861,ORD02861,01-11-2025,East,,Consumer,Office Supplies,Phone,3,799,0,2397,446.83
2862,ORD02862,25-01-2024,West,CUST2160,Home Office,Office Supplies,Printer,9,99,0.1,801.9,230.92
2863,ORD02863,03-11-2024,North,,Corporate,Furniture,Monitor,5,299,,1495,194.84
2864,ORD02864,07-10-2024,West,CUST2798,Home Office,Furniture,Printer,9,299,0,2691,640.44
2865,ORD02865,21-10-2025,South,CUST2152,Consumer,Electronics,Printer,6,999,0.1,5394.6,1602.91
2866,ORD02866,29-12-2024,East,,Home Office,Furniture,Chair,3,499,0.15,1272.45,281.34
2867,ORD02867,06-03-2024,north,,Home Office,Office Supplies,Monitor,8,199,0.15,1353.2,91.57
2868,ORD02868,18-09-2025,West,,Home Office,Furniture,Phone,9,799,0.1,6471.9,1750.24
2869,ORD02869,06-05-2024,North,,Home Office,Furniture,Printer,10,,0.05,4740.5,1099.19
2870,ORD02870,22-03-2024,North,CUST1544,Corporate,Electronics,Phone,4,99,0.15,336.6,66
2871,ORD02871,11-03-2024,WEST,CUST1509,Consumer,Electronics,Phone,4,99,0.1,356.4,89.34
2872,ORD02872,02-06-2024,West,,Home Office,Office Supplies,Laptop,2,99,0.05,188.1,46.49
2873,ORD02873,28-10-2025,North,,Corporate,Office Supplies,Tablet,5,499,0.05,2370.25,225.74
2874,ORD02874,04-08-2025,East,CUST1312,Consumer,Furniture,Printer,10,499,0.1,4491,266.42
2875,ORD02875,03-10-2025,north,,Consumer,Electronics,Chair,4,149,,596,160.46
2876,ORD02876,18-09-2025,WEST,,Home Office,Office Supplies,Printer,1,499,0,499,90.47
2877,ORD02877,03-11-2024,North,,Home Office,Furniture,Tablet,5,149,0,745,185.51
2878,ORD02878,23-12-2025,WEST,,Corporate,Office Supplies,Laptop,2,149,0.15,253.3,21.09
2879,ORD02879,24-05-2025,WEST,,Home Office,Furniture,Printer,7,199,,1393,275.93
2880,ORD02880,24-11-2025,West,CUST2420,Consumer,Office Supplies,Chair,1,499,0.15,424.15,38.27
2881,ORD02881,25-06-2024,WEST,CUST2294,Home Office,Office Supplies,Headphones,5,499,0.15,2120.75,417.51
2882,ORD02882,13-09-2025,WEST,,Consumer,Office Supplies,Phone,7,799,0.15,4754.05,1415.27
2883,ORD02883,01-06-2025,north,,Consumer,Electronics,Chair,1,299,0.05,284.05,75.46
2884,ORD02884,06-01-2025,north,,Consumer,Furniture,Desk,9,499,0,4491,1150.02
2885,ORD02885,05-04-2025,West,,Home Office,Electronics,Printer,2,299,0.15,508.3,47.3
2886,ORD02886,10-11-2025,North,,Corporate,Furniture,Monitor,2,799,0,1598,184.22
2887,ORD02887,05-10-2024,North,CUST2342,Consumer,Furniture,Monitor,8,299,0,2392,496.57
2888,ORD02888,16-02-2025,north,,Consumer,Electronics,Phone,5,149,0.1,670.5,82.17
2889,ORD02889,24-07-2025,WEST,CUST2513,Consumer,Electronics,Monitor,3,299,0,897,143.35
2890,ORD02890,16-07-2024,North,,Home Office,Furniture,Chair,3,149,0.1,402.3,27.78
2891,ORD02891,14-11-2024,East,CUST1928,Corporate,Office Supplies,Laptop,7,999,,6993,657.42
2892,ORD02892,10-07-2025,West,,Home Office,Electronics,Monitor,7,999,0.1,6293.7,541.25
2893,ORD02893,22-04-2024,East,CUST2632,Consumer,Furniture,Monitor,10,149,0.05,1415.5,194.13
2894,ORD02894,07-07-2024,East,CUST1389,Corporate,Electronics,Chair,2,299,0.05,568.1,48.2
2895,ORD02895,30-10-2025,north,,Corporate,Office Supplies,Chair,3,999,0.1,2697.3,619.67
2896,ORD02896,16-04-2024,north,,Consumer,Electronics,Tablet,6,149,0.05,849.3,180.04
2897,ORD02897,14-03-2025,north,,Home Office,Electronics,Headphones,10,999,,9990,1563.08
2898,ORD02898,25-06-2024,north,CUST2200,Home Office,Electronics,Monitor,7,799,0,5593,1362.69
2899,ORD02899,30-05-2025,North,,Corporate,Office Supplies,Phone,3,149,,447,107.31
2900,ORD02900,28-11-2024,West,,Consumer,Electronics,Headphones,3,199,,597,109.95
2901,ORD02901,31-07-2024,north,,Consumer,Electronics,Chair,9,799,0.15,6112.35,363.99
2902,ORD02902,01-02-2024,north,CUST1340,Home Office,Office Supplies,Headphones,5,499,0.05,2370.25,170.49
2903,ORD02903,05-12-2025,North,,Consumer,Furniture,Chair,2,299,0.1,538.2,97.23
2904,ORD02904,07-04-2024,West,CUST1143,Consumer,Office Supplies,Headphones,7,149,0.05,990.85,178.33
2905,ORD02905,02-05-2024,north,CUST2118,Home Office,Electronics,Headphones,3,499,,1497,390.93
2906,ORD02906,05-08-2024,WEST,,Consumer,Office Supplies,Desk,,149,0,1341,141.38
2907,ORD02907,27-06-2025,South,,Consumer,Electronics,Monitor,7,799,0.15,4754.05,452.7
2908,ORD02908,01-01-2025,WEST,CUST2377,Corporate,Furniture,Desk,5,499,0.1,2245.5,490.22
2909,ORD02909,09-12-2025,South,,Corporate,Electronics,Chair,9,149,,1341,307.05
2910,ORD02910,18-11-2025,South,CUST2373,Corporate,Office Supplies,Tablet,4,999,0.05,3796.2,242.56
2911,ORD02911,18-09-2024,North,,Home Office,Furniture,Chair,4,299,0.1,1076.4,200.2
2912,ORD02912,30-12-2024,North,CUST2744,Consumer,Office Supplies,Headphones,4,999,0,3996,459.73
2913,ORD02913,19-12-2024,South,,Consumer,Furniture,Monitor,,199,0.05,567.15,57.72
2914,ORD02914,13-04-2024,West,CUST2583,Consumer,Office Supplies,Chair,2,99,0,198,37.39
2915,ORD02915,23-08-2025,north,,Consumer,Electronics,Chair,3,99,0,297,38.31
2916,ORD02916,05-08-2024,north,,Corporate,Electronics,Chair,5,149,0,745,154.83
2917,ORD02917,14-03-2025,East,,Home Office,Furniture,Laptop,6,799,0.1,4314.6,1208.27
2918,ORD02918,04-03-2025,West,,Home Office,Electronics,Printer,8,299,0.05,2272.4,497.45
2919,ORD02919,08-04-2024,WEST,,Home Office,Electronics,Tablet,3,499,0.15,1272.45,357.5
2920,ORD02920,16-05-2024,North,,Corporate,Office Supplies,Headphones,6,999,,5994,1530.82
2921,ORD02921,14-01-2025,West,,Consumer,Furniture,Laptop,3,99,0.05,282.15,79.13
2922,ORD02922,24-09-2025,North,,Corporate,Electronics,Printer,2,299,0.15,508.3,106.2
2923,ORD02923,04-03-2024,West,,Home Office,Electronics,Monitor,3,99,0.1,267.3,38.88
2924,ORD02924,09-08-2025,South,,Consumer,Furniture,Desk,10,499,0.05,4740.5,727.57
2925,ORD02925,19-06-2024,North,,Consumer,Office Supplies,Headphones,4,149,,596,175.45
2926,ORD02926,28-01-2025,East,,Home Office,Office Supplies,Headphones,4,199,0.15,676.6,65.57
2927,ORD02927,17-11-2025,South,,Consumer,Electronics,Tablet,10,299,0,2990,733.99
2928,ORD02928,22-04-2025,north,,Home Office,Office Supplies,Tablet,10,799,0.05,7590.5,2193.27
2929,ORD02929,31-12-2025,South,,Corporate,Electronics,Phone,7,999,0.15,5944.05,440.36
2930,ORD02930,15-08-2025,WEST,,Corporate,Office Supplies,Laptop,7,99,0.05,658.35,183.05
2931,ORD02931,04-04-2024,West,CUST2672,Home Office,Office Supplies,Phone,2,199,0.1,358.2,27.77
2932,ORD02932,06-09-2025,North,,Home Office,Office Supplies,Monitor,9,999,0.1,8091.9,648.52
2933,ORD02933,26-06-2024,East,,Corporate,Furniture,Laptop,9,299,,2691,510.9
2934,ORD02934,27-03-2025,WEST,,Home Office,Office Supplies,Phone,8,99,0.1,712.8,141.15
2935,ORD02935,20-02-2025,north,,Consumer,Office Supplies,Headphones,2,999,0,1998,518.31
2936,ORD02936,09-12-2025,North,,Corporate,Office Supplies,Printer,4,299,,1196,193.63
2937,ORD02937,14-07-2024,north,,Consumer,Office Supplies,Phone,9,99,0.1,801.9,193.16
2938,ORD02938,23-04-2025,East,CUST1285,Consumer,Furniture,Headphones,6,999,0.15,5094.9,1330.7
2939,ORD02939,18-08-2024,East,CUST2365,Consumer,Office Supplies,Laptop,1,999,,999,104.14
2940,ORD02940,07-07-2025,South,,Corporate,Office Supplies,Monitor,4,149,0.15,506.6,143.98
2941,ORD02941,25-06-2025,South,,Home Office,Furniture,Desk,5,499,0.1,2245.5,229.34
2942,ORD02942,09-01-2024,West,,Corporate,Furniture,Headphones,6,499,,2994,398.22
2943,ORD02943,16-11-2025,South,,Corporate,Office Supplies,Printer,1,499,0.05,474.05,65.36
2944,ORD02944,21-01-2024,South,,Home Office,Office Supplies,Chair,5,299,0.05,1420.25,380.96
2945,ORD02945,19-09-2025,North,,Corporate,Electronics,Desk,8,499,0.15,3393.2,786.18
2946,ORD02946,19-07-2024,West,CUST1283,Consumer,Office Supplies,Phone,10,,0.05,4740.5,981
2947,ORD02947,08-12-2025,WEST,,Home Office,Furniture,Desk,5,999,0,4995,597.25
2948,ORD02948,18-02-2024,South,,Home Office,Electronics,Monitor,8,499,0.05,3792.4,1044.09
2949,ORD02949,19-06-2024,East,,Corporate,Furniture,Desk,8,149,0,1192,251.85
2950,ORD02950,10-04-2025,South,,Consumer,Office Supplies,Chair,8,799,0.05,6072.4,1443.02
2951,ORD02951,05-02-2025,north,CUST1943,Consumer,Office Supplies,Desk,3,99,0,297,41.08
2952,ORD02952,23-11-2025,north,,Consumer,Furniture,Tablet,9,99,,891,139.73
2953,ORD02953,17-04-2024,South,,Corporate,Office Supplies,Headphones,8,199,0.15,1353.2,300.7
2954,ORD02954,23-03-2024,WEST,,Home Office,Furniture,Printer,3,999,0.1,2697.3,350.08
2955,ORD02955,15-03-2025,WEST,CUST1257,Consumer,Office Supplies,Desk,6,299,0.15,1524.9,430.27
2956,ORD02956,29-01-2025,West,CUST2366,Consumer,Office Supplies,Monitor,7,149,0,1043,111.48
2957,ORD02957,06-05-2025,WEST,CUST1152,Corporate,Furniture,Tablet,6,999,0.05,5694.3,476.63
2958,ORD02958,19-08-2024,East,,Consumer,Furniture,Chair,4,199,,796,191.12
2959,ORD02959,19-02-2025,South,,Consumer,Office Supplies,Headphones,7,199,,1393,191.9
2960,ORD02960,05-06-2025,West,,Corporate,Furniture,Tablet,6,999,0,5994,1074.26
2961,ORD02961,05-06-2025,north,,Consumer,Office Supplies,Phone,5,199,,995,107.59
2962,ORD02962,01-06-2025,East,CUST1337,Consumer,Furniture,Laptop,1,199,0,199,15.53
2963,ORD02963,07-04-2024,East,CUST2967,Consumer,Furniture,Desk,,499,0.05,3318.35,474.45
2964,ORD02964,24-10-2025,South,,Consumer,Office Supplies,Phone,5,999,0.05,4745.25,279.06
2965,ORD02965,04-06-2025,East,,Home Office,Electronics,Phone,5,499,0,2495,260.27
2966,ORD02966,10-01-2024,north,,Corporate,Furniture,Desk,5,799,,3995,763.2
2967,ORD02967,22-08-2024,WEST,,Home Office,Furniture,Headphones,7,99,0,693,86.79
2968,ORD02968,20-11-2025,WEST,,Home Office,Office Supplies,Phone,10,299,,2990,620.51
2969,ORD02969,26-08-2025,north,CUST2858,Home Office,Office Supplies,Laptop,7,149,0.05,990.85,168.78
2970,ORD02970,10-05-2025,north,CUST2074,Corporate,Office Supplies,Desk,7,199,0.05,1323.35,147.69
2971,ORD02971,18-11-2025,West,CUST2499,Consumer,Furniture,Tablet,6,199,0,1194,346.36
2972,ORD02972,07-08-2024,north,,Home Office,Electronics,Chair,9,149,,1341,163.43
2973,ORD02973,24-08-2024,north,,Consumer,Office Supplies,Headphones,2,99,0,198,37.54
2974,ORD02974,01-06-2025,WEST,,Corporate,Furniture,Desk,10,149,0.05,1415.5,96.93
2975,ORD02975,20-03-2024,East,,Consumer,Furniture,Monitor,9,149,0.1,1206.9,287.22
2976,ORD02976,24-11-2025,WEST,CUST2078,Consumer,Office Supplies,Monitor,1,499,0.05,474.05,127.27
2977,ORD02977,01-09-2025,North,,Home Office,Furniture,Desk,7,299,0.05,1988.35,233.8
2978,ORD02978,21-07-2024,West,CUST1968,Corporate,Electronics,Headphones,10,99,0.05,940.5,203.02
2979,ORD02979,12-04-2025,South,CUST1461,Consumer,Furniture,Headphones,1,199,0.15,169.15,27.71
2980,ORD02980,09-02-2024,South,,Home Office,Electronics,Headphones,2,799,,1598,348.89
2981,ORD02981,11-04-2025,WEST,,Consumer,Electronics,Headphones,5,799,0.05,3795.25,1046.3
2982,ORD02982,12-10-2025,north,,Consumer,Office Supplies,Headphones,6,299,0.15,1524.9,170.98
2983,ORD02983,06-02-2025,East,,Corporate,Office Supplies,Tablet,2,799,0.1,1438.2,335.18
2984,ORD02984,28-10-2024,WEST,,Home Office,Furniture,Desk,9,999,0,8991,2371.85
2985,ORD02985,28-03-2024,West,,Consumer,Office Supplies,Chair,4,299,0.1,1076.4,231.43
2986,ORD02986,26-05-2025,South,,Corporate,Electronics,Monitor,3,999,0.15,2547.45,567.52
2987,ORD02987,09-09-2024,East,,Home Office,Furniture,Monitor,9,999,0.15,7642.35,1638.55
2988,ORD02988,11-02-2024,North,,Corporate,Furniture,Phone,2,499,0.15,848.3,185.29
2989,ORD02989,20-05-2025,South,,Corporate,Office Supplies,Chair,6,149,0.1,804.6,86.51
2990,ORD02990,03-10-2025,WEST,,Consumer,Furniture,Headphones,8,99,0.05,752.4,72.33
2991,ORD02991,15-07-2025,WEST,CUST1967,Consumer,Furniture,Monitor,1,799,0,799,188.35
2992,ORD02992,09-08-2024,WEST,CUST2850,Consumer,Electronics,Monitor,6,299,0,1794,459.81
2993,ORD02993,19-03-2025,South,CUST1509,Home Office,Office Supplies,Monitor,10,199,0.1,1791,148.68
2994,ORD02994,11-03-2025,West,,Home Office,Office Supplies,Laptop,6,,0.05,5694.3,423.51
2995,ORD02995,25-05-2024,South,CUST1941,Consumer,Furniture,Phone,7,799,,5593,1432.07
2996,ORD02996,23-11-2024,South,CUST1195,Home Office,Electronics,Headphones,4,499,0,1996,220.15
2997,ORD02997,24-04-2024,WEST,CUST2620,Consumer,Furniture,Tablet,10,499,0.05,4740.5,1347.22
2998,ORD02998,05-04-2025,West,,Consumer,Office Supplies,Laptop,2,299,0.15,508.3,78.5
2999,ORD02999,25-01-2024,north,,Home Office,Office Supplies,Tablet,2,99,0.15,168.3,16.32
3000,ORD03000,19-03-2025,South,,Corporate,Electronics,Headphones,7,149,0.15,886.55,75.2
3001,ORD03001,10-12-2025,West,CUST1580,Corporate,Electronics,Chair,10,499,0.1,4491,376.37
3002,ORD03002,26-08-2024,West,,Consumer,Office Supplies,Laptop,3,499,0.1,1347.3,102.09
3003,ORD03003,22-08-2024,West,,Corporate,Electronics,Tablet,,99,,396,39.78
3004,ORD03004,02-08-2025,South,CUST1949,Consumer,Electronics,Tablet,2,99,0.15,168.3,25.59
3005,ORD03005,31-10-2024,North,,Consumer,Furniture,Desk,8,999,0.15,6793.2,1987.33
3006,ORD03006,30-05-2024,East,,Consumer,Office Supplies,Phone,7,99,0.1,623.7,178.14
3007,ORD03007,14-11-2024,north,,Home Office,Electronics,Desk,10,999,,9990,2748.89
3008,ORD03008,06-12-2025,West,,Corporate,Furniture,Headphones,8,499,,3992,535.69
3009,ORD03009,22-07-2025,West,,Consumer,Electronics,Chair,4,499,0.15,1696.6,206.87
3010,ORD03010,20-07-2024,WEST,CUST1011,Home Office,Office Supplies,Chair,3,149,0,447,120.17
3011,ORD03011,11-01-2024,East,,Corporate,Furniture,Printer,8,999,0.15,6793.2,1871.2
3012,ORD03012,16-01-2025,West,,Corporate,Office Supplies,Headphones,4,799,0.05,3036.2,563.81
3013,ORD03013,01-03-2024,north,,Corporate,Furniture,Desk,9,799,0,7191,1065.8
3014,ORD03014,14-04-2024,North,,Home Office,Electronics,Phone,3,149,0.05,424.65,65.42
3015,ORD03015,17-01-2025,North,,Consumer,Furniture,Phone,1,99,,99,14.34
3016,ORD03016,26-08-2025,East,,Home Office,Electronics,Chair,5,499,0.15,2120.75,475.44
3017,ORD03017,21-01-2025,South,CUST1884,Consumer,Electronics,Printer,7,999,0.1,6293.7,814.71
3018,ORD03018,16-06-2024,North,CUST2712,Home Office,Furniture,Chair,4,499,0.05,1896.2,446.54
3019,ORD03019,19-08-2024,West,,Corporate,Office Supplies,Monitor,1,999,0.1,899.1,157.49
3020,ORD03020,01-09-2025,WEST,,Home Office,Office Supplies,Laptop,3,99,,297,77.88
3021,ORD03021,29-03-2024,WEST,,Corporate,Electronics,Phone,1,,,99,10.62
3022,ORD03022,09-04-2025,north,,Home Office,Office Supplies,Printer,8,499,,3992,569.44
3023,ORD03023,21-04-2025,East,CUST2034,Corporate,Electronics,Headphones,7,499,0,3493,901.7
3024,ORD03024,04-05-2024,East,CUST1308,Corporate,Office Supplies,Laptop,6,999,0.05,5694.3,1454.94
3025,ORD03025,11-10-2024,WEST,,Consumer,Electronics,Tablet,10,199,0,1990,458.7
3026,ORD03026,22-02-2024,north,CUST1206,Consumer,Electronics,Headphones,7,299,0.05,1988.35,194.09
3027,ORD03027,05-08-2024,north,CUST2890,Home Office,Furniture,Laptop,8,499,0.1,3592.8,556.03
3028,ORD03028,29-05-2024,West,,Corporate,Office Supplies,Laptop,9,149,0.05,1273.95,142.81
3029,ORD03029,22-03-2024,West,CUST1693,Consumer,Office Supplies,Tablet,9,199,0.05,1701.45,466.52
3030,ORD03030,24-02-2025,north,,Home Office,Electronics,Desk,9,199,0.05,1701.45,311.2
3031,ORD03031,27-10-2025,north,,Corporate,Electronics,Chair,5,299,,1495,146.04
3032,ORD03032,17-01-2025,East,,Home Office,Electronics,Monitor,9,199,0.05,1701.45,491.18
3033,ORD03033,12-04-2025,East,,Corporate,Electronics,Desk,10,199,0.05,1890.5,480.54
3034,ORD03034,05-04-2025,north,,Consumer,Furniture,Chair,3,299,0.15,762.45,118.11
3035,ORD03035,28-07-2025,South,CUST1662,Consumer,Electronics,Phone,3,299,0.05,852.15,91.55
3036,ORD03036,04-03-2025,North,,Corporate,Office Supplies,Phone,8,99,0,792,225.06
3037,ORD03037,04-02-2025,East,,Consumer,Electronics,Laptop,7,99,0,693,68.38
3038,ORD03038,25-01-2024,north,,Consumer,Electronics,Headphones,6,799,0.05,4554.3,974.29
3039,ORD03039,09-07-2025,WEST,,Home Office,Office Supplies,Printer,4,299,0.1,1076.4,67.55
3040,ORD03040,22-12-2025,north,CUST1217,Corporate,Electronics,Printer,3,99,0.15,252.45,45.77
3041,ORD03041,15-07-2024,West,CUST1124,Home Office,Electronics,Laptop,4,149,,596,55.59
3042,ORD03042,15-01-2025,West,,Home Office,Electronics,Headphones,1,299,,299,64.6
3043,ORD03043,22-07-2024,WEST,CUST2941,Consumer,Furniture,Monitor,10,499,0.1,4491,1284.08
3044,ORD03044,05-03-2024,WEST,,Corporate,Electronics,Headphones,10,499,0,4990,1424.6
3045,ORD03045,04-02-2025,West,,Corporate,Furniture,Phone,10,99,0,990,124.47
3046,ORD03046,12-02-2024,South,CUST2707,Home Office,Furniture,Chair,7,799,0,5593,1349.6
3047,ORD03047,05-12-2024,North,,Home Office,Furniture,Monitor,9,149,0.1,1206.9,321.85
3048,ORD03048,13-11-2024,north,CUST1819,Consumer,Furniture,Printer,5,149,0.15,633.25,76.55
3049,ORD03049,03-04-2025,WEST,CUST1405,Home Office,Office Supplies,Laptop,10,199,0.15,1691.5,402.64
3050,ORD03050,15-05-2024,north,CUST1441,Consumer,Electronics,Chair,9,99,,891,201.07
3051,ORD03051,09-06-2024,north,,Corporate,Office Supplies,Headphones,6,499,0.15,2544.9,252.91
3052,ORD03052,30-04-2025,West,,Home Office,Electronics,Tablet,6,149,0.1,804.6,230.29
3053,ORD03053,08-02-2025,West,CUST1798,Corporate,Electronics,Desk,4,199,,796,151.31
3054,ORD03054,24-09-2024,West,CUST1538,Consumer,Furniture,Monitor,9,299,,2691,318.7
3055,ORD03055,21-09-2024,West,,Corporate,Office Supplies,Desk,9,799,0.1,6471.9,1311.9
3056,ORD03056,30-04-2025,East,CUST1927,Home Office,Furniture,Monitor,5,299,0,1495,421.88
3057,ORD03057,18-03-2024,South,,Home Office,Electronics,Headphones,9,99,,891,148.15
3058,ORD03058,09-11-2024,north,,Home Office,Electronics,Monitor,2,799,0,1598,469.93
3059,ORD03059,11-01-2024,North,CUST2230,Consumer,Electronics,Chair,6,999,0.15,5094.9,1042.39
3060,ORD03060,24-07-2024,North,,Consumer,Furniture,Tablet,3,299,0,897,55.53
3061,ORD03061,07-06-2025,West,CUST2426,Home Office,Furniture,Monitor,,999,0.1,1798.2,166.52
3062,ORD03062,31-10-2024,North,,Corporate,Office Supplies,Phone,6,199,0.1,1074.6,192.67
3063,ORD03063,15-09-2025,East,CUST2130,Corporate,Electronics,Printer,3,999,,2997,801.76
3064,ORD03064,04-08-2025,East,CUST2000,Consumer,Electronics,Monitor,4,199,0.1,716.4,144.32
3065,ORD03065,05-04-2024,South,,Consumer,Furniture,Desk,7,499,,3493,651.82
3066,ORD03066,29-01-2025,North,,Corporate,Electronics,Phone,6,299,,1794,218.09
3067,ORD03067,25-12-2024,East,,Consumer,Furniture,Laptop,9,799,0.05,6831.45,1463.08
3068,ORD03068,30-10-2024,north,CUST1770,Consumer,Furniture,Laptop,3,99,0.05,282.15,61.55
3069,ORD03069,27-05-2025,WEST,CUST1199,Corporate,Office Supplies,Printer,4,149,0.1,536.4,114.71
3070,ORD03070,11-08-2025,East,,Home Office,Furniture,Phone,4,99,0.05,376.2,34.2
3071,ORD03071,13-08-2025,South,,Consumer,Electronics,Desk,1,499,0.1,449.1,80.14
3072,ORD03072,04-01-2024,north,CUST2432,Consumer,Electronics,Monitor,1,99,0.05,94.05,15.07
3073,ORD03073,21-06-2025,North,,Corporate,Office Supplies,Phone,2,99,0,198,24.73
3074,ORD03074,30-07-2024,north,CUST2625,Home Office,Office Supplies,Laptop,4,999,0.1,3596.4,1001.86
3075,ORD03075,16-06-2025,WEST,,Consumer,Office Supplies,Laptop,7,199,0.15,1184.05,126.27
3076,ORD03076,02-05-2025,North,,Consumer,Office Supplies,Desk,1,499,0,499,138.29
3077,ORD03077,18-07-2025,West,CUST1044,Consumer,Office Supplies,Laptop,7,299,0.1,1883.7,508.88
3078,ORD03078,15-11-2024,East,,Corporate,Office Supplies,Desk,2,799,0.1,1438.2,273.47
3079,ORD03079,07-11-2024,West,CUST1516,Home Office,Office Supplies,Tablet,1,499,0.1,449.1,113.53
3080,ORD03080,24-06-2025,East,CUST1213,Corporate,Furniture,Phone,5,499,0,2495,180.29
3081,ORD03081,16-03-2025,North,,Consumer,Office Supplies,Phone,2,299,0.15,508.3,89.28
3082,ORD03082,24-09-2025,North,,Consumer,Office Supplies,Phone,6,299,0.1,1614.6,87.36
3083,ORD03083,25-06-2025,WEST,,Consumer,Electronics,Monitor,3,499,0,1497,434.24
3084,ORD03084,12-04-2024,WEST,CUST1996,Home Office,Electronics,Printer,7,799,,5593,309.43
3085,ORD03085,24-02-2024,South,,Corporate,Furniture,Tablet,1,799,0.15,679.15,56.02
3086,ORD03086,01-07-2025,WEST,,Consumer,Furniture,Monitor,2,499,0,998,173.38
3087,ORD03087,24-01-2024,north,,Consumer,Furniture,Chair,4,149,0.1,536.4,121.61
3088,ORD03088,03-06-2024,north,,Corporate,Furniture,Tablet,6,999,0.15,5094.9,439.38
3089,ORD03089,22-01-2025,North,CUST1464,Corporate,Furniture,Desk,7,999,0.05,6643.35,683.73
3090,ORD03090,13-12-2024,North,CUST2357,Home Office,Electronics,Chair,5,199,0,995,110.65
3091,ORD03091,16-06-2025,South,CUST2218,Consumer,Electronics,Desk,1,299,,299,16.46
3092,ORD03092,18-06-2024,North,,Corporate,Office Supplies,Laptop,10,799,0.05,7590.5,529.07
3093,ORD03093,15-10-2024,WEST,CUST1700,Home Office,Electronics,Desk,8,499,0,3992,685.72
3094,ORD03094,17-02-2024,North,,Corporate,Furniture,Laptop,5,799,0.15,3395.75,642.84
3095,ORD03095,29-08-2025,East,,Consumer,Office Supplies,Desk,1,199,,199,44.66
3096,ORD03096,07-11-2025,South,CUST2966,Home Office,Furniture,Desk,9,149,0.05,1273.95,381.33
3097,ORD03097,11-06-2024,North,,Home Office,Furniture,Desk,5,99,0,495,59.4
3098,ORD03098,19-12-2025,West,CUST1381,Corporate,Office Supplies,Monitor,6,199,0.1,1074.6,61.7
3099,ORD03099,02-05-2024,North,,Home Office,Office Supplies,Laptop,5,999,0.1,4495.5,361.67
3100,ORD03100,07-02-2024,South,CUST1037,Consumer,Office Supplies,Tablet,10,799,0.1,7191,827.76
3101,ORD03101,12-01-2024,north,,Corporate,Electronics,Tablet,7,149,0.1,938.7,51.94
3102,ORD03102,01-06-2024,South,,Corporate,Electronics,Phone,1,149,0,149,22.31
3103,ORD03103,23-06-2025,North,,Consumer,Electronics,Monitor,8,149,,1192,270.99
3104,ORD03104,01-07-2025,WEST,CUST1245,Corporate,Office Supplies,Chair,9,149,0,1341,360.92
3105,ORD03105,11-11-2024,West,,Home Office,Office Supplies,Printer,7,199,,1393,126.81
3106,ORD03106,17-07-2025,North,,Consumer,Electronics,Monitor,2,199,0.1,358.2,40.41
3107,ORD03107,19-09-2024,North,,Corporate,Electronics,Chair,4,149,0.15,506.6,114.28
3108,ORD03108,30-11-2025,North,,Corporate,Office Supplies,Phone,8,499,0.15,3393.2,668.93
3109,ORD03109,18-06-2025,north,,Consumer,Electronics,Printer,6,199,,1194,74.72
3110,ORD03110,10-05-2024,WEST,,Corporate,Furniture,Tablet,10,149,0.1,1341,165.97
3111,ORD03111,18-02-2024,WEST,,Home Office,Electronics,Laptop,3,299,0.05,852.15,155.07
3112,ORD03112,29-04-2025,WEST,CUST1773,Consumer,Office Supplies,Tablet,9,499,0.15,3817.35,555.32
3113,ORD03113,17-02-2024,North,,Corporate,Electronics,Monitor,8,999,0.05,7592.4,1827.11
3114,ORD03114,18-10-2024,North,,Home Office,Electronics,Desk,3,199,0.1,537.3,40.29
3115,ORD03115,02-01-2025,WEST,CUST1826,Home Office,Electronics,Printer,6,149,0,894,248.17
3116,ORD03116,16-11-2024,East,CUST1699,Consumer,Electronics,Monitor,5,999,0.05,4745.25,523.78
3117,ORD03117,23-11-2024,north,,Consumer,Electronics,Monitor,5,999,0.15,4245.75,845.15
3118,ORD03118,10-06-2025,South,,Consumer,Furniture,Monitor,1,499,0,499,140.73
3119,ORD03119,13-08-2024,North,,Home Office,Electronics,Monitor,7,799,0.1,5033.7,1365.15
3120,ORD03120,11-01-2024,East,CUST1928,Consumer,Furniture,Monitor,8,299,0.15,2033.2,448.61
3121,ORD03121,07-09-2025,South,CUST1988,Home Office,Office Supplies,Tablet,8,499,0.15,3393.2,993.9
3122,ORD03122,18-09-2025,East,CUST1904,Corporate,Furniture,Desk,5,149,0.15,633.25,136.6
3123,ORD03123,16-01-2025,north,,Home Office,Electronics,Monitor,3,999,0.15,2547.45,467.94
3124,ORD03124,24-01-2024,WEST,,Consumer,Electronics,Laptop,1,499,0.1,449.1,46.55
3125,ORD03125,06-06-2025,WEST,CUST1475,Home Office,Office Supplies,Laptop,5,99,0,495,37.02
3126,ORD03126,15-02-2025,East,CUST2550,Home Office,Office Supplies,Printer,7,199,0,1393,242.33
3127,ORD03127,24-07-2024,North,CUST2375,Consumer,Office Supplies,Printer,3,799,0.15,2037.45,521.29
3128,ORD03128,04-11-2025,East,,Home Office,Electronics,Monitor,6,99,0.1,534.6,31.71
3129,ORD03129,29-05-2024,North,,Corporate,Office Supplies,Tablet,4,499,0.15,1696.6,225.51
3130,ORD03130,06-08-2024,East,,Corporate,Furniture,Headphones,3,799,0,2397,374.15
3131,ORD03131,21-01-2025,West,CUST1687,Consumer,Furniture,Monitor,7,799,0.1,5033.7,388.7
3132,ORD03132,23-03-2025,North,,Consumer,Office Supplies,Phone,6,149,0.1,804.6,150.26
3133,ORD03133,22-01-2025,East,CUST2605,Home Office,Electronics,Monitor,8,999,0,7992,1326.89
3134,ORD03134,24-06-2024,West,,Consumer,Electronics,Headphones,9,99,0,891,56.73
3135,ORD03135,14-11-2024,East,CUST2498,Consumer,Office Supplies,Headphones,9,499,0.05,4266.45,879.52
3136,ORD03136,23-09-2025,north,,Home Office,Electronics,Phone,3,299,0.05,852.15,245.86
3137,ORD03137,14-08-2024,East,,Home Office,Furniture,Desk,3,799,,2397,223.43
3138,ORD03138,06-05-2025,WEST,CUST2565,Corporate,Office Supplies,Chair,8,99,0.05,752.4,174.8
3139,ORD03139,27-08-2024,WEST,,Corporate,Electronics,Chair,10,799,0.15,6791.5,999.38
3140,ORD03140,07-05-2024,East,,Corporate,Office Supplies,Phone,10,999,0.1,8991,2347.66
3141,ORD03141,05-08-2024,north,,Home Office,Office Supplies,Printer,10,499,0.1,4491,585.16
3142,ORD03142,24-01-2025,West,,Corporate,Office Supplies,Tablet,5,799,0.15,3395.75,728.65
3143,ORD03143,13-03-2024,north,,Corporate,Electronics,Printer,9,999,0,8991,569.12
3144,ORD03144,15-06-2024,South,CUST2145,Home Office,Furniture,Monitor,4,999,,3996,708.72
3145,ORD03145,24-03-2025,North,,Consumer,Electronics,Desk,3,99,0.05,282.15,17.83
3146,ORD03146,19-02-2025,East,CUST2590,Home Office,Electronics,Chair,2,99,0,198,18.75
3147,ORD03147,08-09-2025,South,CUST2259,Corporate,Office Supplies,Headphones,9,99,0.15,757.35,162.1
3148,ORD03148,27-05-2025,East,,Home Office,Furniture,Desk,6,99,0.15,504.9,28.64
3149,ORD03149,04-10-2025,North,,Consumer,Office Supplies,Laptop,8,799,0.15,5433.2,767.74
3150,ORD03150,17-11-2024,WEST,,Corporate,Furniture,Printer,2,149,0.1,268.2,29.41
3151,ORD03151,21-12-2025,East,,Consumer,Electronics,Monitor,3,99,0.05,282.15,40.94
3152,ORD03152,11-07-2025,West,,Corporate,Furniture,Headphones,6,499,0.15,2544.9,727.43
3153,ORD03153,16-11-2025,West,,Home Office,Electronics,Phone,10,99,0,990,257.18
3154,ORD03154,02-12-2025,South,CUST2835,Consumer,Furniture,Tablet,4,299,0.1,1076.4,128.6
3155,ORD03155,03-08-2025,North,,Corporate,Office Supplies,Phone,4,499,0,1996,125.48
3156,ORD03156,22-08-2025,north,,Corporate,Office Supplies,Phone,2,149,0.1,268.2,24.84
3157,ORD03157,20-08-2025,north,CUST2766,Home Office,Electronics,Headphones,9,149,,1341,395.71
3158,ORD03158,16-03-2024,East,,Consumer,Furniture,Headphones,8,299,0,2392,593.07
3159,ORD03159,02-11-2025,north,CUST1628,Home Office,Office Supplies,Chair,9,499,0.05,4266.45,480.11
3160,ORD03160,03-03-2024,East,,Consumer,Furniture,Printer,1,499,0.15,424.15,44.05
3161,ORD03161,05-03-2025,North,,Corporate,Furniture,Printer,9,499,0.05,4266.45,384.12
3162,ORD03162,08-05-2025,North,,Home Office,Office Supplies,Phone,4,499,0.05,1896.2,491.64
3163,ORD03163,05-07-2025,WEST,CUST2089,Corporate,Electronics,Laptop,7,999,0.15,5944.05,964.33
3164,ORD03164,12-07-2024,South,,Corporate,Office Supplies,Tablet,6,799,0.1,4314.6,1099.24
3165,ORD03165,20-07-2025,WEST,CUST2658,Consumer,Office Supplies,Tablet,6,499,0,2994,578.2
3166,ORD03166,11-03-2025,South,,Home Office,Electronics,Phone,4,149,,596,32.01
3167,ORD03167,26-06-2024,WEST,CUST2213,Consumer,Office Supplies,Tablet,10,499,,4990,1403.07
3168,ORD03168,31-05-2024,WEST,,Corporate,Electronics,Phone,4,799,0,3196,770.56
3169,ORD03169,16-02-2025,WEST,CUST2684,Home Office,Office Supplies,Chair,1,499,0.05,474.05,35.41
3170,ORD03170,11-03-2025,South,CUST1773,Corporate,Electronics,Headphones,10,999,0.05,9490.5,477.39
3171,ORD03171,17-08-2024,West,CUST1218,Consumer,Electronics,Laptop,4,149,,596,78.59
3172,ORD03172,20-08-2025,north,,Home Office,Furniture,Printer,6,299,,1794,181.25
3173,ORD03173,18-12-2024,North,CUST2882,Home Office,Furniture,Tablet,8,99,0.15,673.2,157.63
3174,ORD03174,03-01-2024,WEST,,Consumer,Furniture,Desk,5,149,0.1,670.5,56.16
3175,ORD03175,02-04-2025,North,CUST1426,Home Office,Office Supplies,Desk,5,149,0.05,707.75,149.98
3176,ORD03176,22-02-2025,West,CUST1752,Home Office,Furniture,Chair,9,999,,8991,1941.27
3177,ORD03177,25-06-2025,West,CUST1284,Home Office,Office Supplies,Headphones,3,799,0.15,2037.45,107.18
3178,ORD03178,06-02-2024,West,,Corporate,Office Supplies,Phone,7,199,0.15,1184.05,267.5
3179,ORD03179,11-11-2025,WEST,,Corporate,Furniture,Tablet,6,499,0.15,2544.9,726.89
3180,ORD03180,28-07-2025,West,,Home Office,Electronics,Monitor,1,199,,199,26.33
3181,ORD03181,04-02-2024,north,,Home Office,Office Supplies,Tablet,4,199,,796,68.78
3182,ORD03182,21-05-2025,West,CUST1990,Consumer,Office Supplies,Chair,9,149,0,1341,311.96
3183,ORD03183,18-09-2024,West,CUST2703,Consumer,Furniture,Laptop,8,299,0,2392,407.11
3184,ORD03184,26-09-2024,South,CUST2381,Corporate,Furniture,Phone,2,99,0.05,188.1,52.96
3185,ORD03185,27-03-2024,north,,Corporate,Office Supplies,Printer,9,999,0.05,8541.45,2443.51
3186,ORD03186,08-11-2024,WEST,,Corporate,Electronics,Laptop,6,799,0.1,4314.6,654.82
3187,ORD03187,14-07-2025,West,,Home Office,Furniture,Phone,8,149,0.1,1072.8,222.12
3188,ORD03188,05-11-2024,WEST,,Corporate,Furniture,Headphones,,199,0,995,175.55
3189,ORD03189,04-08-2024,North,,Home Office,Office Supplies,Printer,4,799,0.05,3036.2,792.37
3190,ORD03190,01-11-2024,East,,Corporate,Office Supplies,Printer,9,499,0.1,4041.9,660.8
3191,ORD03191,22-07-2024,north,,Consumer,Electronics,Printer,6,499,0.15,2544.9,269.87
3192,ORD03192,14-06-2024,WEST,,Corporate,Furniture,Monitor,3,799,,2397,505.15
3193,ORD03193,10-10-2024,north,,Consumer,Electronics,Desk,3,149,0,447,28.18
3194,ORD03194,04-06-2024,West,,Home Office,Electronics,Tablet,,149,0.15,1139.85,303.57
3195,ORD03195,18-12-2024,North,CUST2527,Home Office,Electronics,Chair,5,299,0.05,1420.25,276.77
3196,ORD03196,09-05-2024,WEST,,Corporate,Furniture,Tablet,4,799,0.05,3036.2,757.2
3197,ORD03197,02-02-2025,North,CUST2119,Corporate,Electronics,Tablet,8,99,,792,50.97
3198,ORD03198,01-07-2024,north,CUST1342,Home Office,Furniture,Desk,1,999,0.05,949.05,273.99
3199,ORD03199,20-01-2024,North,,Corporate,Furniture,Chair,1,199,0.05,189.05,18.34
3200,ORD03200,25-10-2024,East,,Consumer,Furniture,Monitor,3,499,0,1497,296.73
3201,ORD03201,28-01-2024,East,,Home Office,Electronics,Printer,6,799,,4794,1282
3202,ORD03202,13-09-2025,South,CUST1958,Home Office,Electronics,Desk,4,199,0.1,716.4,193.33
3203,ORD03203,22-12-2024,West,,Consumer,Office Supplies,Desk,7,99,,693,117.64
3204,ORD03204,05-06-2024,north,,Corporate,Furniture,Monitor,4,149,0.15,506.6,104.94
3205,ORD03205,10-01-2025,South,,Consumer,Electronics,Laptop,9,999,0.1,8091.9,2252.7
3206,ORD03206,06-02-2025,East,,Corporate,Office Supplies,Laptop,8,199,0,1592,122.99
3207,ORD03207,09-03-2024,West,,Home Office,Furniture,Desk,1,999,,999,254.47
3208,ORD03208,29-06-2025,West,CUST2787,Home Office,Furniture,Printer,1,99,0.1,89.1,8.26
3209,ORD03209,27-01-2024,East,,Corporate,Furniture,Monitor,9,199,0.05,1701.45,174.19
3210,ORD03210,16-02-2024,WEST,,Consumer,Office Supplies,Printer,2,299,0.05,568.1,111.19
3211,ORD03211,29-07-2024,South,,Home Office,Furniture,Desk,6,199,0.15,1014.9,252.96
3212,ORD03212,29-08-2025,West,,Consumer,Office Supplies,Desk,7,499,0.05,3318.35,726.42
3213,ORD03213,12-11-2025,South,,Home Office,Electronics,Monitor,9,199,0.05,1701.45,176.41
3214,ORD03214,23-02-2024,WEST,,Corporate,Furniture,Tablet,9,299,,2691,253.31
3215,ORD03215,02-07-2025,East,CUST2619,Home Office,Furniture,Tablet,6,999,0.15,5094.9,831.31
3216,ORD03216,07-03-2024,North,,Corporate,Electronics,Chair,6,199,0.1,1074.6,217.85
3217,ORD03217,07-07-2024,West,,Home Office,Electronics,Monitor,6,499,0.15,2544.9,340.09
3218,ORD03218,25-11-2024,WEST,,Consumer,Office Supplies,Laptop,1,799,0,799,128.95
3219,ORD03219,13-08-2025,West,CUST2360,Home Office,Furniture,Laptop,9,99,0.15,757.35,210.52
3220,ORD03220,21-01-2025,WEST,CUST1866,Home Office,Office Supplies,Tablet,4,99,0.15,336.6,59.18
3221,ORD03221,30-10-2024,South,CUST2655,Corporate,Furniture,Monitor,5,99,0.15,420.75,26.39
3222,ORD03222,23-01-2024,North,CUST1983,Home Office,Electronics,Monitor,1,299,0.15,254.15,15.21
3223,ORD03223,10-04-2025,South,,Consumer,Furniture,Tablet,10,149,,1490,399.53
3224,ORD03224,23-10-2024,north,CUST2575,Home Office,Office Supplies,Laptop,6,499,0.15,2544.9,526.71
3225,ORD03225,07-10-2025,north,,Consumer,Office Supplies,Desk,8,149,0.05,1132.4,197.88
3226,ORD03226,11-01-2024,WEST,,Corporate,Electronics,Tablet,8,99,,792,133.34
3227,ORD03227,07-07-2024,North,,Home Office,Office Supplies,Printer,4,199,0,796,212.51
3228,ORD03228,04-04-2024,South,CUST1691,Home Office,Furniture,Laptop,2,299,0.15,508.3,126.61
3229,ORD03229,26-01-2024,WEST,,Consumer,Electronics,Phone,8,299,0,2392,585.8
3230,ORD03230,06-07-2025,West,,Home Office,Furniture,Chair,4,499,0,1996,313.86
3231,ORD03231,11-12-2025,WEST,CUST2422,Corporate,Furniture,Headphones,3,199,0.1,537.3,47.35
3232,ORD03232,14-11-2025,north,CUST1844,Home Office,Furniture,Printer,9,999,0.05,8541.45,1619.12
3233,ORD03233,28-05-2024,West,CUST1214,Corporate,Electronics,Desk,4,299,0.05,1136.2,303.48
3234,ORD03234,23-11-2025,north,CUST2928,Corporate,Electronics,Phone,5,149,0.1,670.5,87.69
3235,ORD03235,23-09-2024,West,,Home Office,Furniture,Monitor,4,99,,396,21.03
3236,ORD03236,17-09-2025,West,,Home Office,Office Supplies,Printer,10,149,,1490,333.05
3237,ORD03237,29-07-2025,WEST,,Home Office,Electronics,Printer,3,199,,597,34.45
3238,ORD03238,17-05-2025,WEST,,Consumer,Electronics,Tablet,10,499,0,4990,507.85
3239,ORD03239,27-11-2025,West,,Home Office,Office Supplies,Printer,3,149,,447,78.26
3240,ORD03240,23-06-2025,north,,Corporate,Electronics,Desk,8,199,,1592,418.39
3241,ORD03241,13-01-2024,West,,Corporate,Electronics,Monitor,4,199,,796,230.03
3242,ORD03242,14-07-2024,West,,Home Office,Office Supplies,Phone,7,799,0.05,5313.35,359.51
3243,ORD03243,19-10-2024,WEST,CUST2850,Corporate,Office Supplies,Desk,2,799,0.15,1358.3,380.73
3244,ORD03244,21-01-2024,WEST,,Corporate,Furniture,Chair,5,799,0.15,3395.75,877.12
3245,ORD03245,18-06-2024,South,CUST1612,Corporate,Electronics,Headphones,4,,0,596,115.2
3246,ORD03246,06-03-2025,WEST,,Corporate,Furniture,Desk,5,799,0.15,3395.75,844.64
3247,ORD03247,11-01-2025,South,,Home Office,Electronics,Phone,8,199,,1592,259.23
3248,ORD03248,20-04-2024,West,,Home Office,Office Supplies,Phone,9,199,0.15,1522.35,436.14
3249,ORD03249,14-06-2025,West,,Corporate,Electronics,Tablet,7,799,,5593,984.21
3250,ORD03250,07-09-2025,WEST,CUST1131,Home Office,Office Supplies,Desk,9,99,0,891,239.8
3251,ORD03251,10-03-2025,East,,Consumer,Furniture,Headphones,10,799,0.05,7590.5,2029.37
3252,ORD03252,20-04-2025,WEST,,Consumer,Electronics,Printer,10,99,,990,108.56
3253,ORD03253,07-06-2024,South,CUST1308,Consumer,Furniture,Tablet,4,299,0.05,1136.2,150.64
3254,ORD03254,20-06-2024,North,CUST1554,Home Office,Electronics,Tablet,6,999,0.1,5394.6,804.53
3255,ORD03255,01-11-2025,north,,Corporate,Office Supplies,Laptop,8,499,,3992,289.67
3256,ORD03256,12-07-2024,WEST,,Consumer,Electronics,Tablet,6,299,0.05,1704.3,257.99
3257,ORD03257,15-11-2025,West,,Consumer,Office Supplies,Monitor,1,149,0,149,28
3258,ORD03258,22-11-2025,West,CUST1268,Corporate,Furniture,Printer,9,199,0.15,1522.35,452.31
3259,ORD03259,28-09-2024,West,,Home Office,Office Supplies,Tablet,8,99,0,792,101.3
3260,ORD03260,12-08-2024,North,CUST1199,Consumer,Electronics,Desk,1,99,0,99,14.65
3261,ORD03261,12-01-2025,north,,Home Office,Furniture,Desk,1,99,,99,28.08
3262,ORD03262,05-11-2025,East,,Consumer,Office Supplies,Printer,4,149,0.1,536.4,36.6
3263,ORD03263,23-01-2025,WEST,,Consumer,Office Supplies,Laptop,8,149,0,1192,241.95
3264,ORD03264,12-06-2024,WEST,,Corporate,Furniture,Chair,8,799,0.1,5752.8,746.96
3265,ORD03265,01-10-2024,north,CUST2162,Home Office,Office Supplies,Tablet,1,99,0.15,84.15,8.03
3266,ORD03266,03-05-2025,South,CUST1913,Corporate,Electronics,Headphones,2,299,0.1,538.2,61.1
3267,ORD03267,18-04-2024,North,CUST1787,Corporate,Office Supplies,Tablet,10,99,0.15,841.5,229.52
3268,ORD03268,10-12-2024,East,,Home Office,Electronics,Monitor,8,299,,2392,251.56
3269,ORD03269,29-08-2025,north,CUST1248,Home Office,Office Supplies,Chair,6,299,0.15,1524.9,135.42
3270,ORD03270,05-02-2025,South,CUST2992,Consumer,Office Supplies,Phone,8,149,0,1192,166.73
3271,ORD03271,03-06-2024,WEST,CUST2742,Consumer,Electronics,Tablet,3,99,0.1,267.3,50.53
3272,ORD03272,10-10-2024,West,,Consumer,Electronics,Headphones,5,199,0,995,145.27
3273,ORD03273,17-04-2024,WEST,,Home Office,Electronics,Monitor,10,499,0,4990,564.05
3274,ORD03274,10-05-2024,East,,Consumer,Furniture,Headphones,6,999,0.15,5094.9,1063.81
3275,ORD03275,01-01-2025,South,,Consumer,Office Supplies,Printer,7,499,,3493,751.14
3276,ORD03276,28-05-2025,north,,Home Office,Electronics,Phone,5,499,0,2495,491.9
3277,ORD03277,18-07-2025,South,CUST1582,Corporate,Office Supplies,Laptop,10,799,,7990,464.82
3278,ORD03278,14-09-2025,South,,Corporate,Office Supplies,Headphones,8,,0,3992,407.61
3279,ORD03279,05-05-2024,South,,Consumer,Furniture,Tablet,4,199,0.05,756.2,153.1
3280,ORD03280,17-02-2025,WEST,,Consumer,Furniture,Tablet,2,999,0,1998,177.32
3281,ORD03281,26-12-2024,East,,Consumer,Office Supplies,Phone,10,299,0.05,2840.5,174.03
3282,ORD03282,28-04-2024,WEST,,Home Office,Electronics,Headphones,1,199,0.15,169.15,19.63
3283,ORD03283,19-12-2024,WEST,,Home Office,Office Supplies,Monitor,2,499,0.1,898.2,200.54
3284,ORD03284,06-04-2025,north,,Corporate,Furniture,Tablet,10,499,,4990,413.25
3285,ORD03285,02-01-2024,North,,Consumer,Office Supplies,Printer,2,299,0.1,538.2,112.91
3286,ORD03286,03-01-2025,WEST,,Consumer,Furniture,Desk,5,299,0.05,1420.25,129.62
3287,ORD03287,10-06-2025,South,CUST2741,Home Office,Electronics,Laptop,4,199,0.1,716.4,71.43
3288,ORD03288,08-03-2024,South,CUST1558,Consumer,Furniture,Monitor,5,99,0.1,445.5,132.63
3289,ORD03289,24-12-2024,East,CUST1581,Home Office,Electronics,Headphones,5,999,0.05,4745.25,898.46
3290,ORD03290,03-06-2024,North,,Consumer,Furniture,Phone,8,299,0.15,2033.2,594
3291,ORD03291,24-01-2024,North,,Home Office,Office Supplies,Tablet,7,299,0.15,1779.05,507.37
3292,ORD03292,26-08-2025,West,CUST2057,Corporate,Office Supplies,Desk,2,99,0.05,188.1,46.24
3293,ORD03293,07-09-2025,WEST,,Corporate,Electronics,Headphones,6,799,,4794,846.78
3294,ORD03294,15-06-2025,West,,Home Office,Furniture,Monitor,9,149,0.05,1273.95,117.81
3295,ORD03295,04-01-2025,South,,Corporate,Electronics,Phone,7,299,0.1,1883.7,237.67
3296,ORD03296,09-01-2024,north,,Corporate,Electronics,Monitor,2,199,0,398,108.16
3297,ORD03297,25-07-2024,north,,Corporate,Office Supplies,Phone,3,149,0.1,402.3,103.43
3298,ORD03298,18-08-2024,WEST,,Corporate,Electronics,Chair,7,499,,3493,387.98
3299,ORD03299,01-03-2024,South,CUST2026,Home Office,Office Supplies,Headphones,,499,0,2495,747.35
3300,ORD03300,07-03-2025,North,,Consumer,Furniture,Desk,6,999,0.1,5394.6,697.56
3301,ORD03301,09-05-2024,north,CUST2501,Corporate,Furniture,Desk,6,999,0,5994,1676.43
3302,ORD03302,19-05-2024,West,CUST2361,Consumer,Office Supplies,Monitor,6,999,0,5994,1400.09
3303,ORD03303,27-01-2025,WEST,,Corporate,Electronics,Monitor,10,499,0.15,4241.5,502.18
3304,ORD03304,06-12-2024,East,CUST2419,Corporate,Office Supplies,Headphones,3,99,,297,42.04
3305,ORD03305,15-05-2024,north,CUST1460,Consumer,Electronics,Printer,5,299,0.05,1420.25,145.36
3306,ORD03306,14-10-2025,WEST,CUST1714,Home Office,Office Supplies,Laptop,1,149,0.05,141.55,22.71
3307,ORD03307,03-06-2025,north,,Consumer,Furniture,Phone,6,299,0,1794,419.47
3308,ORD03308,05-07-2025,West,CUST2183,Corporate,Electronics,Chair,1,999,0.1,899.1,246.25
3309,ORD03309,24-05-2024,East,CUST2108,Consumer,Office Supplies,Chair,4,299,0,1196,134.22
3310,ORD03310,08-04-2025,West,CUST1017,Home Office,Furniture,Monitor,6,149,0.15,759.9,219.03
3311,ORD03311,15-08-2024,WEST,CUST1437,Consumer,Electronics,Monitor,9,499,0.15,3817.35,758.29
3312,ORD03312,19-04-2025,North,,Consumer,Electronics,Headphones,5,99,0,495,148.32
3313,ORD03313,12-09-2025,South,,Corporate,Furniture,Phone,7,999,0.1,6293.7,389.34
3314,ORD03314,23-12-2024,South,,Corporate,Electronics,Phone,4,99,,396,67.54
3315,ORD03315,07-12-2025,West,,Home Office,Office Supplies,Tablet,9,199,0,1791,359.57
3316,ORD03316,30-03-2025,North,CUST1875,Consumer,Electronics,Desk,2,999,0.15,1698.3,415.57
3317,ORD03317,28-07-2024,north,CUST1185,Corporate,Office Supplies,Headphones,5,,0.05,2370.25,594.58
3318,ORD03318,02-09-2025,WEST,,Consumer,Furniture,Chair,8,999,,7992,946.76
3319,ORD03319,22-11-2024,West,,Home Office,Office Supplies,Chair,1,499,,499,74.33
3320,ORD03320,04-04-2025,West,,Consumer,Electronics,Desk,3,149,0.05,424.65,113.57
3321,ORD03321,19-07-2025,South,,Corporate,Office Supplies,Laptop,5,99,0,495,51.26
3322,ORD03322,05-11-2025,North,CUST2195,Consumer,Furniture,Chair,9,99,0,891,176.68
3323,ORD03323,28-08-2024,South,,Home Office,Electronics,Chair,1,299,0.05,284.05,62.31
3324,ORD03324,22-12-2024,WEST,CUST1242,Corporate,Electronics,Headphones,3,199,,597,144.32
3325,ORD03325,19-04-2025,North,,Corporate,Office Supplies,Desk,6,149,0.05,849.3,240.17
3326,ORD03326,22-08-2025,West,,Home Office,Office Supplies,Tablet,3,149,0,447,78.62
3327,ORD03327,14-04-2024,East,,Corporate,Office Supplies,Printer,5,799,0.1,3595.5,808.36
3328,ORD03328,09-09-2024,North,CUST1558,Home Office,Electronics,Desk,3,149,0,447,74.48
3329,ORD03329,25-12-2024,South,,Corporate,Furniture,Printer,1,199,0.05,189.05,17.43
3330,ORD03330,15-01-2024,north,CUST1256,Home Office,Electronics,Desk,8,199,0.05,1512.4,215.93
3331,ORD03331,29-07-2025,WEST,,Home Office,Office Supplies,Desk,4,999,0.05,3796.2,928.54
3332,ORD03332,10-08-2025,West,,Consumer,Office Supplies,Headphones,1,99,0.1,89.1,7.82
3333,ORD03333,12-02-2024,East,CUST1597,Corporate,Office Supplies,Laptop,4,499,0,1996,482.14
3334,ORD03334,24-08-2024,West,,Consumer,Furniture,Tablet,5,799,,3995,888.09
3335,ORD03335,25-03-2025,South,CUST2501,Corporate,Furniture,Headphones,4,199,0.1,716.4,107.69
3336,ORD03336,09-04-2024,East,,Home Office,Electronics,Laptop,6,199,,1194,282.52
3337,ORD03337,14-04-2024,WEST,,Corporate,Electronics,Chair,4,999,,3996,480.79
3338,ORD03338,15-09-2025,West,,Home Office,Furniture,Chair,7,149,0.1,938.7,99.2
3339,ORD03339,23-12-2025,north,CUST1794,Corporate,Office Supplies,Desk,6,149,0,894,264.57
3340,ORD03340,29-02-2024,West,CUST2289,Corporate,Electronics,Monitor,3,299,0.1,807.3,186.93
3341,ORD03341,30-08-2024,North,CUST2466,Home Office,Furniture,Printer,10,199,,1990,270.1
3342,ORD03342,12-03-2025,West,,Corporate,Furniture,Monitor,2,799,0,1598,243.55
3343,ORD03343,03-06-2024,East,,Home Office,Electronics,Tablet,6,499,,2994,419.01
3344,ORD03344,16-01-2025,north,CUST1053,Corporate,Furniture,Chair,9,99,0.05,846.45,66.58
3345,ORD03345,17-12-2025,South,,Home Office,Office Supplies,Phone,1,199,0.05,189.05,49.72
3346,ORD03346,23-03-2024,West,,Home Office,Furniture,Headphones,9,299,0.05,2556.45,707.34
3347,ORD03347,09-03-2025,East,,Corporate,Office Supplies,Desk,5,149,,745,115.54
3348,ORD03348,11-02-2025,north,,Home Office,Furniture,Tablet,8,199,0.05,1512.4,164.9
3349,ORD03349,30-11-2024,North,,Home Office,Electronics,Phone,6,999,0.15,5094.9,729.11
3350,ORD03350,30-08-2024,East,,Corporate,Office Supplies,Headphones,4,299,0.1,1076.4,262.39
3351,ORD03351,11-11-2024,East,CUST1002,Corporate,Electronics,Phone,6,149,0.1,804.6,161.37
3352,ORD03352,19-04-2024,West,CUST2253,Home Office,Office Supplies,Headphones,8,199,0.1,1432.8,230.59
3353,ORD03353,15-11-2025,North,,Home Office,Office Supplies,Phone,10,799,0.05,7590.5,1195.22
3354,ORD03354,14-08-2024,WEST,,Corporate,Electronics,Desk,9,99,0.15,757.35,82.17
3355,ORD03355,07-10-2024,South,,Consumer,Furniture,Printer,3,,0.05,2847.15,781.9
3356,ORD03356,18-02-2024,WEST,,Home Office,Electronics,Tablet,5,199,0.15,845.75,85.09
3357,ORD03357,13-10-2024,WEST,,Consumer,Office Supplies,Phone,3,199,0.1,537.3,67.56
3358,ORD03358,18-08-2025,South,CUST2499,Consumer,Electronics,Tablet,9,99,0.1,801.9,77.79
3359,ORD03359,11-12-2024,West,CUST2079,Consumer,Furniture,Tablet,8,799,0.15,5433.2,1117.73
3360,ORD03360,25-11-2024,WEST,,Consumer,Office Supplies,Desk,8,99,0.15,673.2,145.66
3361,ORD03361,15-08-2025,West,,Corporate,Furniture,Monitor,2,999,0,1998,262.13
3362,ORD03362,05-08-2024,South,CUST2143,Home Office,Office Supplies,Headphones,4,199,0.1,716.4,150.81
3363,ORD03363,12-05-2024,north,,Consumer,Office Supplies,Desk,10,99,0.1,891,97.16
3364,ORD03364,06-04-2025,WEST,CUST2334,Home Office,Office Supplies,Headphones,10,299,0.15,2541.5,751.09
3365,ORD03365,22-01-2025,WEST,,Consumer,Electronics,Printer,8,799,0,6392,875.74
3366,ORD03366,26-07-2025,WEST,CUST1961,Corporate,Furniture,Tablet,1,199,0.1,179.1,12.94
3367,ORD03367,18-06-2025,WEST,,Home Office,Furniture,Desk,1,149,0,149,10.82
3368,ORD03368,01-07-2024,South,,Consumer,Office Supplies,Printer,3,199,0.05,567.15,169.6
3369,ORD03369,15-02-2024,WEST,,Home Office,Office Supplies,Printer,5,999,0.1,4495.5,977.89
3370,ORD03370,26-08-2025,north,,Home Office,Electronics,Laptop,6,799,0.05,4554.3,1040.05
3371,ORD03371,11-02-2025,WEST,,Corporate,Electronics,Headphones,5,499,0.15,2120.75,164.38
3372,ORD03372,19-04-2024,West,,Consumer,Furniture,Headphones,4,799,0.15,2716.6,656.98
3373,ORD03373,21-09-2024,West,CUST1097,Home Office,Office Supplies,Printer,2,999,0.15,1698.3,366.68
3374,ORD03374,17-08-2024,West,,Consumer,Furniture,Desk,9,299,0.05,2556.45,689.47
3375,ORD03375,05-11-2025,WEST,,Consumer,Furniture,Phone,5,799,0.1,3595.5,562.64
3376,ORD03376,27-06-2025,South,,Consumer,Furniture,Laptop,5,149,0.05,707.75,99.57
3377,ORD03377,08-09-2025,East,,Home Office,Electronics,Phone,4,149,0.1,536.4,129.84
3378,ORD03378,09-02-2024,West,,Corporate,Electronics,Headphones,3,149,0.05,424.65,28.75
3379,ORD03379,23-01-2024,East,CUST2910,Corporate,Furniture,Monitor,7,299,0.05,1988.35,506.52
3380,ORD03380,03-02-2024,East,,Consumer,Furniture,Monitor,5,999,0,4995,1214.66
3381,ORD03381,03-08-2024,East,CUST1050,Consumer,Electronics,Laptop,6,499,0.05,2844.3,150.13
3382,ORD03382,08-09-2024,West,,Home Office,Furniture,Desk,4,999,,3996,407.51
3383,ORD03383,13-08-2024,North,,Home Office,Electronics,Tablet,4,99,0.1,356.4,64.34
3384,ORD03384,25-06-2024,WEST,,Consumer,Electronics,Desk,7,999,0,6993,1953.54
3385,ORD03385,04-09-2024,South,,Home Office,Office Supplies,Printer,7,99,0.1,623.7,62.79
3386,ORD03386,19-10-2025,East,,Corporate,Electronics,Desk,8,99,0.05,752.4,99.48
3387,ORD03387,13-03-2024,north,,Consumer,Electronics,Chair,10,999,0.05,9490.5,2453.23
3388,ORD03388,09-12-2025,East,CUST2415,Consumer,Furniture,Printer,1,799,0,799,159.03
3389,ORD03389,07-01-2024,WEST,,Home Office,Office Supplies,Phone,8,199,0,1592,84.36
3390,ORD03390,22-10-2025,East,CUST2955,Consumer,Electronics,Phone,4,99,,396,85.95
3391,ORD03391,03-02-2025,South,,Home Office,Furniture,Phone,10,999,0.05,9490.5,913.13
3392,ORD03392,16-12-2025,North,CUST1506,Consumer,Office Supplies,Tablet,7,799,0,5593,356.5
3393,ORD03393,21-01-2024,South,CUST2004,Consumer,Office Supplies,Tablet,8,99,0.15,673.2,40.25
3394,ORD03394,09-04-2025,West,CUST2723,Home Office,Office Supplies,Desk,1,999,0,999,191.13
3395,ORD03395,13-06-2024,South,CUST2840,Corporate,Furniture,Chair,10,299,0.15,2541.5,413.06
3396,ORD03396,31-05-2024,South,,Consumer,Furniture,Phone,3,99,0.15,252.45,48.46
3397,ORD03397,14-09-2025,South,CUST2623,Consumer,Furniture,Desk,9,999,0.1,8091.9,1911.53
3398,ORD03398,14-01-2024,WEST,CUST1479,Home Office,Electronics,Headphones,7,99,0.05,658.35,110.24
3399,ORD03399,22-10-2024,north,,Home Office,Furniture,Tablet,2,299,0.15,508.3,45.93
3400,ORD03400,17-01-2025,West,,Consumer,Electronics,Monitor,1,149,0.1,134.1,35.68
3401,ORD03401,07-12-2024,WEST,,Consumer,Furniture,Headphones,2,149,0.15,253.3,52.92
3402,ORD03402,26-08-2025,West,CUST2480,Corporate,Furniture,Desk,9,799,0,7191,1172.41
3403,ORD03403,17-01-2024,West,,Consumer,Electronics,Chair,4,299,0.05,1136.2,85.1
3404,ORD03404,30-01-2025,North,CUST2047,Consumer,Office Supplies,Monitor,4,199,0.05,756.2,74.33
3405,ORD03405,20-06-2025,North,,Home Office,Electronics,Desk,10,99,0.1,891,172.83
3406,ORD03406,16-11-2024,East,CUST1312,Home Office,Electronics,Laptop,4,999,0,3996,643.1
3407,ORD03407,30-07-2025,West,,Corporate,Office Supplies,Headphones,3,99,0.1,267.3,64.96
3408,ORD03408,09-12-2025,north,CUST1755,Corporate,Office Supplies,Printer,10,499,0,4990,397.46
3409,ORD03409,13-09-2025,WEST,,Consumer,Office Supplies,Printer,10,499,0,4990,1015.06
3410,ORD03410,30-10-2025,North,,Consumer,Office Supplies,Phone,6,799,0.05,4554.3,1149.54
3411,ORD03411,02-11-2024,East,CUST1504,Consumer,Furniture,Phone,4,499,0.1,1796.4,124.21
3412,ORD03412,29-04-2025,West,,Corporate,Office Supplies,Laptop,7,999,0.15,5944.05,1258.49
3413,ORD03413,02-07-2024,north,,Consumer,Electronics,Printer,3,149,0,447,88.72
3414,ORD03414,24-11-2025,East,,Consumer,Furniture,Monitor,7,799,0.05,5313.35,997.09
3415,ORD03415,28-05-2024,north,CUST1867,Corporate,Office Supplies,Headphones,3,999,0.1,2697.3,261.71
3416,ORD03416,06-12-2024,East,,Consumer,Office Supplies,Printer,3,149,0.1,402.3,32.17
3417,ORD03417,09-03-2025,WEST,,Corporate,Electronics,Tablet,5,499,0.1,2245.5,176.38
3418,ORD03418,13-11-2025,East,,Corporate,Office Supplies,Phone,2,499,0,998,295.55
3419,ORD03419,21-08-2025,East,,Corporate,Electronics,Tablet,4,999,0.15,3396.6,720.89
3420,ORD03420,05-12-2024,North,CUST1155,Corporate,Electronics,Printer,,199,0.1,1253.7,240.85
3421,ORD03421,24-12-2025,South,,Consumer,Office Supplies,Headphones,4,299,0,1196,145.21
3422,ORD03422,16-06-2024,East,CUST1874,Corporate,Electronics,Headphones,,999,0,9990,1218.19
3423,ORD03423,19-04-2024,West,CUST2695,Consumer,Electronics,Tablet,4,799,0.05,3036.2,248.4
3424,ORD03424,21-02-2024,North,,Consumer,Electronics,Printer,3,,,2997,241.55
3425,ORD03425,22-05-2024,South,CUST2181,Corporate,Office Supplies,Monitor,1,499,,499,68.48
3426,ORD03426,21-10-2024,north,,Home Office,Office Supplies,Chair,3,999,0.15,2547.45,706.4
3427,ORD03427,25-08-2024,South,,Consumer,Electronics,Laptop,4,799,0.15,2716.6,736.89
3428,ORD03428,26-12-2024,East,,Consumer,Electronics,Tablet,2,199,0,398,23.25
3429,ORD03429,18-08-2025,north,,Consumer,Furniture,Tablet,4,199,0.15,676.6,118.3
3430,ORD03430,10-09-2025,north,,Consumer,Furniture,Phone,1,199,0,199,57.37
3431,ORD03431,03-11-2024,North,,Home Office,Electronics,Phone,6,999,0.15,5094.9,376.61
3432,ORD03432,18-02-2024,East,CUST1795,Corporate,Office Supplies,Monitor,8,149,0.05,1132.4,189.88
3433,ORD03433,09-11-2024,North,CUST2640,Corporate,Electronics,Phone,6,,0.15,759.9,144.47
3434,ORD03434,30-10-2024,South,,Home Office,Office Supplies,Laptop,8,299,,2392,646.43
3435,ORD03435,14-12-2024,WEST,CUST2843,Home Office,Electronics,Printer,2,999,0.15,1698.3,404.94
3436,ORD03436,11-10-2025,north,,Home Office,Furniture,Tablet,10,199,0.15,1691.5,242.88
3437,ORD03437,14-04-2024,West,,Consumer,Electronics,Headphones,10,299,,2990,798.31
3438,ORD03438,20-01-2025,North,CUST2450,Home Office,Electronics,Headphones,1,999,0.05,949.05,49.84
3439,ORD03439,23-01-2024,West,,Corporate,Furniture,Desk,5,199,0,995,275.01
3440,ORD03440,07-10-2024,South,,Consumer,Furniture,Chair,7,99,0.15,589.05,136.01
3441,ORD03441,05-09-2024,north,,Home Office,Office Supplies,Headphones,10,799,,7990,1089.06
3442,ORD03442,11-04-2024,WEST,,Corporate,Electronics,Monitor,9,999,0.05,8541.45,2003.48
3443,ORD03443,10-01-2024,North,,Corporate,Office Supplies,Monitor,5,999,0.1,4495.5,272.35
3444,ORD03444,01-08-2024,north,,Corporate,Furniture,Tablet,10,199,0.1,1791,282.89
3445,ORD03445,06-11-2024,north,,Home Office,Office Supplies,Printer,7,99,0.05,658.35,172.87
3446,ORD03446,18-01-2025,South,CUST1959,Corporate,Electronics,Laptop,3,299,0.1,807.3,76.82
3447,ORD03447,03-10-2024,East,,Home Office,Furniture,Monitor,9,999,0,8991,2338.62
3448,ORD03448,16-05-2024,East,CUST2028,Home Office,Office Supplies,Phone,4,299,,1196,77.67
3449,ORD03449,23-10-2024,WEST,,Home Office,Office Supplies,Chair,1,299,0,299,64.15
3450,ORD03450,18-10-2024,North,,Corporate,Office Supplies,Monitor,8,299,,2392,446.51
3451,ORD03451,28-03-2024,North,,Consumer,Furniture,Phone,2,199,0,398,30.66
3452,ORD03452,12-08-2024,South,,Consumer,Electronics,Chair,9,199,0,1791,290.84
3453,ORD03453,09-11-2025,West,,Corporate,Electronics,Chair,8,799,0.05,6072.4,1537.16
3454,ORD03454,25-12-2025,North,,Consumer,Office Supplies,Chair,8,99,0.1,712.8,206.43
3455,ORD03455,08-11-2025,north,,Consumer,Electronics,Laptop,9,199,0.05,1701.45,430.21
3456,ORD03456,23-02-2025,north,,Home Office,Electronics,Printer,7,199,0.15,1184.05,235.7
3457,ORD03457,03-02-2024,north,,Home Office,Electronics,Desk,10,99,0,990,257.6
3458,ORD03458,06-10-2025,East,,Consumer,Electronics,Laptop,10,999,0.05,9490.5,1785.18
3459,ORD03459,16-09-2025,north,CUST2533,Consumer,Office Supplies,Tablet,2,149,0,298,67.97
3460,ORD03460,25-09-2024,East,,Home Office,Electronics,Desk,3,299,0,897,166.56
3461,ORD03461,22-03-2024,North,,Home Office,Electronics,Monitor,2,199,,398,86.73
3462,ORD03462,08-03-2025,South,,Corporate,Electronics,Monitor,2,149,0.05,283.1,57.19
3463,ORD03463,22-03-2024,north,,Consumer,Office Supplies,Tablet,5,149,0.05,707.75,127.66
3464,ORD03464,11-06-2025,WEST,,Home Office,Furniture,Desk,,149,0.15,633.25,111.43
3465,ORD03465,05-03-2025,West,CUST1663,Home Office,Furniture,Chair,1,199,0.05,189.05,15.55
3466,ORD03466,28-09-2024,West,CUST1791,Home Office,Electronics,Headphones,6,799,0.15,4074.9,1012.57
3467,ORD03467,29-05-2024,South,,Consumer,Electronics,Headphones,2,999,0.1,1798.2,94.48
3468,ORD03468,04-11-2024,North,,Consumer,Electronics,Tablet,4,999,,3996,905.51
3469,ORD03469,27-01-2024,South,,Home Office,Furniture,Headphones,7,799,0.15,4754.05,749.04
3470,ORD03470,01-10-2024,West,,Consumer,Electronics,Chair,5,299,0.05,1420.25,386.35
3471,ORD03471,19-05-2024,West,,Home Office,Office Supplies,Phone,10,149,,1490,132.96
3472,ORD03472,30-11-2025,WEST,CUST2427,Consumer,Electronics,Printer,6,999,0.1,5394.6,622.74
3473,ORD03473,19-06-2025,North,,Corporate,Office Supplies,Headphones,1,199,0.05,189.05,41.89
3474,ORD03474,03-02-2024,North,,Home Office,Office Supplies,Phone,10,199,0.05,1890.5,178.79
3475,ORD03475,19-10-2024,north,CUST2301,Home Office,Office Supplies,Laptop,10,,0,7990,1585.57
3476,ORD03476,14-12-2024,North,,Corporate,Electronics,Headphones,9,999,0.05,8541.45,1578.77
3477,ORD03477,22-09-2025,North,CUST2554,Corporate,Electronics,Desk,8,199,0.1,1432.8,378.87
3478,ORD03478,29-08-2025,north,,Home Office,Electronics,Headphones,4,99,0.1,356.4,76.21
3479,ORD03479,09-10-2024,North,CUST1036,Corporate,Office Supplies,Laptop,6,149,0.05,849.3,166
3480,ORD03480,19-04-2025,South,,Home Office,Electronics,Monitor,6,199,0.05,1134.3,264.48
3481,ORD03481,07-06-2024,WEST,,Consumer,Office Supplies,Phone,10,149,,1490,258.59
3482,ORD03482,14-04-2024,North,,Consumer,Office Supplies,Chair,7,99,,693,185.8
3483,ORD03483,24-05-2025,West,,Corporate,Electronics,Printer,5,199,0.15,845.75,55.86
3484,ORD03484,14-11-2024,East,CUST2135,Home Office,Office Supplies,Tablet,3,499,0.05,1422.15,199.78
3485,ORD03485,11-09-2025,North,,Consumer,Furniture,Phone,6,499,0.15,2544.9,529.46
3486,ORD03486,07-03-2025,East,,Home Office,Electronics,Chair,6,99,,594,99.33
3487,ORD03487,30-06-2025,West,,Consumer,Electronics,Headphones,4,499,0,1996,377.75
3488,ORD03488,03-02-2025,West,CUST2241,Home Office,Electronics,Phone,10,199,0.1,1791,382.06
3489,ORD03489,06-08-2024,South,,Consumer,Office Supplies,Printer,3,299,0,897,112.27
3490,ORD03490,21-04-2025,WEST,,Consumer,Electronics,Laptop,,999,0.15,4245.75,715.35
3491,ORD03491,01-06-2024,WEST,,Corporate,Furniture,Laptop,8,149,0,1192,280.02
3492,ORD03492,20-06-2024,WEST,,Consumer,Office Supplies,Chair,4,199,,796,137.59
3493,ORD03493,26-12-2025,East,CUST2133,Consumer,Furniture,Tablet,5,299,0.1,1345.5,285.42
3494,ORD03494,31-05-2025,West,,Home Office,Furniture,Phone,,149,,1192,237.39
3495,ORD03495,09-12-2025,East,,Consumer,Electronics,Chair,2,99,,198,45.25
3496,ORD03496,07-09-2024,South,CUST2528,Corporate,Electronics,Headphones,8,499,0.05,3792.4,888.39
3497,ORD03497,18-03-2025,West,,Consumer,Office Supplies,Chair,9,99,0.15,757.35,125.18
3498,ORD03498,25-11-2025,North,CUST1407,Consumer,Office Supplies,Tablet,9,499,0.15,3817.35,200.57
3499,ORD03499,28-05-2025,South,CUST2558,Home Office,Furniture,Desk,4,499,0.15,1696.6,323.74
3500,ORD03500,05-06-2025,East,,Home Office,Office Supplies,Monitor,2,499,0.1,898.2,64.38
3501,ORD03501,12-08-2025,West,,Home Office,Furniture,Printer,6,999,0.15,5094.9,609.95
3502,ORD03502,02-11-2024,South,CUST1019,Corporate,Furniture,Tablet,7,499,0.15,2969.05,250.78
3503,ORD03503,14-09-2024,WEST,,Corporate,Electronics,Tablet,4,99,0.1,356.4,53.52
3504,ORD03504,02-12-2024,West,CUST2448,Consumer,Furniture,Laptop,4,999,0.05,3796.2,926.44
3505,ORD03505,18-11-2024,South,,Corporate,Electronics,Chair,5,299,0.05,1420.25,188.78
3506,ORD03506,02-05-2025,North,CUST1007,Home Office,Electronics,Headphones,6,199,,1194,288.12
3507,ORD03507,29-01-2025,North,,Home Office,Electronics,Tablet,10,999,0.05,9490.5,756.28
3508,ORD03508,07-10-2024,WEST,CUST2688,Consumer,Electronics,Monitor,2,999,0.1,1798.2,238.92
3509,ORD03509,07-10-2024,East,,Home Office,Office Supplies,Headphones,6,99,0.05,564.3,93
3510,ORD03510,07-05-2025,West,,Home Office,Office Supplies,Chair,9,149,0.1,1206.9,164.02
3511,ORD03511,22-01-2025,South,,Home Office,Furniture,Printer,9,199,,1791,195.94
3512,ORD03512,24-04-2024,North,CUST1990,Home Office,Furniture,Headphones,9,99,0.05,846.45,66.9
3513,ORD03513,23-04-2025,north,CUST2214,Home Office,Office Supplies,Monitor,3,199,0.05,567.15,78.09
3514,ORD03514,08-06-2024,north,,Home Office,Electronics,Phone,2,299,0.1,538.2,96.84
3515,ORD03515,20-07-2025,North,,Consumer,Electronics,Tablet,7,149,0.15,886.55,216.89
3516,ORD03516,12-05-2024,West,CUST2345,Corporate,Electronics,Tablet,7,99,0.15,589.05,169.94
3517,ORD03517,21-12-2024,north,,Consumer,Office Supplies,Desk,7,499,0.05,3318.35,240.3
3518,ORD03518,06-12-2024,WEST,CUST2284,Home Office,Office Supplies,Phone,9,999,0.15,7642.35,903.38
3519,ORD03519,10-08-2025,East,,Consumer,Office Supplies,Tablet,3,149,0.05,424.65,90.07
3520,ORD03520,07-12-2024,WEST,CUST1095,Consumer,Electronics,Monitor,2,499,0.15,848.3,104.88
3521,ORD03521,28-05-2025,South,CUST2985,Consumer,Furniture,Desk,4,99,0.15,336.6,56.25
3522,ORD03522,06-05-2024,West,CUST2171,Corporate,Furniture,Printer,4,499,0.05,1896.2,382.69
3523,ORD03523,18-05-2025,West,,Corporate,Office Supplies,Tablet,3,799,0.15,2037.45,546.12
3524,ORD03524,11-04-2025,WEST,,Home Office,Office Supplies,Printer,6,149,0.15,759.9,203.78
3525,ORD03525,10-02-2024,North,,Home Office,Furniture,Tablet,9,799,0.1,6471.9,1541.08
3526,ORD03526,05-10-2025,north,,Consumer,Furniture,Laptop,2,299,,598,85.82
3527,ORD03527,03-03-2025,north,,Consumer,Furniture,Phone,5,999,0,4995,1164.46
3528,ORD03528,05-01-2025,South,,Home Office,Furniture,Monitor,1,199,0.15,169.15,12.96
3529,ORD03529,04-03-2025,South,,Home Office,Furniture,Laptop,8,799,0.1,5752.8,484.54
3530,ORD03530,22-05-2025,north,CUST2257,Home Office,Office Supplies,Laptop,4,999,0.05,3796.2,594.86
3531,ORD03531,27-06-2025,WEST,CUST1302,Corporate,Electronics,Laptop,10,99,,990,143.05
3532,ORD03532,21-07-2024,north,CUST2994,Corporate,Electronics,Laptop,7,199,0.15,1184.05,183.45
3533,ORD03533,20-01-2024,WEST,,Home Office,Electronics,Phone,5,499,0.05,2370.25,585.19
3534,ORD03534,23-09-2024,WEST,,Corporate,Electronics,Monitor,7,999,0.15,5944.05,748.62
3535,ORD03535,07-03-2025,East,,Home Office,Furniture,Tablet,8,799,0,6392,878.08
3536,ORD03536,06-12-2025,South,CUST1180,Corporate,Furniture,Monitor,6,999,0.15,5094.9,1412.24
3537,ORD03537,30-03-2025,WEST,CUST2690,Consumer,Office Supplies,Tablet,8,299,0.15,2033.2,396.34
3538,ORD03538,21-07-2024,North,CUST1974,Home Office,Office Supplies,Tablet,7,99,0.15,589.05,84.37
3539,ORD03539,21-08-2025,north,CUST2509,Home Office,Furniture,Printer,4,499,0.05,1896.2,421.66
3540,ORD03540,17-11-2025,South,,Consumer,Office Supplies,Desk,9,149,,1341,178.61
3541,ORD03541,17-12-2024,WEST,CUST1126,Consumer,Furniture,Desk,5,999,0,4995,482.26
3542,ORD03542,16-06-2025,north,,Corporate,Electronics,Phone,3,199,,597,130.9
3543,ORD03543,15-01-2025,West,,Home Office,Office Supplies,Desk,3,999,,2997,589.91
3544,ORD03544,23-09-2024,East,,Corporate,Office Supplies,Tablet,6,149,0.05,849.3,150.03
3545,ORD03545,03-05-2025,north,,Corporate,Office Supplies,Printer,9,99,0.15,757.35,163.17
3546,ORD03546,23-08-2025,WEST,,Home Office,Office Supplies,Laptop,4,999,0.15,3396.6,411.68
3547,ORD03547,13-12-2024,WEST,,Home Office,Electronics,Phone,5,149,0,745,134.71
3548,ORD03548,27-10-2025,North,CUST1549,Consumer,Electronics,Headphones,1,149,,149,21.15
3549,ORD03549,10-05-2024,North,CUST2653,Consumer,Furniture,Chair,5,799,,3995,761.7
3550,ORD03550,03-06-2025,North,,Consumer,Office Supplies,Desk,5,299,0.15,1270.75,98.16
3551,ORD03551,08-03-2025,East,CUST2822,Home Office,Electronics,Laptop,9,199,0,1791,192.03
3552,ORD03552,13-02-2024,South,,Home Office,Furniture,Chair,9,499,0.1,4041.9,963.45
3553,ORD03553,07-10-2025,South,,Home Office,Electronics,Printer,2,199,0,398,100.21
3554,ORD03554,19-06-2025,West,,Consumer,Electronics,Headphones,3,799,0.05,2277.15,255.34
3555,ORD03555,11-01-2024,north,CUST2734,Consumer,Office Supplies,Laptop,5,499,0.05,2370.25,570.14
3556,ORD03556,21-10-2025,West,,Corporate,Electronics,Printer,10,799,0.1,7191,805.51
3557,ORD03557,15-08-2024,WEST,,Consumer,Office Supplies,Printer,3,99,0.05,282.15,77.16
3558,ORD03558,01-02-2025,South,,Corporate,Office Supplies,Desk,9,999,0.1,8091.9,523.73
3559,ORD03559,01-11-2024,WEST,,Corporate,Electronics,Monitor,1,499,0.1,449.1,112.52
3560,ORD03560,05-01-2025,West,,Home Office,Furniture,Printer,7,149,0.1,938.7,203.68
3561,ORD03561,27-08-2024,West,,Home Office,Electronics,Monitor,5,199,0.1,895.5,179.01
3562,ORD03562,30-01-2025,West,,Home Office,Electronics,Tablet,5,149,0.1,670.5,184.93
3563,ORD03563,16-07-2024,north,,Corporate,Furniture,Printer,3,499,0.1,1347.3,289.46
3564,ORD03564,09-06-2024,East,,Home Office,Furniture,Monitor,9,999,0.1,8091.9,2157.83
3565,ORD03565,12-07-2025,WEST,,Home Office,Office Supplies,Tablet,1,,0,499,114.85
3566,ORD03566,16-09-2025,East,,Corporate,Office Supplies,Laptop,3,799,0.15,2037.45,593.48
3567,ORD03567,25-10-2024,north,,Corporate,Furniture,Desk,8,499,0,3992,1177.38
3568,ORD03568,06-09-2024,South,,Consumer,Furniture,Phone,2,99,0.1,178.2,44.44
3569,ORD03569,30-06-2024,South,CUST1535,Consumer,Electronics,Phone,7,299,0,2093,451.23
3570,ORD03570,06-05-2024,West,,Corporate,Office Supplies,Phone,7,799,0.05,5313.35,1341.29
3571,ORD03571,11-11-2024,north,,Corporate,Electronics,Printer,10,499,0.15,4241.5,301.17
3572,ORD03572,21-01-2024,East,,Home Office,Furniture,Printer,2,299,,598,133.8
3573,ORD03573,13-12-2025,East,CUST1331,Corporate,Electronics,Monitor,1,99,0.1,89.1,6.92
3574,ORD03574,29-04-2024,East,CUST1197,Corporate,Office Supplies,Desk,3,299,0.15,762.45,226.63
3575,ORD03575,28-01-2024,north,,Consumer,Office Supplies,Desk,9,799,0,7191,389.63
3576,ORD03576,01-03-2025,WEST,CUST2067,Corporate,Office Supplies,Tablet,8,99,0.1,712.8,134.05
3577,ORD03577,16-05-2024,North,,Consumer,Office Supplies,Desk,8,299,0.05,2272.4,289.47
3578,ORD03578,13-05-2024,East,,Home Office,Office Supplies,Headphones,5,199,0.1,895.5,218.06
3579,ORD03579,01-10-2024,WEST,,Home Office,Electronics,Printer,4,999,0.05,3796.2,857.91
3580,ORD03580,17-01-2025,WEST,,Home Office,Electronics,Tablet,8,99,0.1,712.8,57.27
3581,ORD03581,28-09-2024,North,,Home Office,Electronics,Printer,8,799,0.1,5752.8,1089.32
3582,ORD03582,26-12-2024,north,,Home Office,Furniture,Chair,1,149,0.15,126.65,6.93
3583,ORD03583,12-05-2024,north,,Consumer,Office Supplies,Phone,10,149,0.15,1266.5,254.54
3584,ORD03584,24-05-2025,north,CUST2034,Home Office,Office Supplies,Printer,5,999,0,4995,432.39
3585,ORD03585,16-07-2025,North,,Consumer,Office Supplies,Headphones,9,99,0.1,801.9,117.58
3586,ORD03586,04-08-2025,north,,Corporate,Furniture,Tablet,4,499,0.1,1796.4,422.99
3587,ORD03587,21-06-2024,West,,Corporate,Office Supplies,Headphones,2,299,0,598,87.02
3588,ORD03588,18-09-2025,north,CUST1997,Corporate,Furniture,Printer,1,799,0.15,679.15,202.89
3589,ORD03589,01-01-2025,North,,Corporate,Furniture,Monitor,10,299,,2990,346.48
3590,ORD03590,19-05-2024,north,,Consumer,Furniture,Tablet,8,799,0.05,6072.4,567.15
3591,ORD03591,22-12-2024,WEST,,Consumer,Electronics,Tablet,7,999,0.15,5944.05,1699.03
3592,ORD03592,02-05-2025,north,CUST1385,Home Office,Electronics,Desk,3,299,,897,176.91
3593,ORD03593,13-01-2024,South,CUST2936,Corporate,Electronics,Desk,8,299,0.15,2033.2,580.15
3594,ORD03594,17-02-2025,West,,Home Office,Electronics,Monitor,7,499,0,3493,772.88
3595,ORD03595,30-12-2025,north,,Corporate,Office Supplies,Chair,3,799,0,2397,324.52
3596,ORD03596,24-08-2025,South,,Home Office,Electronics,Chair,9,299,0,2691,663.4
3597,ORD03597,07-12-2025,north,CUST1838,Home Office,Electronics,Printer,6,,0.05,5694.3,1460.05
3598,ORD03598,23-11-2025,South,,Corporate,Electronics,Phone,9,499,0.1,4041.9,868.99
3599,ORD03599,09-07-2024,East,CUST2915,Home Office,Office Supplies,Tablet,1,199,0.1,179.1,40.28
3600,ORD03600,22-07-2024,East,CUST2234,Home Office,Office Supplies,Monitor,5,299,0,1495,416.61
3601,ORD03601,05-03-2024,WEST,,Corporate,Office Supplies,Monitor,8,149,0.05,1132.4,277.44
3602,ORD03602,19-05-2025,South,,Corporate,Office Supplies,Printer,4,149,0.15,506.6,52.29
3603,ORD03603,04-08-2025,north,CUST1992,Corporate,Office Supplies,Tablet,10,199,0,1990,283.03
3604,ORD03604,24-09-2025,north,,Consumer,Electronics,Desk,6,299,0,1794,200.49
3605,ORD03605,08-11-2024,WEST,,Home Office,Electronics,Phone,9,199,0.15,1522.35,246.59
3606,ORD03606,05-03-2025,East,,Home Office,Office Supplies,Monitor,6,149,0.05,849.3,200.64
3607,ORD03607,19-02-2024,West,,Corporate,Electronics,Laptop,6,99,0,594,73.28
3608,ORD03608,22-06-2024,north,CUST1281,Consumer,Office Supplies,Laptop,7,149,0,1043,243.44
3609,ORD03609,13-09-2024,East,,Corporate,Office Supplies,Desk,9,299,,2691,135.88
3610,ORD03610,19-01-2024,West,,Consumer,Office Supplies,Desk,10,499,0.15,4241.5,573.68
3611,ORD03611,30-10-2024,East,CUST1506,Corporate,Office Supplies,Printer,3,799,0.05,2277.15,155.86
3612,ORD03612,15-03-2025,West,CUST1919,Corporate,Furniture,Tablet,,149,0,149,42.22
3613,ORD03613,04-03-2025,WEST,,Home Office,Office Supplies,Printer,5,299,0,1495,216.32
3614,ORD03614,03-04-2025,north,,Corporate,Office Supplies,Chair,1,99,0.15,84.15,10.94
3615,ORD03615,26-09-2024,North,,Corporate,Electronics,Tablet,3,199,0.15,507.45,52.4
3616,ORD03616,03-09-2025,north,,Home Office,Electronics,Chair,10,199,0.15,1691.5,256.25
3617,ORD03617,26-03-2025,West,CUST1515,Corporate,Electronics,Laptop,7,799,0.1,5033.7,619.85
3618,ORD03618,05-06-2024,WEST,CUST1505,Home Office,Furniture,Headphones,1,299,0.05,284.05,67.63
3619,ORD03619,15-12-2024,North,CUST1361,Corporate,Furniture,Monitor,4,149,,596,126.86
3620,ORD03620,11-06-2024,East,,Consumer,Office Supplies,Chair,9,499,,4491,1307.48
3621,ORD03621,15-03-2025,West,CUST1420,Consumer,Office Supplies,Desk,7,499,0.15,2969.05,192.72
3622,ORD03622,11-12-2024,North,CUST1418,Corporate,Electronics,Laptop,9,299,0,2691,210.62
3623,ORD03623,25-03-2024,WEST,CUST1322,Consumer,Office Supplies,Headphones,5,499,0.05,2370.25,303.97
3624,ORD03624,13-06-2025,South,,Consumer,Electronics,Printer,3,149,0,447,116.89
3625,ORD03625,23-05-2025,South,,Consumer,Electronics,Desk,1,999,,999,62.22
3626,ORD03626,20-10-2024,West,,Corporate,Office Supplies,Headphones,3,199,0.1,537.3,81.97
3627,ORD03627,15-07-2025,West,CUST2746,Corporate,Furniture,Desk,5,99,,495,75.46
3628,ORD03628,30-09-2025,North,,Corporate,Electronics,Printer,2,99,0,198,29.93
3629,ORD03629,01-01-2025,East,CUST2133,Home Office,Electronics,Monitor,10,999,,9990,669.93
3630,ORD03630,07-03-2024,WEST,CUST2308,Consumer,Electronics,Printer,5,499,0,2495,544.37
3631,ORD03631,13-12-2025,North,,Consumer,Electronics,Tablet,7,499,0.1,3143.7,554.17
3632,ORD03632,28-07-2024,South,,Corporate,Office Supplies,Laptop,7,299,0.1,1883.7,451.8
3633,ORD03633,04-09-2024,West,,Home Office,Electronics,Printer,4,299,,1196,86.83
3634,ORD03634,08-02-2024,South,,Corporate,Office Supplies,Phone,5,299,0,1495,295.19
3635,ORD03635,24-03-2025,South,,Consumer,Electronics,Headphones,2,499,,998,256.38
3636,ORD03636,31-08-2025,East,,Home Office,Office Supplies,Headphones,1,199,0.15,169.15,40.91
3637,ORD03637,26-02-2024,East,,Home Office,Electronics,Headphones,8,999,0,7992,1581.35
3638,ORD03638,12-08-2025,West,CUST2701,Corporate,Electronics,Printer,3,99,0.05,282.15,39.54
3639,ORD03639,10-10-2025,north,CUST2440,Home Office,Office Supplies,Chair,6,799,,4794,329.08
3640,ORD03640,30-04-2024,WEST,CUST1041,Consumer,Office Supplies,Monitor,4,999,0.15,3396.6,270.14
3641,ORD03641,31-03-2025,north,CUST2952,Home Office,Electronics,Chair,10,499,0,4990,1486.97
3642,ORD03642,04-07-2024,East,CUST2074,Corporate,Electronics,Chair,10,149,0,1490,294.44
3643,ORD03643,11-10-2025,north,,Home Office,Office Supplies,Headphones,,999,0.1,3596.4,686.51
3644,ORD03644,01-07-2024,West,,Corporate,Electronics,Chair,8,799,0,6392,1488.56
3645,ORD03645,20-04-2024,East,,Consumer,Office Supplies,Printer,,,0.1,445.5,107.38
3646,ORD03646,08-02-2024,South,CUST1317,Consumer,Office Supplies,Desk,,799,0.15,3395.75,591.34
3647,ORD03647,06-02-2025,North,,Corporate,Furniture,Laptop,2,,,298,46.68
3648,ORD03648,10-10-2025,north,,Corporate,Electronics,Monitor,4,799,0.15,2716.6,361.47
3649,ORD03649,24-11-2024,North,CUST2931,Consumer,Furniture,Headphones,5,199,0,995,117.61
3650,ORD03650,28-04-2025,north,,Home Office,Electronics,Phone,7,799,0.1,5033.7,496.48
3651,ORD03651,03-04-2025,West,CUST2816,Home Office,Furniture,Laptop,10,799,0.1,7191,1386.79
3652,ORD03652,02-07-2024,West,,Consumer,Electronics,Desk,2,799,0.1,1438.2,278.43
3653,ORD03653,24-05-2025,North,,Corporate,Furniture,Tablet,4,149,0,596,34.27
3654,ORD03654,30-08-2024,South,CUST2392,Corporate,Office Supplies,Printer,6,499,0,2994,289.06
3655,ORD03655,09-09-2025,South,CUST2817,Home Office,Office Supplies,Tablet,1,999,0.05,949.05,67.34
3656,ORD03656,14-11-2025,West,CUST2396,Corporate,Furniture,Headphones,8,99,0.15,673.2,61.83
3657,ORD03657,04-05-2025,East,,Consumer,Electronics,Phone,4,799,0.05,3036.2,411.33
3658,ORD03658,25-07-2025,South,,Home Office,Office Supplies,Monitor,10,499,,4990,312.19
3659,ORD03659,09-03-2025,West,,Home Office,Electronics,Headphones,3,299,0,897,207.83
3660,ORD03660,08-07-2025,South,,Corporate,Furniture,Chair,5,299,0.15,1270.75,108.03
3661,ORD03661,21-03-2024,north,CUST1822,Home Office,Electronics,Chair,6,299,0,1794,359.21
3662,ORD03662,13-09-2025,North,,Home Office,Furniture,Tablet,2,799,0,1598,158.19
3663,ORD03663,21-02-2025,north,,Home Office,Office Supplies,Tablet,6,99,0.15,504.9,102.51
3664,ORD03664,08-11-2024,North,,Corporate,Electronics,Headphones,5,999,0.05,4745.25,982.44
3665,ORD03665,10-06-2025,north,,Home Office,Office Supplies,Tablet,7,149,0.05,990.85,265.94
3666,ORD03666,08-03-2024,South,CUST2064,Corporate,Electronics,Printer,1,799,0,799,120.03
3667,ORD03667,23-04-2025,East,CUST2751,Consumer,Office Supplies,Headphones,1,799,0,799,237.58
3668,ORD03668,13-09-2024,North,CUST1779,Corporate,Furniture,Printer,7,199,0.15,1184.05,158.2
3669,ORD03669,23-08-2024,West,,Home Office,Furniture,Phone,2,799,0,1598,239.38
3670,ORD03670,04-03-2025,WEST,,Home Office,Furniture,Headphones,4,199,,796,140.82
3671,ORD03671,18-11-2025,North,,Home Office,Furniture,Monitor,3,999,,2997,753.1
3672,ORD03672,21-09-2025,South,CUST1075,Home Office,Furniture,Printer,1,199,,199,28.22
3673,ORD03673,17-08-2024,WEST,CUST1063,Corporate,Office Supplies,Monitor,2,199,0.1,358.2,83.5
3674,ORD03674,02-06-2024,South,,Corporate,Electronics,Headphones,2,799,0,1598,89.67
3675,ORD03675,19-11-2025,East,,Home Office,Office Supplies,Chair,9,799,0.05,6831.45,1922.94
3676,ORD03676,31-07-2024,South,CUST2610,Corporate,Electronics,Monitor,5,299,0.1,1345.5,219.05
3677,ORD03677,05-10-2024,North,CUST2878,Corporate,Furniture,Printer,10,299,0.1,2691,305.9
3678,ORD03678,10-10-2024,WEST,,Corporate,Electronics,Desk,6,149,0.1,804.6,42.15
3679,ORD03679,28-08-2024,West,,Corporate,Office Supplies,Printer,6,999,0.15,5094.9,1521.77
3680,ORD03680,14-12-2025,West,,Home Office,Electronics,Phone,5,499,0.05,2370.25,131.4
3681,ORD03681,22-11-2025,East,CUST2374,Consumer,Office Supplies,Phone,3,999,,2997,658.64
3682,ORD03682,21-06-2025,South,,Consumer,Furniture,Tablet,8,499,0.1,3592.8,581.02
3683,ORD03683,09-08-2025,WEST,CUST1689,Corporate,Furniture,Desk,8,499,0.05,3792.4,392.59
3684,ORD03684,18-06-2025,South,,Consumer,Office Supplies,Monitor,3,999,0,2997,859.96
3685,ORD03685,27-02-2024,WEST,,Corporate,Furniture,Phone,6,799,,4794,304.12
3686,ORD03686,13-04-2025,East,CUST1746,Corporate,Office Supplies,Headphones,8,299,0.1,2152.8,407.21
3687,ORD03687,03-07-2024,South,CUST1760,Home Office,Furniture,Tablet,10,,0.1,891,196.99
3688,ORD03688,04-11-2024,WEST,,Home Office,Furniture,Desk,5,299,0.1,1345.5,298.11
3689,ORD03689,16-07-2024,South,,Corporate,Office Supplies,Tablet,4,149,,596,153.51
3690,ORD03690,03-05-2024,North,,Consumer,Electronics,Headphones,4,199,,796,155.8
3691,ORD03691,26-05-2025,West,CUST2109,Home Office,Furniture,Tablet,8,149,0.1,1072.8,112.92
3692,ORD03692,10-01-2025,north,CUST2394,Consumer,Electronics,Headphones,2,799,0,1598,362.84
3693,ORD03693,03-05-2024,East,,Home Office,Office Supplies,Headphones,2,149,0.15,253.3,65.97
3694,ORD03694,23-05-2025,South,,Corporate,Office Supplies,Tablet,9,99,0.05,846.45,183.39
3695,ORD03695,10-02-2024,WEST,CUST1181,Consumer,Electronics,Tablet,4,149,0.05,566.2,139.34
3696,ORD03696,23-07-2024,WEST,,Corporate,Electronics,Phone,5,299,0.05,1420.25,166.52
3697,ORD03697,05-03-2024,WEST,,Corporate,Electronics,Headphones,8,499,0.1,3592.8,218.72
3698,ORD03698,02-01-2024,East,CUST1251,Consumer,Office Supplies,Phone,7,99,0.1,623.7,127.99
3699,ORD03699,12-03-2025,South,,Corporate,Office Supplies,Chair,7,149,0.1,938.7,255.32
3700,ORD03700,02-10-2025,north,,Home Office,Furniture,Tablet,5,799,0,3995,892.89
3701,ORD03701,08-08-2025,WEST,,Home Office,Electronics,Monitor,10,499,,4990,1055.82
3702,ORD03702,04-06-2024,North,,Corporate,Furniture,Printer,2,799,0.05,1518.1,395.61
3703,ORD03703,11-03-2024,North,CUST1053,Home Office,Office Supplies,Desk,10,149,0.1,1341,195.39
3704,ORD03704,16-06-2024,WEST,CUST2929,Corporate,Furniture,Desk,3,999,0.15,2547.45,320.83
3705,ORD03705,12-12-2025,South,CUST1159,Consumer,Furniture,Printer,8,199,0.1,1432.8,426.34
3706,ORD03706,26-11-2024,East,CUST2925,Consumer,Furniture,Printer,10,149,0.15,1266.5,189.7
3707,ORD03707,04-06-2024,North,CUST1258,Home Office,Furniture,Desk,8,799,0.1,5752.8,985.77
3708,ORD03708,06-03-2025,North,,Home Office,Electronics,Desk,7,299,0.1,1883.7,428.44
3709,ORD03709,17-05-2024,South,,Corporate,Office Supplies,Printer,3,499,0.05,1422.15,148.22
3710,ORD03710,16-11-2024,WEST,,Consumer,Office Supplies,Phone,10,199,0.1,1791,349.05
3711,ORD03711,25-03-2024,WEST,,Corporate,Electronics,Chair,5,149,0.05,707.75,49.33
3712,ORD03712,04-03-2024,East,,Home Office,Furniture,Chair,2,99,0,198,28.15
3713,ORD03713,11-04-2024,South,CUST1408,Corporate,Furniture,Laptop,6,99,0.15,504.9,33.26
3714,ORD03714,09-12-2024,North,,Corporate,Electronics,Printer,7,799,0.1,5033.7,446.76
3715,ORD03715,17-02-2025,South,,Home Office,Furniture,Desk,10,499,0.05,4740.5,688.17
3716,ORD03716,02-01-2024,north,CUST2355,Consumer,Office Supplies,Desk,3,299,0.15,762.45,149.57
3717,ORD03717,04-08-2025,WEST,,Consumer,Office Supplies,Chair,4,149,0.1,536.4,114.17
3718,ORD03718,07-08-2025,East,CUST2271,Home Office,Electronics,Printer,7,499,0.1,3143.7,164.83
3719,ORD03719,17-01-2024,West,,Home Office,Office Supplies,Phone,10,299,0.1,2691,405.62
3720,ORD03720,05-08-2025,East,CUST1692,Consumer,Electronics,Monitor,6,149,0,894,240.79
3721,ORD03721,10-05-2025,East,,Consumer,Electronics,Tablet,3,199,0.1,537.3,72.45
3722,ORD03722,29-10-2025,WEST,,Home Office,Office Supplies,Monitor,7,999,0.1,6293.7,438.34
3723,ORD03723,27-04-2025,North,,Corporate,Furniture,Monitor,4,299,0.1,1076.4,267.26
3724,ORD03724,24-10-2025,WEST,,Consumer,Office Supplies,Desk,6,499,0,2994,454.7
3725,ORD03725,16-09-2024,WEST,CUST1877,Corporate,Office Supplies,Chair,3,799,0,2397,206.12
3726,ORD03726,09-06-2024,WEST,,Home Office,Office Supplies,Monitor,2,99,,198,37.02
3727,ORD03727,19-08-2024,WEST,CUST1498,Consumer,Office Supplies,Desk,4,799,0,3196,183.16
3728,ORD03728,27-02-2025,North,,Home Office,Office Supplies,Headphones,8,799,0,6392,1075.38
3729,ORD03729,21-11-2024,North,,Corporate,Furniture,Laptop,3,299,0,897,109.1
3730,ORD03730,26-12-2024,north,CUST1241,Consumer,Office Supplies,Monitor,9,99,0.05,846.45,221.34
3731,ORD03731,09-03-2025,South,,Home Office,Office Supplies,Monitor,8,149,,1192,267.13
3732,ORD03732,23-10-2025,West,CUST1902,Home Office,Office Supplies,Phone,1,999,0.05,949.05,151.26
3733,ORD03733,01-12-2024,North,,Home Office,Furniture,Headphones,9,199,,1791,165.42
3734,ORD03734,20-12-2024,West,,Consumer,Electronics,Monitor,10,299,0.1,2691,476.64
3735,ORD03735,09-05-2025,South,,Corporate,Office Supplies,Monitor,6,,0,1194,272.44
3736,ORD03736,23-06-2025,South,,Home Office,Office Supplies,Printer,5,199,0.15,845.75,117.77
3737,ORD03737,15-11-2025,West,,Home Office,Furniture,Desk,5,199,0.1,895.5,104.02
3738,ORD03738,30-07-2025,East,,Home Office,Office Supplies,Phone,8,299,0,2392,521.74
3739,ORD03739,06-04-2024,WEST,CUST1336,Home Office,Furniture,Laptop,9,199,0,1791,353.53
3740,ORD03740,06-09-2024,West,,Consumer,Furniture,Laptop,9,199,0.05,1701.45,172.74
3741,ORD03741,17-02-2025,South,CUST2779,Corporate,Electronics,Printer,2,299,0.1,538.2,119.47
3742,ORD03742,16-11-2024,South,CUST2823,Consumer,Electronics,Laptop,9,499,0,4491,1005.78
3743,ORD03743,31-01-2024,North,,Consumer,Furniture,Desk,4,149,0.15,506.6,88.17
3744,ORD03744,30-06-2024,East,CUST2880,Home Office,Electronics,Monitor,10,299,,2990,241.64
3745,ORD03745,10-01-2024,South,,Home Office,Furniture,Tablet,5,199,0,995,199.38
3746,ORD03746,30-05-2025,north,,Consumer,Electronics,Tablet,10,499,0.1,4491,1102.36
3747,ORD03747,22-04-2024,South,,Consumer,Office Supplies,Printer,6,299,0.1,1614.6,340.18
3748,ORD03748,11-05-2025,East,,Consumer,Electronics,Laptop,5,199,0.1,895.5,202.36
3749,ORD03749,20-09-2024,WEST,,Consumer,Electronics,Phone,6,999,,5994,1344.21
3750,ORD03750,19-02-2024,South,,Consumer,Office Supplies,Desk,2,499,,998,56.53
3751,ORD03751,30-08-2024,North,,Corporate,Electronics,Tablet,7,199,0.1,1253.7,269.86
3752,ORD03752,27-03-2024,north,CUST2155,Home Office,Office Supplies,Printer,2,199,,398,85.09
3753,ORD03753,24-06-2024,East,,Corporate,Furniture,Desk,5,799,0.05,3795.25,934.56
3754,ORD03754,14-04-2025,East,,Corporate,Furniture,Chair,10,299,0.15,2541.5,217.39
3755,ORD03755,14-02-2024,WEST,,Corporate,Furniture,Phone,10,799,0.1,7191,600.51
3756,ORD03756,07-12-2025,East,,Home Office,Furniture,Phone,5,99,0.05,470.25,104.2
3757,ORD03757,28-03-2025,West,CUST2939,Corporate,Furniture,Chair,6,199,0,1194,250.59
3758,ORD03758,07-11-2024,East,,Home Office,Furniture,Monitor,10,99,0.05,940.5,198.99
3759,ORD03759,14-01-2025,north,CUST2536,Home Office,Electronics,Printer,1,999,0.05,949.05,232.23
3760,ORD03760,09-12-2024,North,,Corporate,Electronics,Headphones,5,99,0.05,470.25,85.84
3761,ORD03761,02-04-2024,North,CUST2275,Consumer,Furniture,Monitor,9,99,,891,248.21
3762,ORD03762,27-04-2024,West,,Home Office,Office Supplies,Chair,10,999,,9990,2336.65
3763,ORD03763,01-04-2024,West,CUST2472,Home Office,Electronics,Monitor,6,299,0.05,1704.3,368.28
3764,ORD03764,09-08-2024,East,CUST1990,Home Office,Electronics,Printer,1,499,0.15,424.15,31.34
3765,ORD03765,04-09-2024,WEST,,Consumer,Office Supplies,Desk,5,99,,495,121.72
3766,ORD03766,14-02-2024,North,,Corporate,Electronics,Monitor,10,199,0.15,1691.5,283.7
3767,ORD03767,25-10-2024,WEST,,Home Office,Electronics,Monitor,8,149,0.15,1013.2,212.78
3768,ORD03768,05-09-2025,West,,Corporate,Furniture,Desk,10,299,0.05,2840.5,260.84
3769,ORD03769,14-10-2024,WEST,,Corporate,Furniture,Monitor,1,199,0.05,189.05,51.65
3770,ORD03770,08-12-2024,north,,Corporate,Furniture,Laptop,3,499,,1497,303.12
3771,ORD03771,27-06-2025,WEST,,Consumer,Office Supplies,Chair,3,99,,297,19.03
3772,ORD03772,30-09-2025,North,,Corporate,Office Supplies,Tablet,1,799,0.1,719.1,76.72
3773,ORD03773,17-04-2025,north,CUST2526,Home Office,Electronics,Tablet,6,799,,4794,532.85
3774,ORD03774,05-10-2025,East,,Consumer,Furniture,Desk,10,299,0.1,2691,761.39
3775,ORD03775,14-02-2025,WEST,,Home Office,Furniture,Tablet,7,499,0.15,2969.05,639.82
3776,ORD03776,09-05-2024,East,,Corporate,Electronics,Chair,2,99,0,198,21.65
3777,ORD03777,23-02-2024,East,,Consumer,Furniture,Tablet,6,199,0.05,1134.3,130.05
3778,ORD03778,19-08-2025,WEST,CUST1441,Consumer,Electronics,Printer,1,99,0.15,84.15,19.48
3779,ORD03779,06-04-2025,North,,Home Office,Electronics,Headphones,5,199,,995,203.22
3780,ORD03780,09-01-2024,WEST,,Consumer,Furniture,Desk,1,299,0.15,254.15,61.83
3781,ORD03781,18-07-2024,WEST,CUST2264,Consumer,Electronics,Desk,5,149,0.1,670.5,83.98
3782,ORD03782,24-06-2025,WEST,,Home Office,Electronics,Laptop,9,799,,7191,1624.99
3783,ORD03783,21-04-2024,North,,Corporate,Electronics,Desk,1,199,0.15,169.15,37.02
3784,ORD03784,25-12-2024,South,,Home Office,Office Supplies,Laptop,2,999,0.1,1798.2,203.23
3785,ORD03785,26-05-2024,South,,Consumer,Electronics,Printer,2,999,0.15,1698.3,217.18
3786,ORD03786,03-12-2025,North,,Home Office,Office Supplies,Tablet,1,99,0.05,94.05,8.11
3787,ORD03787,07-02-2025,East,CUST1265,Consumer,Electronics,Laptop,4,199,0.1,716.4,195.09
3788,ORD03788,16-02-2024,North,,Corporate,Electronics,Laptop,2,149,0.1,268.2,40.12
3789,ORD03789,30-01-2024,West,,Corporate,Office Supplies,Chair,2,199,0,398,100.32
3790,ORD03790,19-07-2025,West,,Consumer,Furniture,Printer,7,499,0.15,2969.05,567.82
3791,ORD03791,20-03-2025,East,,Home Office,Electronics,Headphones,10,199,0,1990,596.03
3792,ORD03792,20-12-2024,north,CUST1007,Corporate,Electronics,Printer,4,299,0,1196,346.8
3793,ORD03793,04-03-2025,West,,Corporate,Electronics,Chair,5,,0.1,2245.5,326.53
3794,ORD03794,23-12-2024,South,,Consumer,Electronics,Printer,2,299,0.15,508.3,58.46
3795,ORD03795,21-09-2025,North,CUST2133,Home Office,Furniture,Printer,9,199,0.05,1701.45,246.7
3796,ORD03796,08-05-2024,North,CUST2936,Consumer,Furniture,Phone,1,499,0.15,424.15,53.64
3797,ORD03797,30-07-2024,North,CUST1318,Consumer,Furniture,Headphones,3,299,0.05,852.15,159.96
3798,ORD03798,15-01-2024,East,CUST2811,Home Office,Office Supplies,Monitor,6,799,0.1,4314.6,1082.57
3799,ORD03799,19-09-2024,East,,Consumer,Office Supplies,Desk,10,149,0.1,1341,335.88
3800,ORD03800,26-02-2024,North,,Consumer,Furniture,Laptop,1,799,0,799,65.9
3801,ORD03801,29-05-2024,South,,Home Office,Furniture,Laptop,,799,0.15,679.15,162.05
3802,ORD03802,14-11-2024,North,,Consumer,Furniture,Headphones,2,799,0,1598,438.36
3803,ORD03803,16-12-2024,WEST,,Corporate,Office Supplies,Headphones,5,99,0.05,470.25,66.69
3804,ORD03804,19-03-2024,South,,Home Office,Electronics,Laptop,8,149,0,1192,245.45
3805,ORD03805,31-03-2025,South,,Corporate,Electronics,Laptop,8,299,,2392,177.08
3806,ORD03806,17-09-2025,north,,Consumer,Electronics,Laptop,5,799,0.15,3395.75,389.71
3807,ORD03807,21-01-2025,WEST,CUST2685,Corporate,Office Supplies,Phone,7,799,0.15,4754.05,932.96
3808,ORD03808,04-02-2025,South,,Home Office,Furniture,Desk,5,,0.1,3595.5,354.96
3809,ORD03809,01-06-2024,South,,Home Office,Electronics,Tablet,9,799,0.1,6471.9,1902
3810,ORD03810,25-10-2024,East,,Home Office,Office Supplies,Phone,5,199,0.1,895.5,182.2
3811,ORD03811,24-05-2024,North,,Corporate,Office Supplies,Desk,1,999,0.1,899.1,255.27
3812,ORD03812,26-03-2025,South,CUST1000,Corporate,Furniture,Monitor,7,799,0,5593,1229.6
3813,ORD03813,09-07-2024,South,,Consumer,Furniture,Printer,2,799,0,1598,434.9
3814,ORD03814,14-07-2025,North,,Home Office,Electronics,Chair,4,299,0.15,1016.6,209.68
3815,ORD03815,06-09-2024,WEST,CUST2993,Consumer,Furniture,Desk,3,499,,1497,367.38
3816,ORD03816,01-05-2025,South,,Consumer,Electronics,Laptop,3,799,,2397,399.75
3817,ORD03817,03-02-2024,East,,Corporate,Office Supplies,Tablet,3,299,,897,255.62
3818,ORD03818,16-07-2024,South,,Consumer,Electronics,Monitor,8,799,,6392,1231.86
3819,ORD03819,01-03-2024,West,,Corporate,Electronics,Chair,10,199,0,1990,261.03
3820,ORD03820,12-08-2024,WEST,,Corporate,Electronics,Tablet,6,,,2994,384.16
3821,ORD03821,14-12-2025,West,,Home Office,Electronics,Laptop,3,999,0.05,2847.15,482.8
3822,ORD03822,20-11-2025,WEST,,Consumer,Office Supplies,Phone,8,799,0.05,6072.4,518.37
3823,ORD03823,10-05-2025,North,,Home Office,Furniture,Phone,2,99,0.05,188.1,16.93
3824,ORD03824,13-04-2024,WEST,,Corporate,Electronics,Laptop,2,999,0.1,1798.2,410.62
3825,ORD03825,21-07-2024,South,,Consumer,Office Supplies,Desk,1,149,0.1,134.1,17.31
3826,ORD03826,12-09-2025,north,,Corporate,Office Supplies,Monitor,6,299,,1794,322.12
3827,ORD03827,23-06-2024,North,,Corporate,Furniture,Printer,1,999,0.05,949.05,183.52
3828,ORD03828,24-12-2024,East,CUST2924,Consumer,Furniture,Desk,7,199,0.05,1323.35,73.42
3829,ORD03829,21-08-2025,WEST,,Home Office,Office Supplies,Chair,3,99,0.1,267.3,68.24
3830,ORD03830,30-01-2025,South,,Corporate,Furniture,Phone,1,199,0.1,179.1,33.76
3831,ORD03831,01-06-2025,north,,Corporate,Furniture,Desk,6,799,0.05,4554.3,1206.61
3832,ORD03832,03-03-2024,West,CUST1891,Corporate,Office Supplies,Monitor,2,999,0.05,1898.1,180.19
3833,ORD03833,28-08-2025,North,,Home Office,Furniture,Chair,5,999,,4995,1169.24
3834,ORD03834,24-09-2024,north,CUST1688,Consumer,Electronics,Desk,5,799,0.1,3595.5,651.8
3835,ORD03835,10-05-2024,East,CUST2931,Home Office,Furniture,Phone,10,199,0.1,1791,120.57
3836,ORD03836,13-03-2024,South,CUST2444,Corporate,Furniture,Headphones,2,149,0,298,48.74
3837,ORD03837,03-05-2025,West,,Home Office,Office Supplies,Headphones,6,99,0.15,504.9,123.14
3838,ORD03838,27-12-2025,West,CUST2000,Home Office,Electronics,Printer,5,499,0.15,2120.75,143
3839,ORD03839,21-07-2024,South,,Consumer,Office Supplies,Headphones,10,799,0.15,6791.5,610.12
3840,ORD03840,29-12-2025,West,,Consumer,Electronics,Headphones,7,99,0.15,589.05,73.98
3841,ORD03841,26-10-2025,East,CUST2696,Home Office,Electronics,Phone,7,99,0.1,623.7,181.66
3842,ORD03842,20-04-2025,East,,Home Office,Office Supplies,Phone,4,99,0.05,376.2,33.57
3843,ORD03843,31-08-2024,north,,Consumer,Office Supplies,Tablet,5,999,0,4995,669.2
3844,ORD03844,02-12-2025,north,,Corporate,Office Supplies,Chair,9,999,0,8991,1372.16
3845,ORD03845,13-03-2024,West,,Consumer,Furniture,Chair,6,299,0.15,1524.9,414.32
3846,ORD03846,16-06-2025,South,,Home Office,Electronics,Phone,7,999,0.1,6293.7,1830.92
3847,ORD03847,27-10-2024,north,,Home Office,Furniture,Tablet,8,99,0.15,673.2,169.74
3848,ORD03848,23-03-2025,South,,Home Office,Furniture,Laptop,1,999,0.05,949.05,56.53
3849,ORD03849,13-12-2024,WEST,,Home Office,Office Supplies,Chair,7,199,,1393,405.02
3850,ORD03850,23-12-2024,West,CUST2744,Home Office,Furniture,Phone,8,149,0,1192,99.93
3851,ORD03851,24-06-2025,North,,Consumer,Office Supplies,Chair,5,999,0.15,4245.75,687.81
3852,ORD03852,17-11-2024,West,CUST2068,Consumer,Electronics,Desk,10,,0.05,1415.5,85.7
3853,ORD03853,21-03-2024,West,,Corporate,Office Supplies,Headphones,3,149,0.15,379.95,73.35
3854,ORD03854,31-07-2025,East,CUST1897,Consumer,Office Supplies,Laptop,5,199,0.05,945.25,116.66
3855,ORD03855,21-09-2025,West,,Home Office,Office Supplies,Printer,4,999,0.1,3596.4,647.08
3856,ORD03856,23-04-2024,North,,Home Office,Office Supplies,Chair,3,799,0.15,2037.45,191.57
3857,ORD03857,03-06-2024,West,,Corporate,Furniture,Desk,9,149,0.05,1273.95,269.47
3858,ORD03858,20-07-2024,South,,Home Office,Office Supplies,Laptop,2,999,0.1,1798.2,477.12
3859,ORD03859,14-08-2024,North,CUST2060,Home Office,Furniture,Phone,4,299,0.1,1076.4,253.84
3860,ORD03860,01-03-2025,WEST,,Home Office,Furniture,Tablet,1,999,0.05,949.05,169.91
3861,ORD03861,25-02-2025,North,,Corporate,Furniture,Phone,9,999,,8991,2612.97
3862,ORD03862,06-10-2024,north,CUST1019,Corporate,Office Supplies,Chair,7,799,0.05,5313.35,748.88
3863,ORD03863,18-07-2025,South,,Corporate,Office Supplies,Desk,6,299,,1794,219.64
3864,ORD03864,04-02-2024,north,,Consumer,Office Supplies,Tablet,8,799,0.1,5752.8,1438.7
3865,ORD03865,25-03-2024,WEST,,Consumer,Office Supplies,Printer,9,799,,7191,2153.87
3866,ORD03866,23-11-2025,East,,Corporate,Electronics,Headphones,9,799,0.15,6112.35,535.09
3867,ORD03867,27-06-2025,North,CUST2655,Home Office,Electronics,Printer,1,149,0.15,126.65,25.98
3868,ORD03868,26-08-2024,West,,Home Office,Furniture,Chair,3,299,0,897,246.36
3869,ORD03869,10-08-2024,North,,Home Office,Electronics,Laptop,8,299,0.1,2152.8,302.63
3870,ORD03870,09-11-2025,East,,Corporate,Electronics,Headphones,2,499,0.15,848.3,124.05
3871,ORD03871,26-01-2025,north,,Consumer,Electronics,Monitor,7,149,0.15,886.55,112.68
3872,ORD03872,15-04-2024,South,,Consumer,Electronics,Headphones,3,149,,447,116.28
3873,ORD03873,21-07-2024,West,,Home Office,Office Supplies,Headphones,8,499,0,3992,924.08
3874,ORD03874,28-10-2024,West,,Consumer,Office Supplies,Laptop,5,99,0,495,128.58
3875,ORD03875,20-10-2025,West,,Consumer,Office Supplies,Phone,10,299,0.05,2840.5,676.64
3876,ORD03876,25-09-2024,north,CUST1620,Consumer,Office Supplies,Headphones,4,999,,3996,691.15
3877,ORD03877,03-10-2025,East,,Corporate,Office Supplies,Chair,8,299,0,2392,366.47
3878,ORD03878,20-12-2024,East,,Corporate,Furniture,Phone,10,799,0.05,7590.5,1432.98
3879,ORD03879,30-07-2024,WEST,,Consumer,Furniture,Desk,7,999,0.05,6643.35,1641.43
3880,ORD03880,11-06-2025,West,,Consumer,Office Supplies,Tablet,6,799,,4794,482.51
3881,ORD03881,22-05-2025,north,,Corporate,Electronics,Laptop,8,199,,1592,323.65
3882,ORD03882,10-01-2024,WEST,,Home Office,Office Supplies,Laptop,1,149,0.05,141.55,27.43
3883,ORD03883,09-04-2025,South,,Consumer,Electronics,Monitor,2,999,0.15,1698.3,400.78
3884,ORD03884,13-11-2024,West,,Corporate,Office Supplies,Chair,5,149,,745,131.23
3885,ORD03885,26-06-2025,South,,Consumer,Office Supplies,Headphones,5,199,0,995,177.55
3886,ORD03886,28-01-2025,WEST,,Consumer,Furniture,Phone,8,799,0.15,5433.2,911.94
3887,ORD03887,12-06-2025,north,,Corporate,Electronics,Tablet,7,999,0.1,6293.7,525.54
3888,ORD03888,28-11-2024,South,,Corporate,Office Supplies,Laptop,2,999,0.05,1898.1,438.47
3889,ORD03889,28-06-2024,WEST,CUST1630,Corporate,Office Supplies,Headphones,10,499,0.05,4740.5,1392.63
3890,ORD03890,17-08-2024,West,CUST1756,Corporate,Office Supplies,Desk,3,499,0.15,1272.45,309.39
3891,ORD03891,17-03-2025,North,CUST2854,Home Office,Furniture,Tablet,3,799,0.05,2277.15,232.49
3892,ORD03892,01-02-2024,East,CUST2412,Consumer,Office Supplies,Headphones,10,299,0,2990,688.43
3893,ORD03893,17-06-2024,North,,Corporate,Furniture,Tablet,8,999,0,7992,748.86
3894,ORD03894,22-12-2024,north,,Consumer,Electronics,Printer,7,99,,693,192.77
3895,ORD03895,30-06-2024,North,,Consumer,Office Supplies,Laptop,10,199,0.1,1791,390.34
3896,ORD03896,15-11-2025,WEST,CUST1383,Home Office,Furniture,Printer,10,999,0.1,8991,941.18
3897,ORD03897,20-10-2025,West,CUST2863,Corporate,Electronics,Chair,6,799,0.05,4554.3,885.39
3898,ORD03898,02-02-2025,South,CUST2249,Consumer,Office Supplies,Laptop,5,299,0.15,1270.75,236.5
3899,ORD03899,08-07-2025,north,,Home Office,Furniture,Desk,2,999,0.1,1798.2,506.96
3900,ORD03900,01-08-2024,East,,Consumer,Electronics,Phone,1,,0.1,134.1,21.6
3901,ORD03901,01-04-2024,WEST,,Corporate,Furniture,Desk,3,199,,597,162.13
3902,ORD03902,26-01-2024,WEST,,Consumer,Office Supplies,Phone,1,999,,999,108.18
3903,ORD03903,12-07-2025,North,,Consumer,Furniture,Monitor,3,199,0.15,507.45,83.03
3904,ORD03904,19-10-2025,WEST,,Home Office,Electronics,Desk,1,149,0,149,38.23
3905,ORD03905,28-06-2024,WEST,,Corporate,Electronics,Headphones,6,799,,4794,411.04
3906,ORD03906,04-07-2024,West,,Consumer,Furniture,Monitor,9,149,0.15,1139.85,272.34
3907,ORD03907,03-08-2024,East,CUST1065,Home Office,Office Supplies,Monitor,2,999,,1998,531.18
3908,ORD03908,26-12-2025,north,,Consumer,Electronics,Phone,5,999,0.05,4745.25,1083.63
3909,ORD03909,15-08-2024,South,CUST2489,Home Office,Furniture,Monitor,4,299,0.1,1076.4,113.46
3910,ORD03910,28-05-2024,East,CUST2257,Corporate,Electronics,Tablet,6,299,0.15,1524.9,316.7
3911,ORD03911,03-04-2024,East,,Corporate,Office Supplies,Chair,9,199,,1791,349.63
3912,ORD03912,27-06-2024,West,,Home Office,Office Supplies,Desk,3,299,0.15,762.45,124.21
3913,ORD03913,04-11-2025,East,,Corporate,Furniture,Phone,2,149,0.05,283.1,63.28
3914,ORD03914,17-12-2025,West,CUST1872,Corporate,Electronics,Tablet,9,799,,7191,716.08
3915,ORD03915,03-01-2024,East,CUST2246,Home Office,Office Supplies,Chair,4,99,0.1,356.4,77.81
3916,ORD03916,16-03-2025,West,,Consumer,Office Supplies,Desk,1,499,0,499,134.02
3917,ORD03917,19-10-2024,East,,Consumer,Electronics,Desk,9,149,0.1,1206.9,317.77
3918,ORD03918,30-01-2024,South,,Consumer,Furniture,Printer,9,499,0.1,4041.9,512.69
3919,ORD03919,03-05-2024,North,CUST2735,Consumer,Electronics,Phone,1,149,0.05,141.55,33.28
3920,ORD03920,19-09-2025,West,,Consumer,Furniture,Chair,10,99,0.1,891,106.25
3921,ORD03921,11-03-2024,north,,Consumer,Furniture,Chair,10,999,0,9990,1795.52
3922,ORD03922,19-04-2025,north,,Consumer,Electronics,Laptop,8,,0.15,1013.2,292.46
3923,ORD03923,07-05-2024,West,,Corporate,Electronics,Chair,9,149,0.15,1139.85,316.15
3924,ORD03924,08-02-2024,West,,Home Office,Electronics,Laptop,6,149,0.15,759.9,58.77
3925,ORD03925,21-09-2025,East,,Corporate,Furniture,Tablet,9,149,0,1341,336.25
3926,ORD03926,23-06-2024,North,CUST2223,Consumer,Furniture,Laptop,5,499,0.15,2120.75,235.33
3927,ORD03927,21-08-2025,South,,Consumer,Furniture,Chair,2,99,,198,29.19
3928,ORD03928,17-02-2024,WEST,,Corporate,Electronics,Laptop,1,999,,999,174.15
3929,ORD03929,08-08-2024,North,CUST2387,Consumer,Electronics,Printer,3,799,,2397,384.39
3930,ORD03930,21-12-2024,South,CUST1587,Home Office,Electronics,Desk,8,199,0.05,1512.4,242.56
3931,ORD03931,18-07-2024,West,CUST2510,Consumer,Electronics,Phone,5,99,0.05,470.25,71.29
3932,ORD03932,28-03-2025,East,CUST1766,Corporate,Office Supplies,Monitor,7,299,0,2093,607.77
3933,ORD03933,04-03-2024,South,,Consumer,Furniture,Monitor,5,499,0,2495,552.92
3934,ORD03934,27-02-2025,North,,Consumer,Office Supplies,Desk,1,,,299,18.25
3935,ORD03935,08-12-2025,WEST,CUST2730,Corporate,Electronics,Laptop,7,99,0.05,658.35,174.59
3936,ORD03936,27-09-2025,West,,Consumer,Electronics,Printer,6,149,0,894,143.47
3937,ORD03937,24-04-2025,South,,Home Office,Office Supplies,Chair,10,499,0,4990,1268.61
3938,ORD03938,11-02-2024,north,CUST2251,Home Office,Office Supplies,Headphones,8,,0,3992,733
3939,ORD03939,05-03-2024,South,,Home Office,Electronics,Laptop,6,99,0.1,534.6,141.75
3940,ORD03940,20-03-2025,north,CUST1926,Home Office,Office Supplies,Chair,1,99,0.15,84.15,17.86
3941,ORD03941,25-04-2025,north,,Consumer,Electronics,Phone,3,99,0.05,282.15,75.14
3942,ORD03942,07-06-2025,East,CUST2660,Home Office,Furniture,Headphones,,99,0.05,94.05,10.43
3943,ORD03943,14-05-2024,East,,Consumer,Furniture,Headphones,7,499,0.15,2969.05,418.24
3944,ORD03944,12-10-2024,East,CUST2102,Consumer,Furniture,Printer,10,199,0.1,1791,446.67
3945,ORD03945,20-12-2025,North,,Consumer,Furniture,Printer,8,149,0.1,1072.8,139.13
3946,ORD03946,10-07-2024,South,CUST1871,Corporate,Furniture,Monitor,8,199,0,1592,398.23
3947,ORD03947,23-12-2025,north,CUST2147,Corporate,Furniture,Desk,3,499,,1497,390.32
3948,ORD03948,18-12-2024,WEST,CUST1280,Consumer,Electronics,Tablet,3,149,0.1,402.3,100.31
3949,ORD03949,19-10-2025,South,,Consumer,Furniture,Laptop,10,299,,2990,211.54
3950,ORD03950,02-08-2024,West,,Corporate,Furniture,Laptop,5,299,0.1,1345.5,388.36
3951,ORD03951,31-10-2025,East,,Home Office,Electronics,Laptop,9,149,,1341,374.35
3952,ORD03952,19-09-2025,North,,Consumer,Furniture,Printer,4,199,,796,108.59
3953,ORD03953,14-04-2024,WEST,CUST1555,Home Office,Electronics,Tablet,6,799,0,4794,1025.38
3954,ORD03954,18-02-2024,South,,Home Office,Furniture,Laptop,8,499,0.05,3792.4,599.91
3955,ORD03955,05-11-2025,West,,Home Office,Office Supplies,Phone,6,,0.05,564.3,64.54
3956,ORD03956,15-10-2025,East,,Consumer,Office Supplies,Monitor,8,149,0.1,1072.8,190.71
3957,ORD03957,24-01-2024,West,CUST1189,Home Office,Office Supplies,Headphones,5,99,,495,44.39
3958,ORD03958,09-05-2025,North,,Consumer,Office Supplies,Phone,9,299,0.05,2556.45,504.61
3959,ORD03959,26-09-2025,East,,Corporate,Electronics,Headphones,2,999,0.05,1898.1,162.8
3960,ORD03960,02-10-2025,West,CUST2672,Corporate,Office Supplies,Tablet,4,199,0.05,756.2,73.74
3961,ORD03961,12-07-2025,South,,Home Office,Electronics,Phone,4,999,0.15,3396.6,839.85
3962,ORD03962,17-05-2025,East,,Corporate,Office Supplies,Tablet,6,299,0.05,1704.3,107.64
3963,ORD03963,13-04-2025,South,,Corporate,Electronics,Phone,10,99,,990,162.55
3964,ORD03964,04-07-2024,West,,Home Office,Office Supplies,Laptop,10,199,0.15,1691.5,319.85
3965,ORD03965,24-05-2024,North,CUST2339,Home Office,Electronics,Chair,1,99,0.15,84.15,21.43
3966,ORD03966,21-08-2024,East,,Corporate,Electronics,Desk,6,999,0,5994,368.14
3967,ORD03967,11-01-2024,North,,Corporate,Electronics,Monitor,10,99,0.15,841.5,117.01
3968,ORD03968,20-11-2024,East,,Home Office,Office Supplies,Chair,6,299,0.15,1524.9,131.1
3969,ORD03969,08-10-2025,north,,Consumer,Furniture,Headphones,9,499,0.05,4266.45,964.81
3970,ORD03970,02-03-2025,East,,Consumer,Office Supplies,Chair,5,99,0.15,420.75,96.16
3971,ORD03971,12-09-2025,South,,Home Office,Electronics,Tablet,5,999,0.1,4495.5,797.43
3972,ORD03972,09-07-2025,North,,Home Office,Office Supplies,Phone,4,199,,796,122.68
3973,ORD03973,04-02-2025,WEST,CUST2004,Consumer,Furniture,Monitor,9,499,0.05,4266.45,1016.11
3974,ORD03974,09-06-2025,West,,Consumer,Electronics,Desk,1,299,0.05,284.05,20.13
3975,ORD03975,15-07-2024,north,CUST1033,Corporate,Furniture,Phone,5,99,0.1,445.5,128.26
3976,ORD03976,01-04-2025,South,,Home Office,Office Supplies,Headphones,5,999,0.1,4495.5,1314.75
3977,ORD03977,24-08-2025,north,,Consumer,Furniture,Chair,7,799,,5593,1656.21
3978,ORD03978,25-06-2024,north,,Corporate,Furniture,Chair,8,199,0.1,1432.8,394.19
3979,ORD03979,28-08-2024,WEST,,Consumer,Office Supplies,Phone,9,799,0.05,6831.45,1185.54
3980,ORD03980,11-07-2025,North,,Consumer,Office Supplies,Headphones,10,999,0.1,8991,2333.4
3981,ORD03981,03-09-2025,North,,Home Office,Office Supplies,Headphones,1,199,0.1,179.1,24.84
3982,ORD03982,07-08-2024,WEST,CUST2451,Consumer,Electronics,Desk,,,0.05,1420.25,314.82
3983,ORD03983,08-01-2025,East,,Consumer,Furniture,Tablet,3,799,0.05,2277.15,371.52
3984,ORD03984,14-10-2025,WEST,,Corporate,Office Supplies,Chair,3,299,0.05,852.15,56.67
3985,ORD03985,24-04-2025,North,,Home Office,Office Supplies,Printer,10,799,0.05,7590.5,621.54
3986,ORD03986,14-03-2025,WEST,,Home Office,Electronics,Monitor,7,199,,1393,304.55
3987,ORD03987,24-01-2024,South,,Consumer,Office Supplies,Phone,7,199,0.1,1253.7,221.45
3988,ORD03988,08-03-2024,north,,Home Office,Furniture,Phone,9,999,0,8991,2178.63
3989,ORD03989,04-01-2025,East,,Corporate,Electronics,Laptop,5,299,,1495,224.3
3990,ORD03990,15-09-2024,West,,Consumer,Electronics,Phone,4,149,0,596,40.29
3991,ORD03991,13-01-2024,East,,Consumer,Office Supplies,Desk,2,799,0.05,1518.1,183.1
3992,ORD03992,18-04-2024,South,,Home Office,Office Supplies,Phone,3,499,0.05,1422.15,388.3
3993,ORD03993,08-09-2024,West,,Corporate,Office Supplies,Chair,6,499,0.15,2544.9,746.34
3994,ORD03994,21-08-2024,South,CUST2623,Consumer,Electronics,Printer,7,299,0.1,1883.7,360.85
3995,ORD03995,12-09-2024,West,,Consumer,Electronics,Headphones,7,499,,3493,819.41
3996,ORD03996,01-08-2025,north,,Home Office,Electronics,Chair,6,799,,4794,691.78
3997,ORD03997,05-12-2024,north,,Home Office,Office Supplies,Phone,9,149,0.05,1273.95,168.6
3998,ORD03998,04-03-2025,north,CUST1413,Home Office,Electronics,Monitor,7,499,0.05,3318.35,305.3
3999,ORD03999,24-07-2024,North,,Consumer,Office Supplies,Printer,2,999,0,1998,406.87
4000,ORD04000,16-03-2025,WEST,,Home Office,Furniture,Desk,1,799,0.1,719.1,211.97
4001,ORD04001,18-03-2024,East,,Home Office,Office Supplies,Monitor,3,799,,2397,416.81
4002,ORD04002,10-01-2024,North,,Home Office,Electronics,Phone,1,799,0,799,77.33
4003,ORD04003,23-05-2024,West,,Consumer,Office Supplies,Tablet,4,99,0,396,33.85
4004,ORD04004,14-05-2025,West,,Home Office,Furniture,Tablet,4,99,,396,49.06
4005,ORD04005,05-05-2024,WEST,CUST1278,Corporate,Office Supplies,Phone,2,799,0.1,1438.2,331.09
4006,ORD04006,17-08-2025,WEST,CUST2056,Home Office,Furniture,Phone,10,799,0,7990,506.76
4007,ORD04007,18-07-2025,West,,Consumer,Electronics,Headphones,9,999,0.05,8541.45,1552.96
4008,ORD04008,13-02-2025,South,,Corporate,Office Supplies,Monitor,1,499,0.1,449.1,87.04
4009,ORD04009,31-01-2025,WEST,,Consumer,Electronics,Laptop,1,499,,499,147.81
4010,ORD04010,30-08-2024,East,CUST2275,Home Office,Furniture,Tablet,9,99,0.15,757.35,82.77
4011,ORD04011,12-05-2025,WEST,CUST2764,Corporate,Furniture,Headphones,4,499,0.15,1696.6,200.64
4012,ORD04012,03-02-2024,South,CUST1547,Consumer,Furniture,Chair,4,499,0,1996,275.62
4013,ORD04013,15-08-2024,South,,Consumer,Electronics,Desk,10,149,0.1,1341,250.4
4014,ORD04014,22-01-2024,South,,Consumer,Furniture,Tablet,2,499,,998,202.62
4015,ORD04015,06-10-2025,north,,Home Office,Electronics,Tablet,4,999,0.1,3596.4,469.27
4016,ORD04016,29-06-2025,West,CUST2367,Consumer,Office Supplies,Desk,3,299,0.05,852.15,129.18
4017,ORD04017,15-10-2024,north,,Corporate,Office Supplies,Printer,9,,0.1,4041.9,770.91
4018,ORD04018,15-12-2025,WEST,CUST1115,Corporate,Furniture,Tablet,9,199,0,1791,378.32
4019,ORD04019,29-07-2024,East,,Corporate,Electronics,Desk,,199,,1990,500.34
4020,ORD04020,09-01-2024,West,,Home Office,Electronics,Laptop,3,99,0.15,252.45,27.57
4021,ORD04021,24-12-2024,East,,Home Office,Furniture,Monitor,7,99,0.1,623.7,172.54
4022,ORD04022,28-06-2025,WEST,,Corporate,Furniture,Laptop,1,99,0.15,84.15,17.67
4023,ORD04023,16-03-2024,north,,Corporate,Electronics,Desk,1,499,0,499,52.81
4024,ORD04024,04-02-2024,West,,Corporate,Electronics,Monitor,4,999,0.15,3396.6,1000.83
4025,ORD04025,01-10-2025,WEST,,Consumer,Furniture,Laptop,5,199,0.15,845.75,104.29
4026,ORD04026,29-05-2025,North,,Corporate,Office Supplies,Chair,9,99,,891,186.53
4027,ORD04027,01-08-2024,East,CUST2652,Consumer,Electronics,Laptop,9,149,0.1,1206.9,313.92
4028,ORD04028,07-09-2024,West,,Consumer,Office Supplies,Tablet,9,199,,1791,385.41
4029,ORD04029,06-10-2024,north,,Corporate,Electronics,Phone,,299,,2093,343.99
4030,ORD04030,13-12-2025,East,,Consumer,Electronics,Printer,10,999,0.15,8491.5,2059.54
4031,ORD04031,18-12-2024,West,CUST2700,Consumer,Furniture,Phone,6,149,0.05,849.3,140.79
4032,ORD04032,08-08-2024,South,,Corporate,Furniture,Phone,6,499,,2994,734.9
4033,ORD04033,27-11-2025,East,,Consumer,Office Supplies,Desk,9,99,0.15,757.35,124.92
4034,ORD04034,22-12-2025,North,,Consumer,Electronics,Printer,7,299,0.1,1883.7,118.82
4035,ORD04035,09-10-2024,north,CUST2086,Consumer,Office Supplies,Chair,1,799,0,799,138.86
4036,ORD04036,29-01-2024,West,,Home Office,Furniture,Chair,4,499,0,1996,531.22
4037,ORD04037,03-10-2024,WEST,CUST2642,Home Office,Furniture,Chair,9,799,0.15,6112.35,858.95
4038,ORD04038,13-07-2025,West,,Corporate,Electronics,Monitor,8,999,,7992,1577.64
4039,ORD04039,02-11-2024,West,,Home Office,Electronics,Monitor,3,199,,597,70.04
4040,ORD04040,07-06-2025,north,CUST1402,Consumer,Office Supplies,Chair,2,299,0.15,508.3,60.3
4041,ORD04041,09-11-2024,South,,Corporate,Electronics,Headphones,4,499,0.05,1896.2,357.69
4042,ORD04042,20-11-2024,North,,Consumer,Furniture,Phone,8,99,,792,179.28
4043,ORD04043,01-12-2025,West,,Home Office,Electronics,Tablet,6,499,0.1,2694.6,748.48
4044,ORD04044,01-09-2025,West,CUST1061,Home Office,Furniture,Chair,2,999,,1998,184.69
4045,ORD04045,19-10-2025,WEST,,Corporate,Office Supplies,Headphones,8,499,0.1,3592.8,597.28
4046,ORD04046,01-03-2024,West,,Corporate,Electronics,Chair,8,499,0,3992,520.83
4047,ORD04047,08-01-2024,WEST,CUST2892,Home Office,Electronics,Phone,2,199,0,398,74.49
4048,ORD04048,08-12-2025,North,,Corporate,Office Supplies,Headphones,10,99,0,990,144.81
4049,ORD04049,21-05-2024,West,,Consumer,Electronics,Phone,8,999,0,7992,1745.61
4050,ORD04050,26-11-2025,north,,Consumer,Office Supplies,Headphones,6,799,0,4794,949.13
4051,ORD04051,14-04-2024,North,,Home Office,Furniture,Monitor,2,99,0,198,40.54
4052,ORD04052,21-01-2025,north,,Corporate,Office Supplies,Tablet,6,299,,1794,313.75
4053,ORD04053,15-10-2025,WEST,,Home Office,Electronics,Tablet,9,149,0,1341,332.19
4054,ORD04054,22-05-2024,north,,Consumer,Furniture,Laptop,9,499,,4491,794
4055,ORD04055,06-06-2025,West,CUST2462,Consumer,Electronics,Headphones,3,999,0.15,2547.45,566.74
4056,ORD04056,01-11-2025,South,,Corporate,Furniture,Chair,5,799,0,3995,749.97
4057,ORD04057,12-12-2025,East,,Home Office,Furniture,Desk,8,199,,1592,391.58
4058,ORD04058,05-12-2025,WEST,,Corporate,Electronics,Monitor,7,499,,3493,232.95
4059,ORD04059,15-09-2024,East,,Corporate,Office Supplies,Laptop,2,999,0,1998,363.29
4060,ORD04060,15-04-2024,north,CUST2339,Home Office,Electronics,Laptop,4,149,,596,41.14
4061,ORD04061,26-08-2024,WEST,,Consumer,Office Supplies,Monitor,6,799,,4794,1012.91
4062,ORD04062,29-06-2024,north,,Corporate,Electronics,Phone,5,499,0.15,2120.75,305.38
4063,ORD04063,06-06-2025,North,,Corporate,Office Supplies,Tablet,10,99,0.05,940.5,225.96
4064,ORD04064,09-10-2024,north,,Corporate,Electronics,Headphones,8,299,0.15,2033.2,422.25
4065,ORD04065,16-07-2025,North,,Consumer,Office Supplies,Tablet,7,199,0.1,1253.7,221.48
4066,ORD04066,20-09-2025,North,,Corporate,Office Supplies,Headphones,2,199,0.05,378.1,97.8
4067,ORD04067,05-05-2025,South,,Corporate,Electronics,Chair,7,199,0.05,1323.35,191.25
4068,ORD04068,22-03-2024,East,,Corporate,Furniture,Phone,5,99,0.15,420.75,81.92
4069,ORD04069,14-06-2025,north,CUST1399,Home Office,Office Supplies,Desk,10,499,0.1,4491,270.4
4070,ORD04070,06-12-2025,North,,Home Office,Office Supplies,Tablet,2,499,0,998,114.07
4071,ORD04071,11-09-2025,South,CUST1159,Home Office,Furniture,Laptop,4,499,0.1,1796.4,490.04
4072,ORD04072,13-09-2024,north,,Home Office,Electronics,Tablet,3,99,,297,85.44
4073,ORD04073,28-07-2025,north,,Corporate,Furniture,Headphones,3,149,0.15,379.95,73.21
4074,ORD04074,06-06-2025,East,CUST1903,Consumer,Furniture,Phone,6,299,0.1,1614.6,386.89
4075,ORD04075,20-12-2024,East,CUST2814,Home Office,Office Supplies,Desk,1,149,0,149,36.51
4076,ORD04076,30-07-2025,north,,Consumer,Furniture,Desk,4,149,,596,139.83
4077,ORD04077,08-04-2024,South,,Home Office,Furniture,Chair,4,299,0.05,1136.2,195.44
4078,ORD04078,02-12-2024,South,,Home Office,Office Supplies,Laptop,7,499,0.1,3143.7,303.49
4079,ORD04079,01-10-2025,South,,Corporate,Electronics,Desk,5,999,0,4995,1327.57
4080,ORD04080,02-02-2024,north,,Consumer,Furniture,Chair,7,799,0.05,5313.35,1345.17
4081,ORD04081,05-06-2024,North,,Home Office,Electronics,Tablet,9,799,0.1,6471.9,698.72
4082,ORD04082,12-08-2025,West,,Home Office,Furniture,Chair,5,199,0,995,55.39
4083,ORD04083,14-03-2024,South,,Home Office,Office Supplies,Headphones,4,149,0,596,58.68
4084,ORD04084,01-09-2024,WEST,CUST2074,Corporate,Office Supplies,Phone,6,149,0.05,849.3,170.62
4085,ORD04085,15-04-2024,East,,Home Office,Office Supplies,Chair,7,199,0.1,1253.7,262.39
4086,ORD04086,23-12-2025,WEST,,Corporate,Furniture,Tablet,6,499,,2994,366.22
4087,ORD04087,22-12-2025,North,CUST1900,Corporate,Electronics,Headphones,9,199,0,1791,177.15
4088,ORD04088,24-08-2024,North,,Home Office,Office Supplies,Tablet,3,199,0,597,136.14
4089,ORD04089,05-01-2025,WEST,,Corporate,Furniture,Chair,1,799,0.05,759.05,182.02
4090,ORD04090,27-04-2025,South,,Consumer,Electronics,Laptop,9,299,0.05,2556.45,485.4
4091,ORD04091,04-01-2024,north,,Consumer,Furniture,Phone,6,999,0.15,5094.9,1168.09
4092,ORD04092,05-08-2024,North,CUST1925,Corporate,Electronics,Printer,6,499,0.05,2844.3,166.63
4093,ORD04093,14-07-2025,WEST,,Corporate,Furniture,Headphones,5,99,0,495,130.14
4094,ORD04094,20-04-2025,WEST,,Home Office,Electronics,Tablet,1,299,0,299,29.63
4095,ORD04095,03-11-2025,North,CUST2555,Home Office,Furniture,Chair,10,99,0.05,940.5,111.83
4096,ORD04096,15-08-2025,East,,Consumer,Electronics,Chair,9,99,0,891,182.65
4097,ORD04097,26-07-2025,WEST,,Home Office,Office Supplies,Desk,7,299,0,2093,181.72
4098,ORD04098,16-07-2024,East,,Corporate,Electronics,Desk,3,299,0,897,228.46
4099,ORD04099,11-06-2024,north,,Home Office,Office Supplies,Monitor,1,99,,99,11.61
4100,ORD04100,12-11-2025,North,,Home Office,Furniture,Tablet,7,299,0,2093,556.8
4101,ORD04101,18-02-2025,North,CUST1742,Consumer,Office Supplies,Monitor,9,999,0.05,8541.45,607.94
4102,ORD04102,07-04-2025,South,CUST2580,Home Office,Electronics,Phone,10,199,0.1,1791,482.12
4103,ORD04103,08-03-2025,South,CUST1454,Corporate,Furniture,Chair,5,99,0,495,88.76
4104,ORD04104,04-04-2025,South,,Home Office,Electronics,Tablet,7,99,0.05,658.35,179.06
4105,ORD04105,02-05-2025,WEST,,Corporate,Office Supplies,Headphones,9,299,0.15,2287.35,479.94
4106,ORD04106,18-03-2025,South,,Home Office,Office Supplies,Printer,10,799,0,7990,1701.37
4107,ORD04107,09-12-2024,North,,Home Office,Office Supplies,Headphones,10,199,0.15,1691.5,356.3
4108,ORD04108,13-10-2024,East,,Corporate,Furniture,Laptop,9,149,0.15,1139.85,246.37
4109,ORD04109,22-07-2024,north,,Corporate,Electronics,Chair,6,299,,1794,328.29
4110,ORD04110,26-06-2025,South,CUST2960,Consumer,Electronics,Tablet,8,499,0.1,3592.8,1029.93
4111,ORD04111,18-01-2025,East,,Corporate,Electronics,Desk,6,99,0.1,534.6,87.35
4112,ORD04112,24-11-2024,North,,Corporate,Office Supplies,Printer,7,299,,2093,139.24
4113,ORD04113,06-05-2025,North,,Corporate,Electronics,Monitor,10,499,0,4990,329.34
4114,ORD04114,06-03-2024,South,CUST2601,Corporate,Electronics,Chair,10,199,0.15,1691.5,357.71
4115,ORD04115,27-01-2025,north,,Consumer,Electronics,Phone,8,499,0.1,3592.8,229.22
4116,ORD04116,10-03-2024,north,CUST1201,Corporate,Office Supplies,Printer,10,,0.1,1791,145.09
4117,ORD04117,03-08-2024,East,,Consumer,Office Supplies,Printer,5,149,0.05,707.75,174.62
4118,ORD04118,18-03-2024,West,CUST2778,Home Office,Electronics,Tablet,4,299,,1196,219.04
4119,ORD04119,08-01-2025,north,,Corporate,Furniture,Monitor,10,999,0.1,8991,1617.85
4120,ORD04120,21-01-2025,north,,Corporate,Furniture,Chair,1,799,,799,76.98
4121,ORD04121,14-04-2024,WEST,,Consumer,Furniture,Phone,3,999,0.15,2547.45,535.38
4122,ORD04122,27-11-2025,WEST,,Home Office,Electronics,Chair,6,299,0,1794,454.77
4123,ORD04123,30-11-2024,North,,Home Office,Office Supplies,Desk,8,499,0.05,3792.4,950.48
4124,ORD04124,22-04-2024,WEST,,Consumer,Electronics,Printer,10,99,0,990,208.04
4125,ORD04125,28-10-2024,North,CUST1920,Home Office,Office Supplies,Monitor,5,99,0.1,445.5,77.48
4126,ORD04126,24-07-2024,North,,Home Office,Office Supplies,Laptop,8,199,0.15,1353.2,354.32
4127,ORD04127,28-03-2024,North,,Home Office,Electronics,Laptop,6,199,0.1,1074.6,57.16
4128,ORD04128,28-03-2025,north,CUST2509,Consumer,Office Supplies,Phone,2,,0.15,508.3,56.13
4129,ORD04129,30-05-2024,West,,Corporate,Furniture,Headphones,4,99,0.15,336.6,18.71
4130,ORD04130,26-09-2025,South,,Consumer,Office Supplies,Phone,8,99,,792,65.8
4131,ORD04131,20-12-2025,North,,Consumer,Office Supplies,Phone,4,99,0.15,336.6,17.07
4132,ORD04132,27-01-2025,West,CUST1820,Home Office,Electronics,Monitor,8,149,0.1,1072.8,71.41
4133,ORD04133,13-03-2024,South,,Home Office,Furniture,Laptop,3,199,0.05,567.15,124.63
4134,ORD04134,13-05-2025,West,,Corporate,Office Supplies,Phone,8,999,0.15,6793.2,716.47
4135,ORD04135,28-09-2024,North,,Consumer,Electronics,Printer,7,299,0.05,1988.35,471.75
4136,ORD04136,15-07-2024,South,,Home Office,Office Supplies,Headphones,6,999,,5994,628.53
4137,ORD04137,11-09-2024,West,,Consumer,Electronics,Monitor,2,99,0,198,37.61
4138,ORD04138,29-05-2025,North,,Home Office,Office Supplies,Printer,8,799,,6392,1355
4139,ORD04139,19-03-2025,South,CUST1810,Consumer,Electronics,Chair,1,299,0.15,254.15,41.34
4140,ORD04140,15-06-2025,West,,Corporate,Office Supplies,Printer,7,799,0.15,4754.05,1004.96
4141,ORD04141,11-01-2025,West,,Home Office,Electronics,Laptop,6,199,0.15,1014.9,126.98
4142,ORD04142,02-03-2025,WEST,,Consumer,Electronics,Laptop,9,149,0.1,1206.9,324.64
4143,ORD04143,21-12-2025,South,CUST2029,Home Office,Office Supplies,Desk,3,149,0.05,424.65,105.12
4144,ORD04144,06-03-2025,West,,Corporate,Electronics,Desk,6,149,0.05,849.3,152.44
4145,ORD04145,19-09-2024,South,,Home Office,Office Supplies,Tablet,3,799,0.05,2277.15,118.05
4146,ORD04146,25-04-2025,East,,Home Office,Office Supplies,Phone,10,499,0.15,4241.5,523.35
4147,ORD04147,29-08-2025,North,,Corporate,Electronics,Chair,,499,0.15,1696.6,420.4
4148,ORD04148,02-11-2024,north,,Corporate,Furniture,Printer,3,199,0.15,507.45,76.86
4149,ORD04149,08-08-2024,East,,Consumer,Office Supplies,Printer,9,299,0.1,2421.9,211.41
4150,ORD04150,21-03-2024,West,CUST2892,Consumer,Furniture,Desk,9,99,0.1,801.9,130.85
4151,ORD04151,29-02-2024,East,,Corporate,Office Supplies,Headphones,4,149,0.15,506.6,95.88
4152,ORD04152,28-07-2025,West,CUST1460,Consumer,Office Supplies,Printer,10,99,,990,286.11
4153,ORD04153,14-08-2024,South,,Home Office,Office Supplies,Printer,9,99,0,891,70.4
4154,ORD04154,29-05-2024,north,,Consumer,Electronics,Desk,2,,0.05,1898.1,405.49
4155,ORD04155,11-02-2025,North,,Home Office,Furniture,Chair,3,299,0.05,852.15,132.28
4156,ORD04156,05-11-2024,East,CUST1366,Consumer,Furniture,Headphones,7,299,0.15,1779.05,457.81
4157,ORD04157,29-04-2025,WEST,CUST2438,Home Office,Electronics,Monitor,8,,0.1,1072.8,137.45
4158,ORD04158,03-12-2025,South,,Home Office,Furniture,Headphones,4,99,0,396,24.84
4159,ORD04159,09-03-2024,North,,Consumer,Office Supplies,Desk,3,149,0.1,402.3,45.51
4160,ORD04160,06-09-2025,north,,Corporate,Electronics,Tablet,9,149,0.15,1139.85,186.72
4161,ORD04161,23-11-2024,WEST,,Home Office,Electronics,Monitor,7,499,0.1,3143.7,266.16
4162,ORD04162,21-11-2025,West,,Consumer,Electronics,Headphones,7,999,0.1,6293.7,1746.46
4163,ORD04163,11-09-2025,South,,Home Office,Office Supplies,Printer,3,499,0.15,1272.45,176.32
4164,ORD04164,22-08-2024,North,,Home Office,Office Supplies,Laptop,2,149,0.15,253.3,44.22
4165,ORD04165,20-04-2024,South,,Home Office,Electronics,Desk,10,999,0.1,8991,2639.34
4166,ORD04166,15-07-2024,West,CUST1424,Home Office,Office Supplies,Chair,7,999,0.1,6293.7,981.95
4167,ORD04167,27-06-2025,north,CUST2862,Consumer,Electronics,Monitor,6,99,0.1,534.6,102.69
4168,ORD04168,23-01-2024,WEST,,Corporate,Electronics,Chair,8,99,0,792,196.41
4169,ORD04169,20-08-2024,North,CUST2934,Home Office,Furniture,Monitor,10,799,0.05,7590.5,2204.31
4170,ORD04170,28-06-2024,North,,Home Office,Electronics,Laptop,2,999,0.05,1898.1,196.11
4171,ORD04171,16-03-2024,West,,Home Office,Furniture,Desk,7,799,,5593,323.48
4172,ORD04172,29-08-2025,South,,Consumer,Office Supplies,Desk,3,99,0.15,252.45,43.42
4173,ORD04173,05-10-2025,West,CUST2495,Consumer,Furniture,Desk,7,999,0.05,6643.35,972.38
4174,ORD04174,10-09-2024,West,,Consumer,Furniture,Desk,8,499,0.05,3792.4,315.08
4175,ORD04175,01-10-2024,WEST,,Home Office,Office Supplies,Phone,7,199,,1393,318.9
4176,ORD04176,13-12-2025,WEST,,Home Office,Electronics,Chair,2,999,0.1,1798.2,115.62
4177,ORD04177,19-03-2025,South,,Consumer,Furniture,Tablet,4,499,0.15,1696.6,431.4
4178,ORD04178,02-10-2024,WEST,,Consumer,Electronics,Desk,5,999,0.15,4245.75,403.58
4179,ORD04179,23-12-2025,WEST,CUST2534,Consumer,Office Supplies,Chair,4,149,0,596,116.07
4180,ORD04180,16-01-2025,north,CUST2737,Home Office,Electronics,Tablet,,199,,1592,362.57
4181,ORD04181,27-06-2025,WEST,,Home Office,Electronics,Printer,10,999,0.1,8991,1228.42
4182,ORD04182,22-03-2025,North,,Consumer,Furniture,Printer,4,299,,1196,83.93
4183,ORD04183,13-05-2025,East,CUST2482,Consumer,Electronics,Printer,10,499,0.15,4241.5,820.84
4184,ORD04184,31-08-2024,north,CUST2945,Consumer,Electronics,Desk,3,99,0.15,252.45,21.73
4185,ORD04185,13-12-2025,South,,Corporate,Furniture,Desk,9,499,0,4491,238.88
4186,ORD04186,24-12-2024,north,,Consumer,Office Supplies,Tablet,9,799,,7191,2084.52
4187,ORD04187,19-11-2025,South,,Consumer,Furniture,Laptop,5,199,,995,53.78
4188,ORD04188,23-08-2025,West,,Corporate,Office Supplies,Chair,7,499,0.1,3143.7,368.85
4189,ORD04189,10-12-2025,WEST,,Corporate,Furniture,Phone,10,499,0,4990,1275.19
4190,ORD04190,19-04-2024,West,,Consumer,Electronics,Monitor,4,999,,3996,1113.92
4191,ORD04191,11-06-2025,north,,Consumer,Furniture,Headphones,4,799,0.1,2876.4,787.43
4192,ORD04192,24-12-2025,South,,Home Office,Office Supplies,Phone,8,199,0.05,1512.4,293.71
4193,ORD04193,16-11-2024,South,,Consumer,Electronics,Headphones,6,799,0.05,4554.3,964.45
4194,ORD04194,12-04-2025,South,CUST2718,Consumer,Electronics,Tablet,8,999,,7992,2211.61
4195,ORD04195,05-04-2025,South,CUST2647,Corporate,Electronics,Chair,9,999,0.1,8091.9,442.69
4196,ORD04196,14-06-2024,WEST,,Corporate,Electronics,Headphones,7,149,,1043,246.29
4197,ORD04197,29-06-2024,West,CUST2494,Consumer,Furniture,Tablet,,999,0,9990,732.04
4198,ORD04198,17-11-2024,South,,Corporate,Office Supplies,Monitor,3,499,0.15,1272.45,244.96
4199,ORD04199,19-07-2024,East,CUST1217,Corporate,Furniture,Printer,3,,0.1,402.3,57.76
4200,ORD04200,03-10-2024,North,,Home Office,Electronics,Printer,4,99,0.15,336.6,27.91
4201,ORD04201,20-03-2024,North,,Consumer,Office Supplies,Phone,9,149,,1341,251.91
4202,ORD04202,03-12-2025,North,,Consumer,Office Supplies,Headphones,9,99,0.15,757.35,72.84
4203,ORD04203,25-07-2025,WEST,,Consumer,Electronics,Desk,5,499,,2495,286.34
4204,ORD04204,28-04-2025,WEST,,Corporate,Electronics,Laptop,4,199,0.1,716.4,144.39
4205,ORD04205,13-06-2024,North,,Corporate,Electronics,Chair,5,199,0.15,845.75,148.58
4206,ORD04206,08-08-2025,East,CUST1990,Consumer,Furniture,Desk,5,799,0.05,3795.25,298.9
4207,ORD04207,18-11-2024,West,CUST2687,Home Office,Furniture,Tablet,1,799,0.1,719.1,82.78
4208,ORD04208,30-03-2025,South,CUST1894,Consumer,Office Supplies,Chair,3,299,,897,198.67
4209,ORD04209,29-06-2025,north,CUST1060,Consumer,Office Supplies,Chair,4,499,0.1,1796.4,522.65
4210,ORD04210,09-09-2025,West,,Consumer,Furniture,Printer,5,99,0.15,420.75,66.07
4211,ORD04211,22-08-2025,North,,Home Office,Office Supplies,Chair,8,99,,792,118.95
4212,ORD04212,13-03-2024,North,,Home Office,Office Supplies,Tablet,,99,,297,29.61
4213,ORD04213,20-03-2024,West,CUST1164,Corporate,Office Supplies,Chair,6,149,0.05,849.3,155.18
4214,ORD04214,04-02-2024,north,,Consumer,Electronics,Tablet,8,299,,2392,689.99
4215,ORD04215,12-12-2025,South,CUST1581,Home Office,Furniture,Monitor,9,499,0.15,3817.35,817.26
4216,ORD04216,27-10-2024,WEST,CUST2535,Consumer,Furniture,Chair,,499,0,2495,585.45
4217,ORD04217,03-05-2025,West,,Corporate,Office Supplies,Chair,6,199,0.05,1134.3,100.71
4218,ORD04218,13-11-2024,North,CUST2394,Home Office,Furniture,Tablet,9,299,,2691,615.26
4219,ORD04219,09-08-2024,WEST,,Home Office,Electronics,Phone,8,999,,7992,2079.3
4220,ORD04220,31-08-2025,north,,Corporate,Office Supplies,Printer,2,999,0.1,1798.2,197.54
4221,ORD04221,04-01-2024,north,,Home Office,Electronics,Printer,8,199,0.05,1512.4,440.38
4222,ORD04222,01-05-2024,WEST,CUST2691,Home Office,Electronics,Tablet,7,99,0.15,589.05,90.35
4223,ORD04223,12-04-2024,north,,Corporate,Office Supplies,Printer,5,499,0.05,2370.25,397.48
4224,ORD04224,16-08-2024,north,,Consumer,Furniture,Phone,5,99,0,495,118.37
4225,ORD04225,18-06-2024,South,,Corporate,Office Supplies,Monitor,4,149,0,596,177.13
4226,ORD04226,14-09-2024,North,,Consumer,Office Supplies,Desk,1,799,,799,199.77
4227,ORD04227,02-08-2025,South,CUST2554,Home Office,Furniture,Laptop,10,999,0.15,8491.5,1992.91
4228,ORD04228,09-11-2024,North,CUST1590,Home Office,Office Supplies,Headphones,6,199,,1194,117.32
4229,ORD04229,24-06-2024,WEST,,Corporate,Electronics,Tablet,1,299,0.15,254.15,29.03
4230,ORD04230,02-10-2024,north,,Corporate,Office Supplies,Monitor,8,,0.15,3393.2,691.62
4231,ORD04231,25-10-2024,North,CUST1865,Home Office,Electronics,Laptop,1,799,0.15,679.15,185.04
4232,ORD04232,09-06-2024,WEST,CUST1304,Corporate,Electronics,Desk,9,499,0,4491,583.57
4233,ORD04233,12-02-2025,West,,Consumer,Furniture,Headphones,7,199,0.05,1323.35,128.86
4234,ORD04234,20-01-2025,South,,Home Office,Electronics,Tablet,8,99,0,792,104.85
4235,ORD04235,27-05-2025,South,,Consumer,Electronics,Tablet,1,799,0.1,719.1,48.67
4236,ORD04236,19-07-2025,West,CUST1996,Consumer,Office Supplies,Laptop,10,499,0,4990,847.43
4237,ORD04237,07-07-2025,East,,Home Office,Electronics,Headphones,5,299,,1495,232.64
4238,ORD04238,21-12-2025,South,,Corporate,Electronics,Phone,9,99,0.05,846.45,166.68
4239,ORD04239,19-12-2025,East,CUST2557,Home Office,Furniture,Tablet,9,,0.05,6831.45,1112.24
4240,ORD04240,19-03-2024,north,CUST2163,Home Office,Furniture,Chair,6,999,0.1,5394.6,543.6
4241,ORD04241,22-02-2024,WEST,CUST2564,Consumer,Office Supplies,Tablet,8,799,,6392,835.18
4242,ORD04242,07-06-2024,South,,Consumer,Electronics,Chair,5,799,0,3995,429.17
4243,ORD04243,22-02-2025,North,,Home Office,Furniture,Chair,3,799,,2397,152.11
4244,ORD04244,22-03-2025,South,CUST2445,Corporate,Office Supplies,Headphones,8,199,,1592,140.68
4245,ORD04245,18-07-2025,South,,Corporate,Electronics,Laptop,6,149,,894,107.17
4246,ORD04246,19-05-2025,West,CUST2889,Consumer,Office Supplies,Monitor,4,799,0,3196,865.44
4247,ORD04247,14-08-2025,East,CUST2205,Consumer,Furniture,Printer,5,199,0,995,204.71
4248,ORD04248,03-09-2025,South,,Home Office,Furniture,Printer,9,299,,2691,299.66
4249,ORD04249,02-01-2024,North,,Corporate,Furniture,Monitor,3,799,0.1,2157.3,256.79
4250,ORD04250,25-10-2024,North,CUST2596,Home Office,Furniture,Printer,1,199,0,199,29.17
4251,ORD04251,18-04-2025,North,CUST2654,Corporate,Furniture,Printer,2,799,,1598,475.25
4252,ORD04252,27-03-2024,North,,Consumer,Electronics,Chair,10,99,0.15,841.5,67.29
4253,ORD04253,18-08-2025,WEST,CUST2934,Home Office,Electronics,Chair,5,149,,745,149.71
4254,ORD04254,02-08-2025,South,,Consumer,Office Supplies,Printer,1,199,0.1,179.1,12.92
4255,ORD04255,24-06-2025,East,,Home Office,Electronics,Monitor,6,799,,4794,270.2
4256,ORD04256,12-09-2024,West,CUST1591,Home Office,Furniture,Headphones,4,999,0,3996,288.03
4257,ORD04257,13-08-2024,WEST,,Home Office,Furniture,Tablet,4,799,0.05,3036.2,732.62
4258,ORD04258,16-12-2024,WEST,CUST2182,Home Office,Office Supplies,Printer,4,999,0.05,3796.2,211.15
4259,ORD04259,25-03-2025,West,,Consumer,Electronics,Tablet,4,149,0.15,506.6,147.82
4260,ORD04260,04-06-2024,East,,Home Office,Office Supplies,Headphones,5,199,,995,235.56
4261,ORD04261,03-09-2024,north,,Home Office,Electronics,Chair,6,99,,594,38.93
4262,ORD04262,27-07-2025,WEST,CUST1666,Corporate,Electronics,Tablet,7,999,0.1,6293.7,708.19
4263,ORD04263,11-04-2025,North,,Corporate,Electronics,Laptop,9,999,0.1,8091.9,522.22
4264,ORD04264,29-01-2025,North,CUST1895,Corporate,Electronics,Tablet,4,199,0,796,163.2
4265,ORD04265,29-09-2024,North,,Consumer,Office Supplies,Monitor,10,299,0.05,2840.5,759.91
4266,ORD04266,06-01-2024,East,,Home Office,Office Supplies,Printer,6,,0.1,534.6,157.25
4267,ORD04267,07-09-2025,north,,Corporate,Office Supplies,Laptop,10,799,0.1,7191,903.99
4268,ORD04268,19-05-2024,West,,Corporate,Electronics,Tablet,5,149,0,745,133.15
4269,ORD04269,30-08-2024,East,,Corporate,Electronics,Desk,4,199,0.1,716.4,129.33
4270,ORD04270,24-05-2024,WEST,,Corporate,Electronics,Tablet,,199,0.1,1074.6,64.8
4271,ORD04271,27-10-2024,South,,Home Office,Office Supplies,Printer,5,799,0.05,3795.25,936.26
4272,ORD04272,04-08-2024,WEST,CUST2469,Consumer,Furniture,Chair,9,199,0.15,1522.35,97.31
4273,ORD04273,07-02-2024,north,CUST2383,Corporate,Furniture,Desk,3,499,0,1497,441.31
4274,ORD04274,30-11-2025,WEST,,Corporate,Furniture,Desk,5,299,0,1495,272.77
4275,ORD04275,30-05-2024,North,,Home Office,Office Supplies,Headphones,2,799,0.15,1358.3,220.7
4276,ORD04276,14-08-2025,East,,Corporate,Furniture,Chair,10,999,0.15,8491.5,1312.67
4277,ORD04277,08-05-2025,South,,Consumer,Electronics,Desk,7,99,0,693,206.09
4278,ORD04278,11-09-2025,West,,Home Office,Electronics,Laptop,,499,,1996,556.72
4279,ORD04279,10-08-2025,West,,Home Office,Furniture,Tablet,5,149,0.15,633.25,89.65
4280,ORD04280,04-06-2025,East,,Corporate,Electronics,Printer,3,149,,447,120.03
4281,ORD04281,14-09-2025,WEST,CUST2963,Consumer,Furniture,Laptop,4,99,0.1,356.4,93.17
4282,ORD04282,09-05-2025,South,,Consumer,Furniture,Desk,1,299,0.05,284.05,31.03
4283,ORD04283,22-07-2025,East,,Corporate,Office Supplies,Desk,1,799,0.15,679.15,159.07
4284,ORD04284,20-12-2025,North,CUST2146,Consumer,Office Supplies,Printer,1,799,0.05,759.05,192.23
4285,ORD04285,04-04-2024,north,,Corporate,Office Supplies,Laptop,5,99,0,495,44.13
4286,ORD04286,10-06-2025,South,,Home Office,Office Supplies,Laptop,4,149,,596,138.53
4287,ORD04287,05-06-2024,South,,Corporate,Office Supplies,Chair,8,499,0.05,3792.4,689.52
4288,ORD04288,23-01-2025,North,,Home Office,Office Supplies,Desk,1,499,,499,113.02
4289,ORD04289,22-08-2024,WEST,CUST1957,Consumer,Office Supplies,Desk,9,199,0.05,1701.45,214.5
4290,ORD04290,05-07-2025,South,CUST2365,Corporate,Furniture,Phone,2,999,0.15,1698.3,417.19
4291,ORD04291,31-08-2024,North,CUST1720,Consumer,Office Supplies,Chair,9,299,0,2691,362.19
4292,ORD04292,23-04-2025,North,,Consumer,Electronics,Phone,9,199,,1791,229.15
4293,ORD04293,26-02-2025,West,,Home Office,Furniture,Printer,5,199,,995,199.85
4294,ORD04294,28-07-2024,East,,Corporate,Office Supplies,Headphones,10,299,0.1,2691,633.76
4295,ORD04295,28-07-2025,north,,Home Office,Furniture,Monitor,6,299,,1794,187.69
4296,ORD04296,22-03-2025,South,CUST1876,Consumer,Furniture,Desk,1,99,,99,21.74
4297,ORD04297,05-12-2025,East,CUST2346,Home Office,Office Supplies,Printer,8,999,0,7992,2211.86
4298,ORD04298,30-03-2025,West,,Home Office,Office Supplies,Chair,7,99,0.1,623.7,186.88
4299,ORD04299,27-05-2024,north,CUST1837,Home Office,Electronics,Printer,9,99,,891,155.12
4300,ORD04300,17-08-2024,East,,Home Office,Office Supplies,Laptop,8,799,,6392,965.77
4301,ORD04301,06-11-2025,West,CUST1352,Home Office,Office Supplies,Desk,4,499,0.15,1696.6,376.25
4302,ORD04302,22-11-2024,South,CUST1686,Corporate,Office Supplies,Monitor,2,999,0.1,1798.2,485.5
4303,ORD04303,02-10-2024,WEST,,Home Office,Furniture,Headphones,1,199,,199,52.25
4304,ORD04304,17-02-2024,North,,Consumer,Office Supplies,Headphones,2,999,0.05,1898.1,204.55
4305,ORD04305,13-03-2024,North,,Home Office,Electronics,Headphones,9,499,0,4491,819.73
4306,ORD04306,01-12-2025,South,CUST2069,Corporate,Office Supplies,Headphones,9,149,0.1,1206.9,138.32
4307,ORD04307,30-09-2025,South,CUST2664,Corporate,Furniture,Headphones,9,199,0.05,1701.45,322.13
4308,ORD04308,31-07-2024,East,,Corporate,Furniture,Headphones,8,299,0.1,2152.8,578.54
4309,ORD04309,05-02-2025,north,CUST2553,Corporate,Office Supplies,Chair,10,149,0.1,1341,73.85
4310,ORD04310,23-11-2024,South,,Home Office,Furniture,Monitor,7,499,0.05,3318.35,168.72
4311,ORD04311,01-10-2025,East,,Corporate,Furniture,Headphones,4,149,0.05,566.2,143.43
4312,ORD04312,03-01-2025,north,CUST1770,Corporate,Electronics,Headphones,3,799,0.05,2277.15,586.09
4313,ORD04313,22-06-2025,East,CUST1857,Corporate,Office Supplies,Monitor,4,149,,596,35.52
4314,ORD04314,11-08-2024,North,CUST2239,Home Office,Office Supplies,Printer,2,499,,998,124.88
4315,ORD04315,18-04-2025,East,,Corporate,Electronics,Phone,4,799,0,3196,222.06
4316,ORD04316,24-09-2024,West,CUST1561,Home Office,Office Supplies,Printer,1,99,,99,12.58
4317,ORD04317,20-05-2024,South,,Home Office,Furniture,Phone,4,299,,1196,165.35
4318,ORD04318,30-03-2025,north,CUST1542,Home Office,Electronics,Chair,5,799,0.15,3395.75,344
4319,ORD04319,17-11-2024,north,,Consumer,Office Supplies,Phone,9,799,0.15,6112.35,719.6
4320,ORD04320,16-03-2025,north,CUST2842,Consumer,Office Supplies,Printer,10,999,0.15,8491.5,1789.56
4321,ORD04321,20-11-2024,West,,Consumer,Electronics,Headphones,1,299,0,299,77.78
4322,ORD04322,02-02-2025,South,,Home Office,Office Supplies,Tablet,10,999,,9990,2360.07
4323,ORD04323,19-07-2025,WEST,,Consumer,Furniture,Monitor,3,149,0.05,424.65,21.45
4324,ORD04324,03-10-2024,West,CUST1406,Corporate,Electronics,Tablet,3,299,,897,143.22
4325,ORD04325,18-12-2024,West,,Corporate,Electronics,Tablet,7,299,,2093,345.41
4326,ORD04326,02-11-2024,North,,Consumer,Office Supplies,Tablet,1,499,0.1,449.1,69.81
4327,ORD04327,27-04-2025,WEST,CUST1434,Consumer,Electronics,Chair,6,299,0,1794,269.21
4328,ORD04328,11-08-2024,West,,Corporate,Office Supplies,Headphones,4,999,0,3996,566.59
4329,ORD04329,09-08-2024,East,,Consumer,Furniture,Monitor,,499,0.05,474.05,88.73
4330,ORD04330,22-09-2025,East,,Home Office,Office Supplies,Printer,9,799,,7191,989.51
4331,ORD04331,01-05-2024,South,,Consumer,Electronics,Desk,10,149,0.05,1415.5,165.95
4332,ORD04332,05-02-2024,north,CUST2335,Consumer,Office Supplies,Phone,5,299,0.05,1420.25,85.31
4333,ORD04333,07-09-2025,North,CUST2365,Consumer,Electronics,Tablet,4,499,0,1996,286.26
4334,ORD04334,06-03-2025,East,,Home Office,Electronics,Headphones,4,299,0.15,1016.6,133.96
4335,ORD04335,11-07-2025,West,CUST1770,Consumer,Office Supplies,Laptop,8,999,0.1,7192.8,973.89
4336,ORD04336,19-07-2024,WEST,,Home Office,Office Supplies,Phone,6,499,0,2994,236.25
4337,ORD04337,14-06-2025,South,,Corporate,Furniture,Monitor,2,199,0.05,378.1,95.29
4338,ORD04338,10-11-2025,north,,Corporate,Furniture,Printer,8,999,0.05,7592.4,1617.69
4339,ORD04339,23-09-2025,East,,Consumer,Office Supplies,Chair,10,799,,7990,1501.97
4340,ORD04340,16-09-2024,East,CUST2109,Corporate,Furniture,Monitor,6,999,,5994,537.91
4341,ORD04341,28-12-2024,West,CUST2136,Corporate,Furniture,Desk,6,99,0.05,564.3,153.96
4342,ORD04342,06-10-2024,North,CUST1394,Home Office,Furniture,Tablet,8,99,0.15,673.2,122.05
4343,ORD04343,06-08-2025,North,,Corporate,Furniture,Printer,,299,0,2093,441.39
4344,ORD04344,14-08-2024,North,,Corporate,Electronics,Tablet,5,99,0.15,420.75,63.09
4345,ORD04345,10-04-2024,WEST,,Consumer,Electronics,Tablet,10,299,0.05,2840.5,244.68
4346,ORD04346,08-07-2025,North,,Home Office,Furniture,Desk,10,,0.1,4491,1106.08
4347,ORD04347,10-05-2024,West,,Corporate,Electronics,Chair,1,149,0.1,134.1,38.69
4348,ORD04348,22-08-2024,North,,Consumer,Electronics,Desk,9,199,,1791,159.75
4349,ORD04349,18-03-2024,West,,Corporate,Office Supplies,Chair,4,799,,3196,860.05
4350,ORD04350,11-04-2024,WEST,,Corporate,Furniture,Laptop,6,299,0.1,1614.6,187.28
4351,ORD04351,07-06-2025,West,CUST1225,Home Office,Electronics,Printer,3,299,,897,105.53
4352,ORD04352,05-02-2025,East,,Corporate,Furniture,Tablet,6,199,0.15,1014.9,62.54
4353,ORD04353,18-12-2025,north,,Home Office,Office Supplies,Headphones,5,999,0,4995,871.32
4354,ORD04354,16-12-2025,West,,Home Office,Office Supplies,Headphones,8,199,0.1,1432.8,353.16
4355,ORD04355,16-04-2025,East,,Home Office,Furniture,Chair,9,149,,1341,275.43
4356,ORD04356,05-05-2025,West,,Corporate,Electronics,Monitor,3,149,0,447,82.23
4357,ORD04357,01-10-2025,WEST,,Home Office,Furniture,Laptop,,799,0.05,3795.25,822.95
4358,ORD04358,29-08-2025,East,CUST1271,Consumer,Electronics,Headphones,7,149,,1043,165.64
4359,ORD04359,06-07-2025,WEST,,Home Office,Furniture,Desk,9,799,0.05,6831.45,1134.18
4360,ORD04360,28-03-2025,South,,Home Office,Office Supplies,Tablet,10,99,0.1,891,94.34
4361,ORD04361,28-07-2024,West,CUST2708,Home Office,Furniture,Chair,2,199,,398,116.74
4362,ORD04362,05-10-2024,East,CUST2528,Consumer,Electronics,Desk,,149,0.1,402.3,76.16
4363,ORD04363,01-04-2025,North,CUST1359,Corporate,Office Supplies,Desk,5,,,4995,851.48
4364,ORD04364,18-06-2025,East,,Consumer,Office Supplies,Tablet,5,999,0.05,4745.25,1286.58
4365,ORD04365,12-09-2024,West,,Corporate,Office Supplies,Phone,8,149,0,1192,253.4
4366,ORD04366,04-07-2025,East,,Corporate,Office Supplies,Laptop,1,99,,99,12.29
4367,ORD04367,02-12-2025,WEST,,Consumer,Furniture,Chair,10,199,0.1,1791,122.95
4368,ORD04368,28-08-2025,north,CUST2149,Home Office,Furniture,Headphones,10,99,0.15,841.5,45.44
4369,ORD04369,15-04-2024,WEST,CUST1705,Home Office,Furniture,Desk,3,199,0,597,104.53
4370,ORD04370,20-09-2025,South,CUST1521,Corporate,Electronics,Chair,9,299,0,2691,139.43
4371,ORD04371,14-04-2025,North,,Consumer,Electronics,Chair,2,99,0.1,178.2,15.61
4372,ORD04372,08-06-2025,West,,Corporate,Office Supplies,Monitor,4,99,0.1,356.4,19.04
4373,ORD04373,08-05-2024,East,,Home Office,Furniture,Chair,7,799,0.05,5313.35,545.26
4374,ORD04374,01-04-2025,North,,Home Office,Furniture,Monitor,10,149,0.05,1415.5,239.65
4375,ORD04375,28-10-2025,East,,Corporate,Electronics,Phone,1,149,0.15,126.65,22.75
4376,ORD04376,11-04-2025,South,CUST2266,Home Office,Electronics,Phone,8,99,0.15,673.2,58.56
4377,ORD04377,02-03-2024,East,,Home Office,Electronics,Chair,4,299,0.15,1016.6,170.67
4378,ORD04378,09-06-2025,South,CUST2498,Consumer,Electronics,Laptop,5,199,0,995,136.8
4379,ORD04379,02-08-2024,West,CUST1914,Home Office,Office Supplies,Phone,1,999,0.05,949.05,282.24
4380,ORD04380,16-10-2025,North,,Consumer,Office Supplies,Tablet,9,99,0,891,141.63
4381,ORD04381,26-05-2025,WEST,,Corporate,Electronics,Headphones,10,799,0.1,7191,1272.07
4382,ORD04382,23-12-2024,North,,Consumer,Office Supplies,Phone,6,99,,594,130.24
4383,ORD04383,19-05-2025,East,CUST2942,Home Office,Furniture,Chair,9,799,0.05,6831.45,1438.88
4384,ORD04384,30-03-2025,WEST,,Corporate,Office Supplies,Desk,8,999,0.05,7592.4,463.37
4385,ORD04385,18-08-2025,West,,Consumer,Furniture,Desk,8,199,0.15,1353.2,304.13
4386,ORD04386,31-03-2025,North,CUST1778,Corporate,Electronics,Monitor,6,199,,1194,304.93
4387,ORD04387,21-08-2024,West,CUST1425,Consumer,Furniture,Monitor,8,149,0,1192,191.13
4388,ORD04388,17-10-2025,North,,Corporate,Furniture,Headphones,1,799,0.15,679.15,62.68
4389,ORD04389,03-06-2024,WEST,,Home Office,Office Supplies,Laptop,4,99,0.15,336.6,35.74
4390,ORD04390,09-01-2025,north,,Corporate,Furniture,Laptop,3,299,0.1,807.3,224.72
4391,ORD04391,03-02-2024,WEST,,Corporate,Office Supplies,Monitor,10,499,,4990,1070.65
4392,ORD04392,04-02-2025,North,,Home Office,Office Supplies,Laptop,10,799,0.05,7590.5,1892.03
4393,ORD04393,04-07-2025,WEST,CUST1062,Consumer,Office Supplies,Phone,10,799,,7990,1019.11
4394,ORD04394,28-02-2024,West,,Consumer,Electronics,Phone,10,199,0.1,1791,487.51
4395,ORD04395,24-10-2024,East,CUST2070,Consumer,Furniture,Tablet,9,99,0.15,757.35,227.04
4396,ORD04396,12-05-2024,WEST,,Home Office,Office Supplies,Chair,6,99,,594,171.52
4397,ORD04397,10-09-2025,West,,Home Office,Office Supplies,Laptop,5,999,0.1,4495.5,770.53
4398,ORD04398,28-02-2025,East,,Home Office,Office Supplies,Chair,5,999,0.05,4745.25,749
4399,ORD04399,21-09-2025,North,,Consumer,Office Supplies,Monitor,3,499,0.15,1272.45,130.46
4400,ORD04400,23-01-2025,north,,Consumer,Furniture,Monitor,8,199,0.05,1512.4,275.17
4401,ORD04401,04-01-2025,West,,Corporate,Furniture,Chair,1,999,0.15,849.15,100.31
4402,ORD04402,01-01-2024,North,CUST2692,Corporate,Electronics,Phone,3,99,0,297,41.26
4403,ORD04403,17-07-2024,West,CUST1599,Consumer,Office Supplies,Chair,5,799,0.15,3395.75,612.07
4404,ORD04404,14-07-2025,north,CUST1159,Corporate,Furniture,Printer,10,799,0.05,7590.5,1322.6
4405,ORD04405,25-02-2024,North,CUST2778,Home Office,Furniture,Printer,8,299,0.15,2033.2,271.17
4406,ORD04406,25-01-2025,South,,Home Office,Electronics,Desk,4,799,0.05,3036.2,194.18
4407,ORD04407,07-12-2025,north,,Corporate,Furniture,Printer,6,799,0,4794,428.07
4408,ORD04408,27-07-2024,South,,Corporate,Furniture,Printer,4,299,,1196,336.24
4409,ORD04409,30-08-2024,north,,Corporate,Electronics,Laptop,7,199,0.05,1323.35,306.78
4410,ORD04410,16-06-2024,WEST,,Consumer,Furniture,Monitor,3,199,0.15,507.45,73.87
4411,ORD04411,19-09-2025,North,CUST1823,Home Office,Office Supplies,Printer,4,299,0.15,1016.6,138.25
4412,ORD04412,29-03-2024,East,CUST1257,Home Office,Office Supplies,Chair,1,799,,799,169.89
4413,ORD04413,14-09-2024,North,CUST1121,Corporate,Furniture,Chair,10,499,0.1,4491,1335.65
4414,ORD04414,08-10-2024,South,,Home Office,Furniture,Phone,7,99,0.05,658.35,166.8
4415,ORD04415,02-08-2025,north,,Corporate,Electronics,Laptop,10,499,0.1,4491,1002.8
4416,ORD04416,04-10-2025,West,,Corporate,Furniture,Printer,1,99,0.15,84.15,20.17
4417,ORD04417,15-10-2025,South,,Corporate,Office Supplies,Laptop,6,149,0.1,804.6,149.77
4418,ORD04418,01-10-2025,South,CUST2259,Consumer,Electronics,Monitor,6,99,0.05,564.3,98.09
4419,ORD04419,11-04-2024,North,CUST2055,Home Office,Electronics,Desk,4,999,0.05,3796.2,274.88
4420,ORD04420,04-02-2025,South,CUST2048,Home Office,Office Supplies,Monitor,6,149,,894,135.69
4421,ORD04421,30-03-2024,West,,Corporate,Electronics,Printer,9,999,0.15,7642.35,1878.35
4422,ORD04422,26-08-2025,North,CUST2724,Consumer,Office Supplies,Monitor,2,499,0,998,215.36
4423,ORD04423,06-11-2024,East,,Home Office,Electronics,Printer,8,799,0.15,5433.2,432.83
4424,ORD04424,26-09-2025,East,,Home Office,Electronics,Monitor,2,799,0.1,1438.2,180.33
4425,ORD04425,24-11-2025,WEST,CUST1773,Corporate,Electronics,Printer,6,,0.1,4314.6,470.2
4426,ORD04426,06-04-2025,WEST,,Consumer,Office Supplies,Tablet,9,799,,7191,2136.45
4427,ORD04427,07-12-2025,North,,Home Office,Electronics,Chair,1,499,0.15,424.15,33.11
4428,ORD04428,16-07-2025,WEST,CUST2012,Home Office,Office Supplies,Printer,3,99,,297,34.34
4429,ORD04429,01-09-2025,West,CUST1337,Consumer,Office Supplies,Tablet,3,99,0.05,282.15,73.41
4430,ORD04430,10-08-2024,North,CUST1549,Home Office,Office Supplies,Monitor,4,499,0,1996,130.2
4431,ORD04431,21-08-2024,North,,Corporate,Furniture,Chair,8,299,0.1,2152.8,368.38
4432,ORD04432,26-11-2024,South,,Home Office,Office Supplies,Tablet,5,199,0,995,164.08
4433,ORD04433,09-06-2025,West,,Consumer,Electronics,Headphones,2,299,0,598,72.71
4434,ORD04434,28-12-2024,North,,Consumer,Electronics,Laptop,4,299,0.05,1136.2,167.31
4435,ORD04435,23-04-2024,North,CUST2266,Home Office,Electronics,Phone,3,149,,447,58.06
4436,ORD04436,02-02-2025,South,,Home Office,Furniture,Chair,1,499,0.1,449.1,40.25
4437,ORD04437,20-12-2024,North,CUST1297,Consumer,Office Supplies,Desk,8,149,,1192,357.04
4438,ORD04438,03-07-2024,South,CUST1403,Corporate,Electronics,Chair,10,299,0.15,2541.5,484.84
4439,ORD04439,22-05-2024,north,,Corporate,Electronics,Laptop,6,499,0.05,2844.3,388.04
4440,ORD04440,06-01-2025,West,CUST2006,Corporate,Furniture,Printer,4,99,0.05,376.2,59.92
4441,ORD04441,28-08-2025,South,,Consumer,Office Supplies,Tablet,1,499,0.15,424.15,29.65
4442,ORD04442,19-05-2024,North,,Home Office,Office Supplies,Monitor,6,199,0.15,1014.9,139.28
4443,ORD04443,11-12-2025,WEST,,Corporate,Furniture,Printer,9,799,0.15,6112.35,1389.73
4444,ORD04444,31-07-2024,West,CUST2663,Consumer,Furniture,Printer,5,199,0.15,845.75,153.85
4445,ORD04445,18-06-2025,West,CUST1219,Corporate,Furniture,Monitor,6,199,,1194,312.05
4446,ORD04446,23-10-2025,north,,Consumer,Electronics,Monitor,10,799,0.05,7590.5,1982.72
4447,ORD04447,08-05-2024,north,CUST2015,Home Office,Electronics,Headphones,8,499,0.15,3393.2,221.18
4448,ORD04448,17-08-2024,North,,Home Office,Furniture,Desk,8,199,0.1,1432.8,146.76
4449,ORD04449,22-06-2025,East,,Home Office,Electronics,Chair,10,149,0.1,1341,105.96
4450,ORD04450,26-12-2025,north,CUST1177,Corporate,Office Supplies,Chair,9,149,0.1,1206.9,253.42
4451,ORD04451,30-08-2024,WEST,,Consumer,Office Supplies,Laptop,,799,0.15,679.15,156.57
4452,ORD04452,04-05-2024,East,,Home Office,Office Supplies,Printer,1,799,0.05,759.05,104.26
4453,ORD04453,09-05-2024,West,,Corporate,Electronics,Tablet,9,299,,2691,417.97
4454,ORD04454,17-03-2025,South,CUST1664,Home Office,Office Supplies,Headphones,4,99,,396,42.34
4455,ORD04455,26-09-2024,South,,Home Office,Office Supplies,Laptop,5,499,0,2495,590.57
4456,ORD04456,11-07-2024,WEST,,Corporate,Office Supplies,Headphones,9,149,0.05,1273.95,76.96
4457,ORD04457,13-08-2024,north,,Home Office,Furniture,Printer,9,999,,8991,2594.91
4458,ORD04458,26-06-2024,South,,Corporate,Furniture,Phone,5,199,0.1,895.5,155.66
4459,ORD04459,21-11-2024,East,CUST1822,Home Office,Furniture,Tablet,2,999,0.15,1698.3,370.78
4460,ORD04460,04-11-2024,WEST,CUST1096,Corporate,Office Supplies,Monitor,9,199,0.15,1522.35,106.14
4461,ORD04461,01-08-2024,WEST,,Corporate,Electronics,Printer,6,499,0.1,2694.6,683.31
4462,ORD04462,19-05-2025,north,CUST1576,Consumer,Electronics,Phone,2,99,0,198,28.22
4463,ORD04463,07-04-2025,East,,Consumer,Furniture,Printer,10,999,0.15,8491.5,1804.27
4464,ORD04464,12-07-2025,West,,Consumer,Furniture,Monitor,3,799,0.05,2277.15,219.82
4465,ORD04465,15-01-2025,East,,Home Office,Electronics,Printer,7,999,0.15,5944.05,747.33
4466,ORD04466,10-04-2025,north,,Home Office,Furniture,Monitor,2,149,0,298,33.79
4467,ORD04467,09-09-2025,West,,Consumer,Furniture,Headphones,8,199,0.15,1353.2,346.96
4468,ORD04468,15-04-2024,South,CUST2998,Home Office,Electronics,Desk,1,,0.05,141.55,42.3
4469,ORD04469,29-06-2024,WEST,,Consumer,Office Supplies,Tablet,10,199,0.1,1791,377.39
4470,ORD04470,21-10-2024,East,,Corporate,Furniture,Phone,8,99,0.1,712.8,132.18
4471,ORD04471,04-04-2024,north,,Corporate,Furniture,Headphones,10,999,0.15,8491.5,873.86
4472,ORD04472,28-07-2025,WEST,CUST1097,Corporate,Furniture,Headphones,3,99,,297,79.44
4473,ORD04473,20-05-2025,South,,Consumer,Electronics,Desk,8,99,0.05,752.4,65.92
4474,ORD04474,21-05-2024,WEST,,Corporate,Furniture,Monitor,2,149,0.05,283.1,84.25
4475,ORD04475,18-08-2024,West,CUST2607,Consumer,Electronics,Monitor,,99,0,594,124.33
4476,ORD04476,28-05-2024,West,,Corporate,Electronics,Tablet,7,499,0.1,3143.7,338.95
4477,ORD04477,17-07-2025,South,,Corporate,Furniture,Phone,8,999,0.15,6793.2,1399.07
4478,ORD04478,23-01-2024,East,,Corporate,Office Supplies,Chair,1,149,,149,24.84
4479,ORD04479,12-06-2024,WEST,,Home Office,Electronics,Monitor,1,999,0.05,949.05,213.71
4480,ORD04480,05-02-2024,South,,Corporate,Electronics,Chair,4,199,0.05,756.2,125.07
4481,ORD04481,23-12-2025,north,,Consumer,Electronics,Printer,10,799,0.1,7191,1258.74
4482,ORD04482,04-08-2024,West,,Corporate,Electronics,Printer,2,299,0.15,508.3,143.92
4483,ORD04483,16-12-2024,East,,Home Office,Office Supplies,Laptop,2,299,,598,140.66
4484,ORD04484,16-06-2024,South,,Home Office,Furniture,Laptop,6,149,0.15,759.9,129.28
4485,ORD04485,13-04-2024,WEST,,Home Office,Furniture,Tablet,8,999,0.05,7592.4,1901.24
4486,ORD04486,20-07-2024,WEST,,Home Office,Office Supplies,Desk,,499,0,1497,290.86
4487,ORD04487,05-08-2024,West,CUST2436,Consumer,Office Supplies,Chair,2,999,0.15,1698.3,109.76
4488,ORD04488,08-06-2025,East,,Corporate,Office Supplies,Desk,2,199,,398,89.88
4489,ORD04489,28-06-2024,north,,Corporate,Electronics,Laptop,8,99,0.15,673.2,111.96
4490,ORD04490,07-02-2025,north,,Consumer,Furniture,Phone,3,199,0,597,87.72
4491,ORD04491,12-08-2024,north,CUST2034,Consumer,Furniture,Chair,8,149,,1192,270.44
4492,ORD04492,29-11-2025,East,CUST2735,Consumer,Furniture,Desk,4,999,0,3996,923.88
4493,ORD04493,06-04-2025,West,,Consumer,Electronics,Tablet,6,99,0.05,564.3,132.23
4494,ORD04494,22-07-2025,North,CUST2778,Home Office,Furniture,Laptop,,149,,1490,373.33
4495,ORD04495,05-03-2025,South,,Consumer,Electronics,Laptop,2,99,0.1,178.2,10
4496,ORD04496,31-08-2024,WEST,,Home Office,Furniture,Laptop,5,199,0.05,945.25,250.13
4497,ORD04497,25-12-2024,East,,Corporate,Electronics,Laptop,6,499,0.05,2844.3,205.23
4498,ORD04498,31-01-2025,East,,Home Office,Furniture,Desk,3,499,0.1,1347.3,112.19
4499,ORD04499,14-04-2024,West,,Home Office,Electronics,Chair,5,99,,495,108.49
4500,ORD04500,23-01-2025,WEST,,Home Office,Furniture,Desk,1,199,0,199,40.32
4501,ORD04501,07-05-2025,East,,Home Office,Furniture,Desk,5,299,0.1,1345.5,337.18
4502,ORD04502,26-12-2025,West,,Home Office,Office Supplies,Desk,2,299,0.15,508.3,70.29
4503,ORD04503,23-12-2025,South,,Corporate,Electronics,Monitor,10,299,0.1,2691,531.35
4504,ORD04504,14-09-2025,WEST,CUST2675,Home Office,Furniture,Laptop,4,149,0.05,566.2,95.29
4505,ORD04505,01-03-2025,South,CUST2976,Consumer,Office Supplies,Desk,8,499,0.05,3792.4,557.29
4506,ORD04506,07-01-2025,north,,Consumer,Office Supplies,Monitor,6,149,0.15,759.9,210.23
4507,ORD04507,11-09-2025,South,,Corporate,Office Supplies,Phone,6,199,0.05,1134.3,209.15
4508,ORD04508,19-06-2025,North,,Consumer,Office Supplies,Printer,2,499,0.15,848.3,179.35
4509,ORD04509,04-06-2025,West,,Home Office,Furniture,Monitor,4,99,,396,22.7
4510,ORD04510,08-01-2025,West,,Home Office,Office Supplies,Printer,3,999,0.05,2847.15,776.08
4511,ORD04511,14-09-2025,north,,Consumer,Electronics,Chair,4,149,0.15,506.6,120.98
4512,ORD04512,10-09-2025,North,CUST2568,Corporate,Office Supplies,Monitor,6,199,0.05,1134.3,212.55
4513,ORD04513,10-08-2024,north,,Corporate,Electronics,Monitor,2,149,0.05,283.1,18.64
4514,ORD04514,25-06-2025,West,,Corporate,Office Supplies,Monitor,10,299,0.05,2840.5,523.04
4515,ORD04515,05-08-2024,WEST,,Home Office,Furniture,Tablet,10,499,,4990,1063.15
4516,ORD04516,20-01-2024,North,,Consumer,Electronics,Phone,10,99,0.05,940.5,127.33
4517,ORD04517,19-04-2025,South,CUST1925,Corporate,Furniture,Tablet,2,999,0,1998,289.03
4518,ORD04518,22-01-2024,West,,Corporate,Furniture,Desk,9,199,,1791,155
4519,ORD04519,01-09-2025,East,CUST1311,Consumer,Furniture,Printer,7,299,0,2093,533.91
4520,ORD04520,23-02-2025,WEST,CUST2839,Consumer,Electronics,Headphones,2,499,0.1,898.2,74.71
4521,ORD04521,21-03-2024,South,,Corporate,Furniture,Headphones,10,99,,990,126.37
4522,ORD04522,08-04-2024,South,,Corporate,Electronics,Phone,5,799,0.15,3395.75,696.08
4523,ORD04523,05-03-2025,North,,Corporate,Office Supplies,Phone,6,99,0.15,504.9,148.65
4524,ORD04524,21-08-2024,East,,Corporate,Furniture,Phone,2,149,0.1,268.2,63.33
4525,ORD04525,20-07-2024,East,,Consumer,Furniture,Chair,9,299,0.1,2421.9,185.7
4526,ORD04526,14-06-2024,WEST,,Home Office,Furniture,Printer,5,499,0.1,2245.5,473.19
4527,ORD04527,26-11-2025,north,,Home Office,Furniture,Phone,,199,0.1,1432.8,105.49
4528,ORD04528,05-06-2024,West,CUST1369,Corporate,Office Supplies,Desk,5,799,0,3995,320.07
4529,ORD04529,26-01-2024,WEST,CUST1307,Corporate,Furniture,Laptop,6,299,,1794,185.04
4530,ORD04530,13-04-2025,South,,Corporate,Electronics,Chair,2,199,0.05,378.1,54.68
4531,ORD04531,25-06-2024,north,CUST1491,Corporate,Electronics,Laptop,7,199,0,1393,378.38
4532,ORD04532,27-05-2024,WEST,CUST1813,Corporate,Electronics,Tablet,6,999,0.15,5094.9,828.74
4533,ORD04533,12-09-2025,South,,Consumer,Electronics,Laptop,8,299,0,2392,280.5
4534,ORD04534,28-12-2024,South,,Home Office,Electronics,Headphones,7,299,0.15,1779.05,155.17
4535,ORD04535,18-12-2025,WEST,,Corporate,Office Supplies,Desk,2,999,0.05,1898.1,520.41
4536,ORD04536,07-02-2025,East,CUST1631,Corporate,Furniture,Laptop,3,199,0,597,161.87
4537,ORD04537,02-06-2024,West,,Corporate,Furniture,Monitor,8,299,,2392,459.22
4538,ORD04538,01-10-2025,East,CUST2993,Corporate,Office Supplies,Chair,7,299,0.05,1988.35,107.54
4539,ORD04539,07-08-2025,East,CUST1414,Corporate,Furniture,Desk,2,199,0.05,378.1,111.65
4540,ORD04540,17-05-2024,north,,Corporate,Furniture,Chair,5,499,0.1,2245.5,557.61
4541,ORD04541,19-01-2024,north,,Corporate,Furniture,Desk,10,799,0,7990,1409.32
4542,ORD04542,16-04-2024,WEST,,Corporate,Electronics,Phone,7,999,0,6993,2065.7
4543,ORD04543,05-11-2025,East,CUST2305,Corporate,Furniture,Desk,6,149,0.05,849.3,145.61
4544,ORD04544,21-09-2024,north,CUST2965,Corporate,Office Supplies,Monitor,7,199,0.15,1184.05,124.37
4545,ORD04545,13-03-2025,north,,Consumer,Electronics,Desk,6,499,0,2994,325.84
4546,ORD04546,19-09-2024,West,,Home Office,Office Supplies,Printer,1,799,0.15,679.15,196.09
4547,ORD04547,22-03-2025,East,,Home Office,Office Supplies,Tablet,8,299,0,2392,128.11
4548,ORD04548,26-08-2025,East,CUST2091,Corporate,Furniture,Phone,4,149,0,596,44.46
4549,ORD04549,31-10-2025,East,CUST1960,Consumer,Electronics,Tablet,3,799,0.15,2037.45,381.55
4550,ORD04550,14-11-2024,East,,Consumer,Furniture,Phone,5,99,0,495,100.94
4551,ORD04551,27-06-2025,north,CUST2512,Corporate,Electronics,Headphones,5,149,0.05,707.75,154.35
4552,ORD04552,30-03-2025,South,CUST2924,Corporate,Office Supplies,Headphones,10,149,0.05,1415.5,311.02
4553,ORD04553,10-12-2024,north,,Corporate,Furniture,Chair,5,299,0.05,1420.25,310.41
4554,ORD04554,30-10-2025,East,,Home Office,Electronics,Laptop,4,199,0.1,716.4,171.18
4555,ORD04555,19-01-2024,East,,Consumer,Electronics,Headphones,5,149,,745,206.24
4556,ORD04556,06-04-2024,North,CUST2849,Consumer,Electronics,Desk,1,199,,199,15.29
4557,ORD04557,24-08-2025,North,CUST1474,Home Office,Electronics,Desk,4,99,0.15,336.6,26.25
4558,ORD04558,13-01-2024,WEST,,Home Office,Electronics,Phone,1,149,0.1,134.1,27.67
4559,ORD04559,12-06-2025,West,CUST1901,Home Office,Electronics,Chair,,999,,7992,1720.8
4560,ORD04560,26-11-2025,East,,Corporate,Office Supplies,Laptop,10,299,0.15,2541.5,313.64
4561,ORD04561,16-01-2024,north,,Consumer,Electronics,Chair,2,299,0.05,568.1,65.37
4562,ORD04562,29-11-2024,north,CUST2548,Corporate,Office Supplies,Laptop,9,799,,7191,1247.45
4563,ORD04563,09-03-2024,West,,Corporate,Furniture,Headphones,5,799,0.05,3795.25,689.2
4564,ORD04564,18-06-2025,WEST,,Consumer,Furniture,Chair,2,799,0,1598,147.7
4565,ORD04565,08-11-2025,north,,Home Office,Office Supplies,Desk,2,149,0.1,268.2,79.58
4566,ORD04566,25-05-2025,East,CUST2117,Home Office,Electronics,Headphones,3,499,,1497,270.74
4567,ORD04567,13-04-2024,South,CUST2445,Home Office,Office Supplies,Monitor,4,799,0.05,3036.2,693.61
4568,ORD04568,29-12-2024,WEST,,Consumer,Electronics,Laptop,5,799,0.15,3395.75,881.99
4569,ORD04569,17-10-2024,North,CUST2463,Consumer,Furniture,Chair,7,799,,5593,1554.17
4570,ORD04570,30-09-2025,South,CUST2986,Corporate,Office Supplies,Desk,1,299,,299,18.05
4571,ORD04571,02-01-2024,WEST,,Home Office,Furniture,Phone,10,299,0,2990,871.53
4572,ORD04572,25-07-2025,North,,Consumer,Office Supplies,Printer,2,99,0,198,42.43
4573,ORD04573,05-08-2024,East,,Consumer,Furniture,Chair,6,999,0.1,5394.6,1399.74
4574,ORD04574,25-01-2024,north,,Consumer,Electronics,Phone,6,999,0,5994,973.68
4575,ORD04575,31-05-2024,East,CUST1313,Consumer,Office Supplies,Monitor,7,499,0,3493,377.96
4576,ORD04576,02-04-2024,East,CUST1695,Corporate,Office Supplies,Phone,5,499,0.05,2370.25,387.05
4577,ORD04577,28-10-2024,South,,Consumer,Electronics,Phone,7,299,0.15,1779.05,491.09
4578,ORD04578,05-02-2025,West,,Consumer,Furniture,Chair,6,499,,2994,675.88
4579,ORD04579,20-09-2024,East,,Corporate,Office Supplies,Desk,1,199,0.15,169.15,37.41
4580,ORD04580,01-02-2025,East,,Corporate,Electronics,Laptop,6,999,0.15,5094.9,425.59
4581,ORD04581,25-03-2025,South,,Consumer,Office Supplies,Desk,3,799,,2397,440.08
4582,ORD04582,06-08-2025,West,,Home Office,Office Supplies,Monitor,2,999,0.1,1798.2,521.15
4583,ORD04583,27-06-2024,North,,Consumer,Office Supplies,Chair,2,99,,198,17.36
4584,ORD04584,09-08-2025,South,CUST1591,Home Office,Office Supplies,Chair,1,99,0.15,84.15,23.76
4585,ORD04585,07-10-2024,East,,Consumer,Office Supplies,Desk,10,149,0.1,1341,264.72
4586,ORD04586,28-11-2024,South,,Home Office,Furniture,Laptop,1,299,,299,44.76
4587,ORD04587,19-10-2024,South,,Corporate,Office Supplies,Phone,9,499,0.15,3817.35,686.14
4588,ORD04588,11-12-2025,South,CUST1320,Corporate,Office Supplies,Monitor,6,999,,5994,1658.4
4589,ORD04589,01-01-2024,West,CUST1151,Corporate,Furniture,Headphones,9,99,0,891,114.01
4590,ORD04590,14-06-2024,West,,Home Office,Office Supplies,Phone,9,499,0.15,3817.35,820.29
4591,ORD04591,28-07-2024,East,,Consumer,Office Supplies,Headphones,7,299,,2093,154.29
4592,ORD04592,23-07-2024,WEST,,Home Office,Furniture,Phone,6,499,0,2994,488.14
4593,ORD04593,28-08-2024,East,,Home Office,Office Supplies,Chair,9,149,0.15,1139.85,293.7
4594,ORD04594,15-02-2025,north,,Corporate,Office Supplies,Headphones,7,799,0.15,4754.05,891.82
4595,ORD04595,16-07-2024,West,,Home Office,Office Supplies,Phone,2,999,,1998,539.98
4596,ORD04596,29-06-2024,North,CUST1782,Consumer,Furniture,Desk,7,799,0.1,5033.7,1030.08
4597,ORD04597,01-03-2024,north,,Home Office,Office Supplies,Laptop,8,99,0.15,673.2,175.42
4598,ORD04598,22-01-2024,West,CUST1459,Consumer,Electronics,Chair,4,299,0.05,1136.2,178.43
4599,ORD04599,27-09-2025,North,CUST2612,Home Office,Furniture,Monitor,5,149,0,745,173.61
4600,ORD04600,03-12-2024,West,,Home Office,Electronics,Desk,2,199,0.05,378.1,29.02
4601,ORD04601,28-06-2025,north,CUST1337,Corporate,Electronics,Phone,3,499,0.05,1422.15,323.04
4602,ORD04602,04-02-2024,WEST,CUST1130,Home Office,Office Supplies,Desk,3,999,0.05,2847.15,432.95
4603,ORD04603,05-04-2025,East,CUST2733,Corporate,Furniture,Desk,10,299,0,2990,451.16
4604,ORD04604,14-04-2024,South,,Consumer,Electronics,Laptop,6,199,0.15,1014.9,170.91
4605,ORD04605,16-08-2024,West,CUST2294,Home Office,Office Supplies,Monitor,9,199,0.1,1611.9,198.39
4606,ORD04606,11-04-2025,WEST,CUST2925,Consumer,Furniture,Laptop,1,499,0.15,424.15,91.84
4607,ORD04607,08-08-2025,north,CUST2509,Corporate,Office Supplies,Phone,9,499,0.1,4041.9,883.37
4608,ORD04608,31-07-2025,North,,Corporate,Furniture,Monitor,8,999,0,7992,2362.44
4609,ORD04609,25-12-2025,West,,Consumer,Electronics,Headphones,3,499,0,1497,426.18
4610,ORD04610,19-10-2024,West,,Home Office,Furniture,Headphones,8,199,0,1592,201.54
4611,ORD04611,19-12-2024,West,CUST1596,Corporate,Electronics,Headphones,2,149,0.05,283.1,44
4612,ORD04612,07-12-2024,South,,Corporate,Electronics,Laptop,5,99,0,495,29.3
4613,ORD04613,18-10-2024,South,,Corporate,Furniture,Chair,7,99,0.1,623.7,33.39
4614,ORD04614,15-05-2025,South,CUST1729,Corporate,Office Supplies,Chair,3,999,0,2997,813.76
4615,ORD04615,13-03-2025,North,CUST2156,Home Office,Furniture,Tablet,4,999,,3996,1172.21
4616,ORD04616,24-08-2025,West,,Consumer,Office Supplies,Printer,6,99,0.15,504.9,90.95
4617,ORD04617,13-08-2024,South,CUST1117,Home Office,Office Supplies,Tablet,9,799,0.15,6112.35,1486.59
4618,ORD04618,25-01-2024,North,,Home Office,Electronics,Laptop,7,199,,1393,215.65
4619,ORD04619,05-08-2024,north,,Home Office,Electronics,Printer,1,199,0,199,49.66
4620,ORD04620,09-04-2024,North,CUST1707,Consumer,Furniture,Monitor,6,199,0.15,1014.9,222.93
4621,ORD04621,07-01-2024,South,,Consumer,Office Supplies,Headphones,2,799,,1598,478.82
4622,ORD04622,08-07-2025,South,,Home Office,Electronics,Chair,9,499,,4491,581.76
4623,ORD04623,28-05-2025,North,,Home Office,Electronics,Printer,4,299,0.15,1016.6,269.24
4624,ORD04624,28-11-2024,WEST,CUST1101,Corporate,Furniture,Laptop,9,499,0.05,4266.45,548.42
4625,ORD04625,28-05-2024,WEST,,Corporate,Electronics,Printer,3,299,0.05,852.15,245.14
4626,ORD04626,29-04-2024,South,,Corporate,Furniture,Phone,1,999,,999,129.39
4627,ORD04627,22-10-2024,north,,Home Office,Electronics,Laptop,1,199,0.15,169.15,20.49
4628,ORD04628,25-12-2025,South,,Consumer,Furniture,Chair,3,149,0.1,402.3,22.07
4629,ORD04629,25-05-2025,WEST,,Home Office,Furniture,Headphones,4,999,0.05,3796.2,1000.34
4630,ORD04630,30-03-2024,north,,Corporate,Office Supplies,Desk,5,299,0.15,1270.75,123.39
4631,ORD04631,06-03-2024,East,,Home Office,Office Supplies,Monitor,5,149,0.15,633.25,134.93
4632,ORD04632,05-12-2024,East,CUST2523,Corporate,Office Supplies,Tablet,10,199,0,1990,334.35
4633,ORD04633,04-02-2025,West,CUST2795,Corporate,Furniture,Desk,1,99,0.1,89.1,9.72
4634,ORD04634,28-12-2025,north,CUST1578,Home Office,Office Supplies,Tablet,3,99,,297,69.65
4635,ORD04635,03-09-2024,South,,Corporate,Office Supplies,Headphones,10,999,0.05,9490.5,514.9
4636,ORD04636,07-10-2025,North,,Consumer,Office Supplies,Printer,2,999,0.05,1898.1,430.88
4637,ORD04637,16-03-2025,North,CUST2483,Consumer,Electronics,Headphones,1,99,0.15,84.15,14.23
4638,ORD04638,06-04-2025,East,,Home Office,Electronics,Printer,7,999,0,6993,1760.59
4639,ORD04639,30-10-2025,East,,Consumer,Furniture,Phone,9,99,0.05,846.45,53.36
4640,ORD04640,08-02-2024,north,,Home Office,Office Supplies,Chair,2,99,0.05,188.1,35.36
4641,ORD04641,14-10-2025,West,,Home Office,Office Supplies,Printer,4,299,0.15,1016.6,235.89
4642,ORD04642,03-07-2024,North,CUST1721,Home Office,Furniture,Laptop,1,199,,199,11.62
4643,ORD04643,11-12-2025,North,CUST2687,Consumer,Electronics,Tablet,2,99,0.1,178.2,33.05
4644,ORD04644,18-06-2025,East,CUST1796,Corporate,Furniture,Desk,5,149,0.05,707.75,90.07
4645,ORD04645,04-06-2024,North,,Corporate,Office Supplies,Phone,8,99,0,792,106.5
4646,ORD04646,25-09-2025,East,,Home Office,Electronics,Tablet,6,199,0.15,1014.9,132.82
4647,ORD04647,09-05-2024,north,CUST1067,Corporate,Office Supplies,Headphones,6,499,0,2994,430.74
4648,ORD04648,24-12-2024,WEST,,Consumer,Office Supplies,Tablet,2,799,,1598,152.81
4649,ORD04649,03-10-2025,East,CUST1821,Home Office,Electronics,Chair,1,499,0.1,449.1,27.83
4650,ORD04650,01-09-2025,north,,Home Office,Electronics,Chair,10,99,0.05,940.5,49.59
4651,ORD04651,15-05-2024,North,CUST2875,Consumer,Office Supplies,Printer,6,199,0.15,1014.9,78.5
4652,ORD04652,26-10-2025,South,CUST1146,Home Office,Office Supplies,Laptop,2,799,0.15,1358.3,287.93
4653,ORD04653,03-07-2025,North,,Corporate,Electronics,Chair,4,99,,396,35.81
4654,ORD04654,20-01-2025,WEST,,Consumer,Furniture,Laptop,2,799,0.15,1358.3,118.45
4655,ORD04655,24-05-2024,East,,Home Office,Electronics,Tablet,4,799,0.15,2716.6,615.17
4656,ORD04656,03-08-2024,West,CUST2778,Corporate,Furniture,Desk,4,499,0.15,1696.6,409.52
4657,ORD04657,30-07-2025,East,,Home Office,Office Supplies,Phone,1,299,,299,46.37
4658,ORD04658,28-09-2024,north,,Consumer,Office Supplies,Monitor,2,199,0.15,338.3,48.96
4659,ORD04659,22-09-2025,north,,Corporate,Electronics,Headphones,8,99,0.05,752.4,43.67
4660,ORD04660,11-10-2024,North,,Home Office,Office Supplies,Monitor,,999,0.15,849.15,179.56
4661,ORD04661,11-11-2025,East,,Home Office,Electronics,Tablet,7,199,0,1393,127.13
4662,ORD04662,24-03-2024,WEST,,Home Office,Electronics,Chair,,999,0.05,2847.15,169.38
4663,ORD04663,21-08-2024,South,,Corporate,Office Supplies,Laptop,3,799,0.1,2157.3,282.49
4664,ORD04664,16-11-2024,West,,Corporate,Furniture,Laptop,8,299,,2392,597.98
4665,ORD04665,22-02-2025,north,CUST1235,Corporate,Office Supplies,Printer,2,499,0.1,898.2,86.89
4666,ORD04666,04-07-2024,north,,Home Office,Furniture,Printer,7,999,,6993,615.32
4667,ORD04667,31-08-2025,north,,Corporate,Office Supplies,Headphones,8,799,0.15,5433.2,300.46
4668,ORD04668,19-01-2025,West,CUST2173,Corporate,Furniture,Chair,10,,0.05,4740.5,1265.67
4669,ORD04669,27-12-2025,north,,Corporate,Office Supplies,Chair,8,299,,2392,603.05
4670,ORD04670,13-09-2025,West,,Corporate,Electronics,Printer,7,799,0.05,5313.35,632.79
4671,ORD04671,21-04-2024,East,CUST2863,Home Office,Electronics,Tablet,5,799,0.05,3795.25,520.81
4672,ORD04672,03-11-2024,West,,Corporate,Furniture,Tablet,5,499,0.1,2245.5,414.18
4673,ORD04673,15-12-2025,North,,Home Office,Furniture,Phone,8,99,0.15,673.2,60.59
4674,ORD04674,14-03-2025,north,CUST2280,Consumer,Office Supplies,Chair,4,499,0.15,1696.6,391.49
4675,ORD04675,30-01-2024,north,,Home Office,Electronics,Headphones,3,499,0.05,1422.15,220.13
4676,ORD04676,10-03-2025,north,CUST2736,Consumer,Office Supplies,Tablet,8,149,0,1192,269.28
4677,ORD04677,09-01-2024,East,CUST1847,Home Office,Electronics,Phone,10,999,0,9990,811.38
4678,ORD04678,20-09-2025,WEST,,Corporate,Electronics,Tablet,1,499,,499,50.74
4679,ORD04679,10-04-2025,East,,Home Office,Electronics,Tablet,9,99,0.15,757.35,80.67
4680,ORD04680,15-11-2024,WEST,,Home Office,Office Supplies,Chair,2,99,0.1,178.2,30.43
4681,ORD04681,21-07-2025,north,,Consumer,Furniture,Printer,3,99,,297,50.51
4682,ORD04682,23-07-2025,East,CUST2633,Home Office,Electronics,Phone,6,299,0.15,1524.9,92.24
4683,ORD04683,13-06-2025,WEST,,Home Office,Furniture,Tablet,,99,0.05,564.3,29.2
4684,ORD04684,17-11-2025,north,,Consumer,Electronics,Chair,4,799,0.05,3036.2,708.21
4685,ORD04685,23-09-2025,West,,Home Office,Furniture,Laptop,5,499,0.05,2370.25,579.81
4686,ORD04686,31-08-2024,North,CUST2192,Consumer,Electronics,Tablet,9,299,0.15,2287.35,553.06
4687,ORD04687,25-07-2025,North,,Corporate,Furniture,Chair,9,199,0,1791,353.79
4688,ORD04688,10-11-2025,West,CUST2783,Consumer,Furniture,Phone,4,149,0.15,506.6,110.18
4689,ORD04689,01-12-2024,North,,Consumer,Electronics,Laptop,2,199,0.05,378.1,60.47
4690,ORD04690,31-08-2025,North,,Corporate,Furniture,Phone,5,499,0.15,2120.75,575.52
4691,ORD04691,08-03-2025,north,CUST2948,Consumer,Electronics,Desk,7,99,,693,135.64
4692,ORD04692,30-05-2025,East,,Home Office,Electronics,Headphones,7,,0.05,3318.35,863.86
4693,ORD04693,17-06-2025,North,,Home Office,Furniture,Monitor,8,149,0.1,1072.8,287.99
4694,ORD04694,02-10-2024,East,,Corporate,Office Supplies,Tablet,7,199,0.15,1184.05,126.66
4695,ORD04695,18-04-2025,WEST,,Consumer,Furniture,Headphones,8,299,0.15,2033.2,609.28
4696,ORD04696,11-04-2024,WEST,,Corporate,Electronics,Headphones,9,99,0.1,801.9,103.28
4697,ORD04697,20-06-2024,East,,Consumer,Furniture,Phone,9,99,0,891,99.88
4698,ORD04698,23-05-2024,West,CUST2624,Consumer,Office Supplies,Printer,6,199,0,1194,239.11
4699,ORD04699,27-06-2024,North,CUST2801,Consumer,Office Supplies,Phone,3,999,0.05,2847.15,157.18
4700,ORD04700,27-03-2025,WEST,,Consumer,Electronics,Chair,6,,0,894,92.82
4701,ORD04701,20-05-2025,East,,Home Office,Furniture,Monitor,10,999,,9990,891.47
4702,ORD04702,27-07-2025,WEST,,Consumer,Office Supplies,Headphones,2,999,0.15,1698.3,368.33
4703,ORD04703,11-04-2024,North,,Consumer,Office Supplies,Desk,9,299,0.15,2287.35,418.48
4704,ORD04704,02-04-2024,WEST,,Corporate,Office Supplies,Laptop,3,799,0.15,2037.45,471.97
4705,ORD04705,02-06-2024,West,,Home Office,Office Supplies,Tablet,6,99,0.05,564.3,160.95
4706,ORD04706,04-01-2025,West,,Home Office,Office Supplies,Printer,10,999,0.1,8991,1364.76
4707,ORD04707,01-08-2024,North,,Corporate,Office Supplies,Printer,1,99,0.15,84.15,11.39
4708,ORD04708,04-07-2024,South,CUST2458,Home Office,Office Supplies,Monitor,6,499,0.15,2544.9,334.64
4709,ORD04709,29-10-2025,WEST,CUST1733,Home Office,Electronics,Laptop,5,,0.15,845.75,45.45
4710,ORD04710,30-11-2025,north,,Home Office,Furniture,Desk,3,299,0.15,762.45,57.67
4711,ORD04711,08-01-2025,North,,Consumer,Office Supplies,Tablet,5,199,0.1,895.5,126.66
4712,ORD04712,02-01-2025,South,,Home Office,Furniture,Laptop,2,149,0.05,283.1,16.57
4713,ORD04713,02-08-2025,East,,Home Office,Furniture,Chair,,99,0,792,59.56
4714,ORD04714,10-10-2024,South,,Corporate,Office Supplies,Laptop,3,799,0,2397,440.7
4715,ORD04715,20-03-2025,South,,Home Office,Electronics,Headphones,8,999,0.1,7192.8,818.67
4716,ORD04716,18-03-2025,West,,Home Office,Furniture,Tablet,6,149,0.1,804.6,65.83
4717,ORD04717,30-05-2025,North,CUST2118,Home Office,Furniture,Tablet,5,499,,2495,374.02
4718,ORD04718,03-11-2024,north,CUST2154,Home Office,Office Supplies,Laptop,4,149,0.05,566.2,168.95
4719,ORD04719,26-06-2025,north,,Consumer,Electronics,Printer,7,799,0.05,5313.35,1549.83
4720,ORD04720,08-11-2025,South,CUST1301,Home Office,Office Supplies,Desk,6,,0.1,804.6,105.17
4721,ORD04721,21-10-2025,South,,Home Office,Furniture,Headphones,1,99,,99,11.55
4722,ORD04722,31-07-2024,north,CUST2740,Home Office,Office Supplies,Laptop,5,99,,495,31.32
4723,ORD04723,25-06-2025,South,,Home Office,Office Supplies,Desk,9,299,0,2691,800.47
4724,ORD04724,17-01-2024,West,CUST2026,Corporate,Office Supplies,Tablet,7,499,,3493,240.99
4725,ORD04725,26-04-2024,WEST,CUST2008,Corporate,Office Supplies,Printer,10,99,0.15,841.5,145.06
4726,ORD04726,29-11-2024,East,CUST1350,Corporate,Office Supplies,Tablet,7,499,0.15,2969.05,469.43
4727,ORD04727,15-01-2025,East,,Home Office,Furniture,Desk,3,199,0,597,75.39
4728,ORD04728,13-08-2025,East,,Home Office,Electronics,Phone,,999,0.05,949.05,79.75
4729,ORD04729,04-03-2024,West,CUST2961,Home Office,Office Supplies,Headphones,10,299,0.05,2840.5,529.29
4730,ORD04730,21-02-2025,South,,Corporate,Electronics,Laptop,2,99,0.1,178.2,16.24
4731,ORD04731,05-07-2025,North,,Corporate,Office Supplies,Laptop,6,199,0.1,1074.6,183.92
4732,ORD04732,27-12-2024,South,,Home Office,Electronics,Headphones,10,499,0.1,4491,284.82
4733,ORD04733,26-01-2025,north,CUST1738,Consumer,Office Supplies,Monitor,3,299,0.05,852.15,126.07
4734,ORD04734,15-04-2025,North,CUST1784,Consumer,Furniture,Chair,,299,0.15,1779.05,442.65
4735,ORD04735,17-10-2024,South,,Corporate,Office Supplies,Monitor,9,199,,1791,279.73
4736,ORD04736,08-04-2024,West,CUST1742,Consumer,Furniture,Tablet,9,999,0,8991,2349.67
4737,ORD04737,04-03-2024,WEST,,Consumer,Electronics,Tablet,9,999,0.1,8091.9,1617.17
4738,ORD04738,29-08-2025,South,CUST1955,Corporate,Electronics,Phone,7,199,0.05,1323.35,82.03
4739,ORD04739,07-09-2025,North,,Home Office,Electronics,Chair,9,999,,8991,1718.15
4740,ORD04740,06-11-2025,East,CUST1294,Home Office,Electronics,Chair,2,999,0,1998,145.57
4741,ORD04741,15-09-2024,South,,Consumer,Furniture,Headphones,7,199,0.1,1253.7,63.14
4742,ORD04742,09-09-2024,North,,Corporate,Office Supplies,Phone,,999,0.15,3396.6,211.25
4743,ORD04743,15-06-2025,north,,Corporate,Office Supplies,Desk,8,799,0,6392,1145.37
4744,ORD04744,10-04-2024,East,,Home Office,Furniture,Laptop,1,999,0.05,949.05,173.27
4745,ORD04745,22-01-2025,West,CUST2791,Home Office,Electronics,Chair,2,499,0.05,948.1,49.43
4746,ORD04746,27-09-2025,South,,Home Office,Office Supplies,Tablet,5,499,0.15,2120.75,340.11
4747,ORD04747,23-07-2025,West,CUST1353,Home Office,Furniture,Tablet,10,199,0,1990,464.77
4748,ORD04748,24-05-2025,South,CUST1147,Home Office,Electronics,Chair,6,199,,1194,114.26
4749,ORD04749,19-05-2025,WEST,,Corporate,Electronics,Printer,8,999,0.1,7192.8,602.1
4750,ORD04750,11-09-2024,North,,Home Office,Furniture,Chair,1,999,0.15,849.15,147.11
4751,ORD04751,07-06-2025,North,CUST2215,Home Office,Electronics,Tablet,5,199,,995,122.82
4752,ORD04752,09-02-2025,South,,Corporate,Office Supplies,Printer,3,299,0.1,807.3,228.86
4753,ORD04753,03-02-2024,South,CUST2709,Consumer,Furniture,Printer,2,149,,298,75.23
4754,ORD04754,28-07-2024,north,,Home Office,Furniture,Monitor,5,199,0.15,845.75,168.49
4755,ORD04755,04-01-2024,South,,Home Office,Furniture,Desk,9,199,,1791,481.11
4756,ORD04756,21-12-2024,West,,Consumer,Office Supplies,Monitor,1,199,0.05,189.05,39.11
4757,ORD04757,27-05-2025,North,,Home Office,Office Supplies,Phone,9,199,0.15,1522.35,430.8
4758,ORD04758,19-01-2024,north,CUST1793,Corporate,Electronics,Phone,8,199,0.1,1432.8,304.62
4759,ORD04759,08-07-2024,North,,Consumer,Furniture,Tablet,8,149,0.05,1132.4,236.11
4760,ORD04760,01-10-2024,WEST,,Home Office,Office Supplies,Laptop,1,999,,999,134.43
4761,ORD04761,09-09-2024,East,CUST2406,Corporate,Furniture,Headphones,8,499,,3992,960.48
4762,ORD04762,03-03-2025,West,,Corporate,Furniture,Desk,10,799,0.1,7191,1359.2
4763,ORD04763,10-02-2024,WEST,,Corporate,Furniture,Printer,1,499,,499,38.99
4764,ORD04764,20-08-2025,South,,Home Office,Electronics,Laptop,5,199,0.05,945.25,183.76
4765,ORD04765,28-10-2025,West,,Consumer,Furniture,Phone,1,499,0,499,138.91
4766,ORD04766,03-04-2024,WEST,CUST2538,Home Office,Electronics,Laptop,1,149,0.05,141.55,22.3
4767,ORD04767,04-11-2025,South,,Consumer,Office Supplies,Monitor,9,149,0.05,1273.95,192.43
4768,ORD04768,06-01-2024,north,,Home Office,Furniture,Desk,1,999,0.1,899.1,116.86
4769,ORD04769,02-02-2024,north,,Home Office,Office Supplies,Monitor,3,199,,597,160.04
4770,ORD04770,26-08-2024,north,,Home Office,Furniture,Monitor,7,299,0.15,1779.05,219.77
4771,ORD04771,20-12-2024,North,,Home Office,Electronics,Laptop,3,499,0.15,1272.45,225.41
4772,ORD04772,01-11-2024,North,CUST1294,Corporate,Electronics,Headphones,3,799,,2397,418.96
4773,ORD04773,23-04-2025,WEST,,Home Office,Office Supplies,Laptop,4,99,,396,75.61
4774,ORD04774,21-10-2025,South,,Corporate,Furniture,Laptop,10,799,0,7990,1862.59
4775,ORD04775,30-10-2025,WEST,CUST2105,Consumer,Electronics,Printer,1,799,0,799,233.39
4776,ORD04776,02-02-2024,South,,Corporate,Office Supplies,Chair,1,299,0.1,269.1,72.77
4777,ORD04777,14-08-2025,North,,Consumer,Furniture,Monitor,10,299,0.05,2840.5,376.53
4778,ORD04778,14-12-2025,East,,Consumer,Electronics,Monitor,9,99,0.05,846.45,84.93
4779,ORD04779,26-11-2024,WEST,,Home Office,Electronics,Chair,2,999,0,1998,467.33
4780,ORD04780,20-06-2025,East,CUST2485,Home Office,Office Supplies,Headphones,8,799,0.1,5752.8,1178.36
4781,ORD04781,22-03-2025,North,,Home Office,Office Supplies,Chair,6,199,,1194,165.67
4782,ORD04782,16-06-2025,WEST,CUST2023,Consumer,Furniture,Phone,9,999,0.05,8541.45,985.95
4783,ORD04783,17-06-2025,West,,Consumer,Furniture,Headphones,9,799,,7191,1783.97
4784,ORD04784,31-05-2025,East,CUST2243,Corporate,Furniture,Monitor,7,99,0.05,658.35,41.67
4785,ORD04785,04-09-2024,WEST,,Corporate,Electronics,Printer,1,199,0.1,179.1,27.45
4786,ORD04786,19-09-2025,North,CUST2923,Consumer,Furniture,Laptop,9,99,0.05,846.45,250.9
4787,ORD04787,22-03-2025,West,,Consumer,Electronics,Laptop,7,,0.15,4754.05,1313.14
4788,ORD04788,05-03-2024,South,,Consumer,Office Supplies,Desk,8,799,,6392,1315.88
4789,ORD04789,21-08-2025,North,CUST1055,Corporate,Furniture,Phone,4,799,,3196,714.66
4790,ORD04790,30-01-2025,north,CUST2992,Consumer,Furniture,Laptop,2,999,0.05,1898.1,421.35
4791,ORD04791,17-10-2024,West,,Consumer,Office Supplies,Chair,2,149,0,298,31.21
4792,ORD04792,24-05-2025,WEST,,Corporate,Furniture,Phone,5,999,0.05,4745.25,712.63
4793,ORD04793,21-07-2024,North,,Corporate,Furniture,Tablet,2,149,0.1,268.2,71.63
4794,ORD04794,02-01-2024,WEST,CUST1209,Corporate,Office Supplies,Chair,5,999,0,4995,1030.55
4795,ORD04795,12-01-2025,South,CUST2141,Home Office,Office Supplies,Chair,2,499,0.15,848.3,176.92
4796,ORD04796,25-01-2025,North,CUST2756,Consumer,Electronics,Desk,1,999,0.1,899.1,75.03
4797,ORD04797,05-09-2025,north,,Home Office,Furniture,Tablet,3,999,0.15,2547.45,570.99
4798,ORD04798,21-07-2024,north,CUST1224,Consumer,Office Supplies,Laptop,3,99,,297,33.5
4799,ORD04799,21-07-2024,South,,Corporate,Office Supplies,Monitor,1,149,,149,37.63
4800,ORD04800,02-02-2024,North,,Corporate,Office Supplies,Headphones,5,149,0.05,707.75,178.63
4801,ORD04801,14-12-2024,South,CUST2338,Consumer,Office Supplies,Headphones,5,149,0.15,633.25,51.12
4802,ORD04802,18-09-2024,South,,Corporate,Office Supplies,Headphones,4,99,0,396,57.16
4803,ORD04803,09-09-2025,South,CUST2549,Consumer,Office Supplies,Desk,1,199,0.15,169.15,42.55
4804,ORD04804,20-06-2025,East,CUST1688,Home Office,Electronics,Chair,4,799,,3196,469.96
4805,ORD04805,30-07-2025,North,,Consumer,Furniture,Laptop,8,499,0,3992,519.52
4806,ORD04806,12-08-2024,north,,Corporate,Electronics,Desk,4,,0.15,1696.6,491.91
4807,ORD04807,31-07-2024,WEST,,Corporate,Office Supplies,Headphones,4,99,,396,46.04
4808,ORD04808,21-02-2025,north,CUST1965,Corporate,Electronics,Headphones,1,299,0.15,254.15,74.64
4809,ORD04809,04-01-2025,north,CUST2769,Consumer,Office Supplies,Desk,10,199,,1990,482.3
4810,ORD04810,19-10-2024,WEST,CUST2603,Consumer,Furniture,Printer,1,99,0,99,21.55
4811,ORD04811,02-10-2024,North,CUST1124,Corporate,Furniture,Laptop,2,499,,998,180.75
4812,ORD04812,05-11-2024,WEST,CUST2438,Consumer,Furniture,Laptop,3,299,0.1,807.3,122.09
4813,ORD04813,03-04-2024,West,,Home Office,Office Supplies,Monitor,5,199,0.1,895.5,146.31
4814,ORD04814,14-01-2024,north,,Corporate,Office Supplies,Tablet,10,499,0,4990,735.23
4815,ORD04815,02-02-2024,East,,Consumer,Office Supplies,Monitor,1,99,0.05,94.05,5.15
4816,ORD04816,08-03-2025,East,CUST1948,Consumer,Furniture,Tablet,4,799,0.15,2716.6,166.75
4817,ORD04817,09-04-2024,East,,Corporate,Electronics,Tablet,1,199,0.15,169.15,34.83
4818,ORD04818,13-12-2025,West,,Corporate,Office Supplies,Printer,10,999,0,9990,1884.62
4819,ORD04819,04-04-2024,WEST,CUST2655,Consumer,Furniture,Phone,1,99,,99,15.13
4820,ORD04820,01-07-2024,West,,Corporate,Electronics,Monitor,3,149,0.1,402.3,88.92
4821,ORD04821,30-04-2025,North,,Corporate,Office Supplies,Laptop,5,99,0.05,470.25,32.09
4822,ORD04822,20-05-2025,North,CUST2397,Corporate,Furniture,Headphones,9,99,0.05,846.45,175.22
4823,ORD04823,10-12-2025,West,,Home Office,Electronics,Tablet,4,99,0,396,30.59
4824,ORD04824,12-12-2025,West,,Home Office,Office Supplies,Monitor,6,999,0.1,5394.6,429.77
4825,ORD04825,10-12-2025,WEST,,Home Office,Office Supplies,Chair,5,199,0.15,845.75,226.75
4826,ORD04826,19-12-2024,North,,Home Office,Electronics,Tablet,5,799,,3995,865.26
4827,ORD04827,24-12-2024,West,,Consumer,Office Supplies,Chair,3,99,0.05,282.15,57.59
4828,ORD04828,11-10-2024,South,,Corporate,Furniture,Chair,5,149,0.15,633.25,94.17
4829,ORD04829,20-05-2025,WEST,,Consumer,Office Supplies,Monitor,10,499,0.1,4491,850.24
4830,ORD04830,20-03-2024,North,,Home Office,Furniture,Chair,6,799,,4794,579.07
4831,ORD04831,02-02-2024,West,CUST1066,Corporate,Office Supplies,Chair,6,149,,894,177.97
4832,ORD04832,08-11-2024,South,,Corporate,Electronics,Phone,8,499,,3992,1174.73
4833,ORD04833,06-12-2024,North,CUST2510,Home Office,Office Supplies,Laptop,3,299,0.15,762.45,177.3
4834,ORD04834,23-01-2024,South,CUST2837,Consumer,Furniture,Printer,10,299,0.1,2691,326.17
4835,ORD04835,21-01-2025,north,,Consumer,Office Supplies,Tablet,3,799,0.15,2037.45,309.95
4836,ORD04836,28-07-2025,north,CUST2602,Corporate,Furniture,Monitor,7,299,0.1,1883.7,172.19
4837,ORD04837,16-09-2025,South,CUST2286,Consumer,Furniture,Laptop,7,,0,1393,152.9
4838,ORD04838,10-06-2024,North,,Consumer,Furniture,Phone,5,199,0.1,895.5,190.44
4839,ORD04839,27-06-2024,WEST,CUST1033,Home Office,Office Supplies,Laptop,7,99,0.1,623.7,91.19
4840,ORD04840,10-12-2025,north,,Consumer,Office Supplies,Chair,7,499,0.1,3143.7,924.33
4841,ORD04841,14-03-2024,West,,Consumer,Electronics,Monitor,1,799,0.05,759.05,200.01
4842,ORD04842,05-02-2024,north,,Home Office,Electronics,Tablet,4,99,0.05,376.2,24.63
4843,ORD04843,22-01-2024,East,CUST2898,Corporate,Electronics,Chair,3,299,0.15,762.45,177.17
4844,ORD04844,23-05-2024,WEST,,Home Office,Office Supplies,Headphones,8,799,,6392,1020.19
4845,ORD04845,03-05-2024,South,CUST2114,Consumer,Electronics,Headphones,4,499,0.05,1896.2,408.13
4846,ORD04846,14-07-2024,East,CUST2403,Corporate,Furniture,Printer,4,299,,1196,140.83
4847,ORD04847,13-06-2025,North,,Consumer,Furniture,Laptop,6,199,0.05,1134.3,335.96
4848,ORD04848,08-09-2024,East,CUST2456,Corporate,Electronics,Desk,2,299,,598,76.19
4849,ORD04849,07-07-2025,East,,Home Office,Electronics,Headphones,9,499,0.05,4266.45,596.4
4850,ORD04850,13-09-2024,West,,Home Office,Furniture,Chair,10,149,,1490,420.37
4851,ORD04851,14-10-2025,WEST,CUST1686,Corporate,Office Supplies,Desk,8,799,0.15,5433.2,286.04
4852,ORD04852,19-06-2025,WEST,CUST1245,Corporate,Furniture,Monitor,8,99,0,792,44.12
4853,ORD04853,03-03-2024,South,,Home Office,Office Supplies,Printer,9,299,0.1,2421.9,216.63
4854,ORD04854,22-09-2025,north,CUST2728,Corporate,Office Supplies,Desk,1,199,0,199,48.13
4855,ORD04855,21-05-2024,West,,Consumer,Furniture,Laptop,8,99,0.1,712.8,125.53
4856,ORD04856,31-12-2024,WEST,,Consumer,Furniture,Laptop,6,299,0.15,1524.9,216.82
4857,ORD04857,04-07-2024,West,,Corporate,Office Supplies,Chair,6,99,0,594,116.9
4858,ORD04858,23-11-2025,north,CUST1242,Home Office,Office Supplies,Monitor,8,199,0.15,1353.2,353.84
4859,ORD04859,25-01-2024,West,CUST1999,Home Office,Office Supplies,Headphones,3,299,0.15,762.45,176.23
4860,ORD04860,19-04-2024,North,,Corporate,Furniture,Printer,5,499,0.15,2120.75,177.31
4861,ORD04861,06-09-2025,north,,Corporate,Electronics,Tablet,5,799,0.05,3795.25,1000.07
4862,ORD04862,05-01-2024,north,,Corporate,Office Supplies,Monitor,4,499,0.15,1696.6,145.42
4863,ORD04863,25-11-2024,East,CUST1208,Corporate,Electronics,Tablet,4,799,0,3196,835.59
4864,ORD04864,10-10-2025,South,,Consumer,Electronics,Headphones,6,149,0.15,759.9,41.48
4865,ORD04865,27-03-2025,north,,Home Office,Furniture,Printer,5,999,0.05,4745.25,715.73
4866,ORD04866,23-03-2024,West,,Corporate,Office Supplies,Tablet,5,799,0.15,3395.75,700.39
4867,ORD04867,16-02-2024,north,,Corporate,Electronics,Printer,8,299,0,2392,444.45
4868,ORD04868,07-03-2024,WEST,,Consumer,Electronics,Chair,7,149,0,1043,298.41
4869,ORD04869,16-11-2024,East,,Home Office,Electronics,Desk,4,299,0,1196,211.48
4870,ORD04870,19-07-2025,North,,Home Office,Electronics,Tablet,3,149,,447,30.94
4871,ORD04871,20-07-2025,north,,Consumer,Furniture,Laptop,3,149,0,447,47.51
4872,ORD04872,13-04-2024,north,,Consumer,Office Supplies,Tablet,10,799,0.15,6791.5,1842.57
4873,ORD04873,02-02-2025,East,,Consumer,Electronics,Headphones,10,299,0.1,2691,250.67
4874,ORD04874,15-02-2025,North,,Home Office,Electronics,Tablet,7,99,0.05,658.35,104.32
4875,ORD04875,19-03-2024,East,CUST2349,Consumer,Electronics,Chair,10,999,0.15,8491.5,2512.13
4876,ORD04876,24-01-2025,North,CUST1872,Corporate,Office Supplies,Tablet,5,99,0.1,445.5,78.39
4877,ORD04877,25-12-2024,WEST,,Consumer,Office Supplies,Monitor,1,149,0.15,126.65,22.84
4878,ORD04878,03-10-2024,north,,Consumer,Furniture,Desk,10,499,0.15,4241.5,807.11
4879,ORD04879,07-08-2024,East,CUST2089,Home Office,Furniture,Tablet,3,499,0.05,1422.15,197.59
4880,ORD04880,15-07-2024,North,CUST2395,Consumer,Office Supplies,Monitor,9,149,0.05,1273.95,297.4
4881,ORD04881,29-05-2025,West,,Corporate,Electronics,Monitor,7,799,0.15,4754.05,555.69
4882,ORD04882,22-05-2024,North,CUST2544,Home Office,Office Supplies,Phone,10,499,0.15,4241.5,1203.83
4883,ORD04883,24-01-2024,West,,Home Office,Furniture,Headphones,7,199,0.15,1184.05,116.87
4884,ORD04884,01-06-2024,north,,Consumer,Electronics,Monitor,2,299,0.15,508.3,94.26
4885,ORD04885,04-10-2025,north,,Corporate,Electronics,Monitor,8,999,0.1,7192.8,746.63
4886,ORD04886,10-09-2024,South,,Consumer,Furniture,Chair,5,149,0.1,670.5,68.9
4887,ORD04887,05-05-2024,East,,Corporate,Office Supplies,Headphones,1,799,0,799,176.29
4888,ORD04888,08-04-2025,north,CUST1763,Home Office,Electronics,Tablet,3,199,0.05,567.15,124.55
4889,ORD04889,12-09-2025,East,,Consumer,Office Supplies,Tablet,8,499,0,3992,1119.14
4890,ORD04890,01-05-2024,West,,Home Office,Electronics,Printer,7,499,0.15,2969.05,510.45
4891,ORD04891,09-09-2024,WEST,CUST1164,Corporate,Office Supplies,Monitor,6,99,,594,154.27
4892,ORD04892,06-09-2025,North,CUST1940,Corporate,Electronics,Chair,10,299,0.1,2691,256.09
4893,ORD04893,19-02-2025,WEST,CUST1853,Corporate,Furniture,Headphones,3,199,0,597,53.72
4894,ORD04894,27-06-2025,North,,Corporate,Electronics,Tablet,7,999,0.15,5944.05,1455.71
4895,ORD04895,10-08-2025,South,,Consumer,Office Supplies,Tablet,7,99,0,693,129.54
4896,ORD04896,30-04-2025,East,,Corporate,Electronics,Chair,2,99,,198,11.92
4897,ORD04897,28-05-2025,North,,Home Office,Furniture,Laptop,3,499,0.15,1272.45,324.35
4898,ORD04898,27-11-2024,north,,Home Office,Furniture,Printer,10,999,0,9990,2761.18
4899,ORD04899,27-01-2025,WEST,,Home Office,Electronics,Monitor,10,799,,7990,1588.04
4900,ORD04900,27-01-2024,North,,Corporate,Electronics,Printer,8,499,0,3992,339.81
4901,ORD04901,12-08-2024,north,,Home Office,Office Supplies,Headphones,3,799,0.1,2157.3,627.35
4902,ORD04902,31-05-2024,WEST,,Corporate,Furniture,Tablet,9,799,,7191,1191.48
4903,ORD04903,09-08-2025,South,,Home Office,Furniture,Headphones,8,799,0.15,5433.2,1227.4
4904,ORD04904,14-01-2025,East,,Home Office,Electronics,Printer,7,199,0.15,1184.05,166.04
4905,ORD04905,22-08-2025,WEST,,Corporate,Office Supplies,Monitor,8,299,0.15,2033.2,496.41
4906,ORD04906,04-08-2025,East,CUST2131,Home Office,Office Supplies,Monitor,3,99,0.05,282.15,41.67
4907,ORD04907,14-10-2024,East,,Home Office,Electronics,Phone,5,199,0.15,845.75,189.49
4908,ORD04908,01-10-2025,North,,Corporate,Furniture,Headphones,10,299,,2990,813.81
4909,ORD04909,21-10-2025,West,CUST1872,Home Office,Office Supplies,Headphones,5,199,,995,155.82
4910,ORD04910,14-07-2024,WEST,CUST1170,Home Office,Electronics,Headphones,6,149,,894,189.83
4911,ORD04911,18-10-2024,East,,Corporate,Office Supplies,Laptop,1,149,0,149,19.64
4912,ORD04912,27-12-2024,WEST,,Consumer,Furniture,Chair,6,799,,4794,1205.65
4913,ORD04913,06-02-2024,West,,Corporate,Office Supplies,Headphones,5,499,0.15,2120.75,158.43
4914,ORD04914,14-11-2024,South,,Home Office,Furniture,Laptop,2,799,0,1598,370.09
4915,ORD04915,30-07-2025,East,,Home Office,Furniture,Printer,4,199,0,796,120.66
4916,ORD04916,31-08-2025,North,,Consumer,Electronics,Laptop,4,149,0.1,536.4,124.29
4917,ORD04917,22-09-2025,north,,Consumer,Furniture,Printer,5,799,,3995,861.37
4918,ORD04918,18-08-2024,North,,Corporate,Office Supplies,Chair,6,999,,5994,1175.42
4919,ORD04919,09-10-2025,WEST,,Consumer,Furniture,Printer,8,299,0.05,2272.4,461.74
4920,ORD04920,30-10-2025,East,,Corporate,Office Supplies,Phone,5,199,0.15,845.75,243.82
4921,ORD04921,01-01-2024,West,CUST1194,Consumer,Office Supplies,Chair,9,199,0.1,1611.9,88.14
4922,ORD04922,28-11-2025,East,,Corporate,Electronics,Chair,7,999,,6993,2017.79
4923,ORD04923,07-06-2024,north,,Consumer,Furniture,Printer,1,499,0.05,474.05,121.87
4924,ORD04924,29-04-2025,East,,Home Office,Office Supplies,Tablet,4,799,0.1,2876.4,802.8
4925,ORD04925,17-09-2024,South,,Home Office,Furniture,Printer,4,199,0.1,716.4,131.89
4926,ORD04926,14-06-2025,North,,Consumer,Furniture,Tablet,4,799,0.05,3036.2,839.77
4927,ORD04927,16-11-2024,South,CUST2305,Corporate,Furniture,Phone,9,499,0,4491,672.09
4928,ORD04928,07-04-2024,North,,Home Office,Electronics,Headphones,8,499,0.05,3792.4,732.66
4929,ORD04929,06-06-2025,WEST,,Home Office,Office Supplies,Laptop,6,99,0.1,534.6,57.79
4930,ORD04930,05-08-2024,South,,Consumer,Electronics,Headphones,5,499,,2495,527.63
4931,ORD04931,22-05-2025,West,CUST2129,Home Office,Electronics,Headphones,8,299,0.1,2152.8,331.29
4932,ORD04932,08-09-2024,WEST,,Home Office,Electronics,Desk,4,499,,1996,353.26
4933,ORD04933,08-03-2024,South,,Home Office,Furniture,Desk,4,499,0.1,1796.4,107.9
4934,ORD04934,02-06-2024,WEST,,Corporate,Office Supplies,Laptop,10,99,0.15,841.5,84.41
4935,ORD04935,09-02-2024,WEST,CUST1370,Corporate,Furniture,Phone,7,149,0.1,938.7,174.48
4936,ORD04936,30-09-2024,North,,Home Office,Electronics,Chair,5,799,0.15,3395.75,889.95
4937,ORD04937,14-04-2024,north,,Consumer,Electronics,Headphones,1,149,,149,40.73
4938,ORD04938,30-11-2024,WEST,,Consumer,Electronics,Phone,5,499,0,2495,459.61
4939,ORD04939,09-08-2025,North,,Home Office,Electronics,Chair,8,499,0.05,3792.4,378.14
4940,ORD04940,04-06-2024,West,,Home Office,Furniture,Tablet,1,199,0.1,179.1,39.57
4941,ORD04941,30-07-2024,East,,Home Office,Office Supplies,Monitor,7,,0,2093,181.58
4942,ORD04942,15-02-2024,north,,Home Office,Furniture,Printer,2,149,0.05,283.1,50.66
4943,ORD04943,10-03-2025,north,,Home Office,Electronics,Monitor,7,799,,5593,575.74
4944,ORD04944,11-10-2024,north,,Home Office,Office Supplies,Monitor,4,299,,1196,63.25
4945,ORD04945,26-04-2024,West,,Corporate,Furniture,Phone,9,99,0,891,93.17
4946,ORD04946,06-05-2025,North,,Home Office,Electronics,Monitor,6,199,0.05,1134.3,320.98
4947,ORD04947,02-11-2025,north,,Consumer,Electronics,Headphones,9,999,0.1,8091.9,1037.93
4948,ORD04948,31-08-2025,West,,Consumer,Office Supplies,Monitor,7,199,0.1,1253.7,303.02
4949,ORD04949,11-11-2025,West,,Consumer,Electronics,Headphones,5,299,0.05,1420.25,203.87
4950,ORD04950,22-06-2025,West,,Corporate,Furniture,Tablet,7,799,0.1,5033.7,301.72
4951,ORD04951,11-10-2025,north,CUST2630,Corporate,Furniture,Laptop,1,149,0.1,134.1,12.73
4952,ORD04952,21-10-2025,South,,Consumer,Office Supplies,Chair,8,199,0,1592,89.19
4953,ORD04953,31-07-2025,North,CUST1614,Corporate,Furniture,Tablet,10,99,0.1,891,226.4
4954,ORD04954,13-04-2024,WEST,CUST1815,Corporate,Office Supplies,Printer,6,149,,894,181.09
4955,ORD04955,24-06-2025,West,,Home Office,Office Supplies,Printer,8,499,0.05,3792.4,929.83
4956,ORD04956,04-10-2024,South,CUST1711,Corporate,Electronics,Tablet,8,299,0.15,2033.2,314.8
4957,ORD04957,10-07-2024,North,CUST2338,Home Office,Electronics,Monitor,10,149,0.15,1266.5,358.77
4958,ORD04958,09-12-2025,north,,Consumer,Furniture,Tablet,7,99,,693,36.51
4959,ORD04959,08-12-2024,West,,Home Office,Office Supplies,Tablet,8,799,0.1,5752.8,1496.78
4960,ORD04960,17-11-2024,West,,Corporate,Electronics,Printer,7,799,0.1,5033.7,1500.08
4961,ORD04961,09-02-2024,WEST,,Corporate,Electronics,Desk,4,499,0.15,1696.6,453.38
4962,ORD04962,26-04-2024,North,,Corporate,Furniture,Headphones,5,499,0.15,2120.75,574.24
4963,ORD04963,27-08-2025,South,CUST1113,Corporate,Office Supplies,Monitor,9,199,0.1,1611.9,117.3
4964,ORD04964,07-05-2024,North,,Home Office,Office Supplies,Chair,10,199,0.1,1791,419.86
4965,ORD04965,12-04-2024,WEST,,Consumer,Electronics,Monitor,1,149,0.05,141.55,23.08
4966,ORD04966,31-01-2025,North,,Home Office,Office Supplies,Printer,2,799,0.15,1358.3,92.69
4967,ORD04967,25-10-2024,East,,Consumer,Office Supplies,Headphones,3,99,0.05,282.15,25.12
4968,ORD04968,25-09-2025,West,CUST2274,Corporate,Electronics,Chair,8,499,0.1,3592.8,498.64
4969,ORD04969,08-09-2025,South,,Home Office,Electronics,Monitor,9,999,0.1,8091.9,2016.35
4970,ORD04970,02-05-2024,north,,Home Office,Furniture,Laptop,6,99,,594,71.11
4971,ORD04971,14-02-2024,North,CUST2383,Consumer,Furniture,Chair,1,499,0.1,449.1,24.74
4972,ORD04972,21-06-2025,North,,Home Office,Furniture,Desk,3,149,0.15,379.95,31.04
4973,ORD04973,17-03-2024,North,,Home Office,Electronics,Desk,7,999,0.05,6643.35,1173.43
4974,ORD04974,08-03-2025,north,,Consumer,Electronics,Laptop,8,199,0.1,1432.8,106.7
4975,ORD04975,09-11-2025,East,,Corporate,Electronics,Chair,4,149,,596,88.1
4976,ORD04976,24-06-2025,West,,Home Office,Furniture,Printer,2,999,,1998,508.58
4977,ORD04977,18-12-2024,South,,Home Office,Furniture,Phone,,199,0,1393,294.12
4978,ORD04978,07-03-2025,north,CUST1310,Consumer,Furniture,Tablet,3,199,0,597,67.44
4979,ORD04979,11-11-2025,West,,Consumer,Electronics,Laptop,10,149,0.15,1266.5,181.18
4980,ORD04980,14-07-2025,East,CUST1919,Corporate,Electronics,Chair,1,99,0.1,89.1,7.71
4981,ORD04981,29-12-2024,South,,Consumer,Office Supplies,Headphones,5,799,0.15,3395.75,1008.58
4982,ORD04982,17-01-2024,North,CUST2289,Consumer,Office Supplies,Tablet,10,199,,1990,273.87
4983,ORD04983,06-10-2025,north,,Home Office,Electronics,Printer,7,299,,2093,555.63
4984,ORD04984,09-01-2024,north,,Consumer,Electronics,Laptop,4,499,0.1,1796.4,125.68
4985,ORD04985,30-01-2025,WEST,CUST1586,Corporate,Electronics,Tablet,2,299,0.1,538.2,100.13
4986,ORD04986,11-09-2024,South,,Home Office,Office Supplies,Monitor,7,199,,1393,401.97
4987,ORD04987,16-02-2024,north,,Home Office,Furniture,Monitor,2,,0.1,358.2,40.76
4988,ORD04988,08-06-2025,South,CUST2887,Home Office,Electronics,Desk,1,799,0.15,679.15,151.78
4989,ORD04989,15-11-2024,north,CUST1417,Corporate,Furniture,Headphones,3,999,0.1,2697.3,495.46
4990,ORD04990,30-04-2025,East,,Consumer,Office Supplies,Tablet,4,999,,3996,465.01
4991,ORD04991,22-07-2024,North,,Corporate,Electronics,Desk,2,199,0.05,378.1,50.96
4992,ORD04992,16-12-2025,South,,Consumer,Office Supplies,Monitor,5,199,0,995,257
4993,ORD04993,24-09-2025,West,,Corporate,Office Supplies,Desk,3,99,0.1,267.3,73.89
4994,ORD04994,04-07-2024,South,CUST2308,Consumer,Electronics,Chair,5,99,0.1,445.5,125.24
4995,ORD04995,17-05-2025,West,CUST2216,Corporate,Electronics,Printer,6,799,0.1,4314.6,290.12
4996,ORD04996,10-11-2025,North,,Consumer,Electronics,Headphones,4,999,0,3996,991.28
4997,ORD04997,23-03-2025,north,,Consumer,Furniture,Printer,6,299,,1794,490.86
4998,ORD04998,06-03-2024,North,,Consumer,Furniture,Laptop,8,199,0.1,1432.8,347.94
4999,ORD04999,27-02-2025,WEST,,Corporate,Electronics,Chair,1,299,0.1,269.1,59.3
5000,ORD05000,26-12-2025,West,CUST1491,Consumer,Furniture,Printer,7,299,0.05,1988.35,345.18
5001,ORD05001,07-10-2024,WEST,,Corporate,Furniture,Chair,2,499,0.05,948.1,250.77
5002,ORD05002,09-05-2025,East,,Home Office,Furniture,Phone,7,999,0.1,6293.7,325.13
5003,ORD05003,08-01-2025,West,CUST2685,Consumer,Electronics,Desk,6,99,0.15,504.9,57.65
5004,ORD05004,07-09-2024,WEST,CUST2936,Home Office,Office Supplies,Phone,2,149,0.05,283.1,82.93
5005,ORD05005,17-10-2025,South,CUST2372,Consumer,Furniture,Headphones,8,199,0.1,1432.8,244.04
5006,ORD05006,02-11-2025,North,CUST2155,Home Office,Electronics,Laptop,10,149,0.1,1341,210.3
5007,ORD05007,27-01-2025,East,,Home Office,Office Supplies,Desk,1,799,0.15,679.15,117.77
5008,ORD05008,15-08-2024,South,,Consumer,Electronics,Printer,5,199,,995,185.73
5009,ORD05009,31-01-2024,East,CUST2478,Corporate,Office Supplies,Tablet,4,199,0.15,676.6,156.24
5010,ORD05010,21-05-2024,North,,Consumer,Office Supplies,Laptop,3,799,0.05,2277.15,494.48
5011,ORD05011,30-01-2025,West,,Consumer,Office Supplies,Monitor,5,149,0,745,127.26
5012,ORD05012,07-01-2025,South,CUST1690,Consumer,Electronics,Printer,10,149,0.05,1415.5,405.62
5013,ORD05013,24-10-2024,South,CUST2812,Home Office,Office Supplies,Laptop,10,99,0.15,841.5,85.87
5014,ORD05014,05-07-2025,North,,Corporate,Office Supplies,Phone,6,199,0.15,1014.9,130.08
5015,ORD05015,25-02-2025,North,,Home Office,Furniture,Laptop,8,299,0.15,2033.2,567.23
5016,ORD05016,26-05-2025,West,CUST2457,Consumer,Furniture,Monitor,4,199,0,796,80.65
5017,ORD05017,02-01-2025,South,,Consumer,Electronics,Phone,8,299,0.15,2033.2,260.15
5018,ORD05018,06-04-2025,South,,Home Office,Office Supplies,Laptop,4,999,,3996,763.47
5019,ORD05019,29-01-2024,West,CUST2754,Consumer,Office Supplies,Desk,2,99,0,198,14.02
5020,ORD05020,05-06-2024,West,CUST1450,Corporate,Furniture,Chair,4,149,0.15,506.6,135.3
5021,ORD05021,24-10-2025,East,,Home Office,Office Supplies,Monitor,4,99,,396,70.69
5022,ORD05022,01-01-2025,WEST,,Corporate,Furniture,Tablet,4,999,0,3996,584.4
5023,ORD05023,31-01-2025,South,,Consumer,Office Supplies,Monitor,9,999,0.1,8091.9,1785.33
5024,ORD05024,19-03-2025,North,,Home Office,Electronics,Printer,7,499,0.1,3143.7,641
5025,ORD05025,20-09-2024,north,,Consumer,Electronics,Desk,2,999,0.15,1698.3,113.95
5026,ORD05026,02-03-2024,West,,Consumer,Office Supplies,Tablet,9,99,0,891,195.46
5027,ORD05027,02-11-2024,WEST,,Consumer,Furniture,Tablet,6,499,,2994,661.28
5028,ORD05028,19-06-2025,North,,Corporate,Office Supplies,Monitor,1,499,0,499,107.71
5029,ORD05029,16-05-2024,East,,Corporate,Furniture,Printer,4,199,,796,146.07
5030,ORD05030,01-01-2025,South,CUST2852,Home Office,Electronics,Chair,8,799,0.1,5752.8,1198.91
5031,ORD05031,04-07-2024,North,,Consumer,Furniture,Tablet,5,299,0.05,1420.25,253.53
5032,ORD05032,11-06-2024,West,,Home Office,Electronics,Tablet,8,799,0,6392,826.45
5033,ORD05033,06-07-2024,South,CUST2214,Corporate,Office Supplies,Printer,5,299,0.15,1270.75,204.39
5034,ORD05034,12-03-2024,North,,Consumer,Furniture,Phone,9,149,0,1341,264.81
5035,ORD05035,23-10-2024,WEST,,Consumer,Furniture,Monitor,6,799,,4794,763.65
5036,ORD05036,22-08-2025,South,,Corporate,Furniture,Monitor,7,149,0,1043,141.73
5037,ORD05037,05-01-2024,South,,Home Office,Office Supplies,Printer,8,799,0,6392,1565.55
5038,ORD05038,14-03-2024,West,,Corporate,Office Supplies,Headphones,4,999,0.15,3396.6,879.86
5039,ORD05039,02-05-2024,East,CUST2418,Consumer,Office Supplies,Headphones,9,799,0.15,6112.35,1710.7
5040,ORD05040,29-02-2024,South,,Home Office,Office Supplies,Chair,5,199,,995,116.11
5041,ORD05041,09-11-2025,north,CUST2999,Corporate,Furniture,Tablet,4,499,0.15,1696.6,141.14
5042,ORD05042,19-08-2025,South,CUST1331,Consumer,Furniture,Printer,1,499,0.05,474.05,57.13
5043,ORD05043,25-03-2025,East,,Corporate,Electronics,Desk,5,99,,495,73.53
5044,ORD05044,23-12-2025,East,,Corporate,Furniture,Chair,4,299,0.15,1016.6,72.38
5045,ORD05045,29-10-2024,WEST,,Corporate,Office Supplies,Monitor,9,149,0.05,1273.95,282.73
5046,ORD05046,16-09-2025,North,,Corporate,Furniture,Monitor,9,149,0.05,1273.95,91.21
5047,ORD05047,30-05-2025,WEST,,Consumer,Office Supplies,Phone,8,799,0.1,5752.8,371.02
5048,ORD05048,09-04-2024,West,,Corporate,Office Supplies,Headphones,7,799,0,5593,1646.16
5049,ORD05049,10-06-2025,north,CUST2929,Home Office,Furniture,Printer,9,99,0.05,846.45,86.52
5050,ORD05050,29-12-2024,WEST,,Corporate,Furniture,Monitor,10,799,,7990,1198.36
5051,ORD05051,12-05-2025,North,CUST2885,Corporate,Furniture,Printer,2,299,,598,39.53
5052,ORD05052,07-08-2024,South,,Consumer,Office Supplies,Laptop,7,199,0,1393,340.92
5053,ORD05053,02-04-2025,West,,Consumer,Furniture,Headphones,9,99,,891,164.54
5054,ORD05054,23-05-2024,North,CUST2218,Corporate,Office Supplies,Headphones,6,149,0,894,46.85
5055,ORD05055,13-12-2024,South,,Home Office,Office Supplies,Laptop,6,149,0.1,804.6,162.52
5056,ORD05056,08-06-2024,north,,Home Office,Electronics,Tablet,1,799,0.05,759.05,132.07
5057,ORD05057,25-11-2025,WEST,CUST2144,Consumer,Office Supplies,Desk,6,99,0,594,65.93
5058,ORD05058,30-09-2024,South,,Consumer,Office Supplies,Chair,3,199,0.05,567.15,166.7
5059,ORD05059,30-07-2024,North,CUST1768,Consumer,Furniture,Tablet,6,99,0.1,534.6,101.29
5060,ORD05060,24-01-2025,North,,Home Office,Office Supplies,Headphones,9,199,,1791,249.9
5061,ORD05061,25-03-2024,north,,Home Office,Furniture,Desk,5,99,0.05,470.25,33.92
5062,ORD05062,28-11-2025,East,,Corporate,Furniture,Chair,3,149,0.15,379.95,91.7
5063,ORD05063,20-10-2025,North,CUST2548,Corporate,Furniture,Printer,10,999,0.15,8491.5,1271.32
5064,ORD05064,28-06-2024,north,,Consumer,Office Supplies,Tablet,7,199,,1393,194.28
5065,ORD05065,04-08-2025,north,,Corporate,Office Supplies,Desk,2,199,0,398,25.02
5066,ORD05066,23-12-2025,West,CUST2386,Consumer,Office Supplies,Printer,3,99,0,297,34
5067,ORD05067,20-02-2025,North,,Consumer,Furniture,Printer,2,299,0.05,568.1,115.24
5068,ORD05068,18-07-2024,East,CUST1451,Home Office,Electronics,Desk,5,99,,495,50.53
5069,ORD05069,21-08-2025,North,,Home Office,Furniture,Printer,8,999,0.15,6793.2,1878.48
5070,ORD05070,31-05-2025,West,,Consumer,Furniture,Chair,2,199,,398,55.22
5071,ORD05071,19-02-2025,East,,Home Office,Electronics,Monitor,3,149,0.15,379.95,57.32
5072,ORD05072,09-03-2025,north,,Consumer,Office Supplies,Headphones,7,299,0.15,1779.05,341.09
5073,ORD05073,19-12-2025,North,CUST2878,Consumer,Electronics,Headphones,6,999,0.1,5394.6,353.28
5074,ORD05074,12-04-2025,East,,Home Office,Electronics,Desk,9,799,0.15,6112.35,1210.17
5075,ORD05075,18-05-2025,North,CUST1168,Corporate,Electronics,Printer,3,299,,897,211.07
5076,ORD05076,06-12-2025,WEST,,Consumer,Furniture,Desk,10,299,,2990,410.09
5077,ORD05077,26-11-2025,WEST,,Consumer,Furniture,Laptop,2,999,,1998,455.06
5078,ORD05078,02-11-2024,West,CUST2667,Corporate,Furniture,Monitor,10,299,0.1,2691,607.53
5079,ORD05079,09-02-2024,north,,Corporate,Office Supplies,Monitor,,499,0.1,898.2,49.08
5080,ORD05080,07-08-2024,North,,Consumer,Electronics,Monitor,9,799,0,7191,1469.18
5081,ORD05081,16-02-2025,South,CUST1905,Home Office,Office Supplies,Headphones,1,999,,999,193.95
5082,ORD05082,17-08-2025,north,,Consumer,Office Supplies,Headphones,8,299,0.15,2033.2,469.69
5083,ORD05083,01-12-2025,West,CUST1221,Home Office,Electronics,Tablet,10,499,0.15,4241.5,1166.16
5084,ORD05084,31-08-2025,North,,Corporate,Electronics,Headphones,4,499,,1996,277.25
5085,ORD05085,19-08-2025,north,CUST1765,Consumer,Office Supplies,Monitor,2,199,0,398,117.1
5086,ORD05086,25-11-2024,East,,Corporate,Furniture,Desk,5,99,0.05,470.25,87.87
5087,ORD05087,14-08-2025,South,,Corporate,Furniture,Laptop,10,499,0,4990,1344.59
5088,ORD05088,01-07-2024,West,,Consumer,Office Supplies,Tablet,1,799,0.15,679.15,90.89
5089,ORD05089,18-03-2025,North,,Corporate,Electronics,Phone,8,299,0.15,2033.2,156.18
5090,ORD05090,19-08-2024,North,,Consumer,Office Supplies,Desk,2,199,0.1,358.2,50.1
5091,ORD05091,12-03-2024,North,,Corporate,Electronics,Chair,3,499,0.1,1347.3,321.63
5092,ORD05092,24-09-2024,West,,Home Office,Furniture,Phone,3,999,0.15,2547.45,696.26
5093,ORD05093,22-01-2025,North,,Corporate,Electronics,Phone,1,499,0.05,474.05,98.89
5094,ORD05094,03-06-2025,South,,Home Office,Furniture,Desk,6,999,0.1,5394.6,277.88
5095,ORD05095,23-05-2025,North,,Corporate,Electronics,Chair,2,299,0.15,508.3,61.99
5096,ORD05096,13-06-2025,East,,Consumer,Office Supplies,Printer,8,199,0.05,1512.4,336.34
5097,ORD05097,05-02-2024,East,,Home Office,Furniture,Monitor,9,499,0.1,4041.9,959.5
5098,ORD05098,20-09-2024,North,,Corporate,Electronics,Laptop,5,999,0.05,4745.25,244.43
5099,ORD05099,02-01-2025,WEST,,Home Office,Furniture,Headphones,5,999,0,4995,702.95
5100,ORD05100,20-05-2025,West,,Corporate,Office Supplies,Monitor,9,499,0.1,4041.9,846.35
5101,ORD05101,17-04-2025,West,,Corporate,Furniture,Phone,4,499,,1996,428.79
5102,ORD05102,26-12-2025,north,,Corporate,Office Supplies,Tablet,10,999,,9990,2656.18
5103,ORD05103,21-07-2024,East,,Home Office,Office Supplies,Desk,7,199,0.1,1253.7,124.88
5104,ORD05104,27-01-2025,West,,Consumer,Furniture,Laptop,3,499,0.1,1347.3,398.01
5105,ORD05105,04-08-2025,North,,Consumer,Office Supplies,Phone,10,149,0,1490,317.24
5106,ORD05106,13-04-2024,South,,Corporate,Office Supplies,Printer,6,149,0.1,804.6,184.27
5107,ORD05107,03-02-2025,South,,Corporate,Furniture,Desk,9,99,,891,71.85
5108,ORD05108,05-04-2024,north,,Home Office,Furniture,Laptop,3,799,0.15,2037.45,599.81
5109,ORD05109,13-01-2025,South,,Corporate,Furniture,Printer,2,149,,298,62.95
5110,ORD05110,24-04-2025,North,CUST1979,Consumer,Electronics,Headphones,6,199,0.15,1014.9,126.64
5111,ORD05111,21-02-2025,north,,Corporate,Electronics,Phone,9,99,0,891,201.26
5112,ORD05112,17-01-2025,East,,Corporate,Furniture,Monitor,6,999,,5994,975.24
5113,ORD05113,11-05-2025,WEST,CUST1069,Consumer,Electronics,Chair,9,999,0.15,7642.35,1883.81
5114,ORD05114,11-07-2025,north,,Home Office,Electronics,Phone,3,999,,2997,578.46
5115,ORD05115,27-08-2025,East,,Corporate,Electronics,Chair,2,299,0.15,508.3,45.15
5116,ORD05116,15-07-2024,north,,Home Office,Electronics,Monitor,10,799,0.1,7191,828.48
5117,ORD05117,11-02-2024,South,,Home Office,Office Supplies,Desk,8,149,0.15,1013.2,296.88
5118,ORD05118,20-10-2024,South,,Consumer,Electronics,Tablet,3,,0,597,125.22
5119,ORD05119,09-03-2025,North,,Consumer,Electronics,Laptop,2,799,0.15,1358.3,241.5
5120,ORD05120,21-07-2024,East,,Home Office,Office Supplies,Desk,1,999,,999,291.76
5121,ORD05121,13-12-2024,West,CUST2786,Consumer,Office Supplies,Monitor,8,999,0,7992,806.02
5122,ORD05122,05-11-2024,East,,Home Office,Electronics,Laptop,9,149,0,1341,185.7
5123,ORD05123,17-10-2025,West,,Home Office,Furniture,Desk,1,99,0.15,84.15,14.39
5124,ORD05124,12-12-2024,North,,Corporate,Electronics,Laptop,8,299,0,2392,262.73
5125,ORD05125,17-02-2025,East,,Home Office,Furniture,Phone,1,299,0.15,254.15,24.26
5126,ORD05126,21-10-2024,north,,Consumer,Electronics,Laptop,2,149,0,298,85.69
5127,ORD05127,12-01-2025,West,,Corporate,Furniture,Printer,,199,,597,140.2
5128,ORD05128,19-05-2025,WEST,CUST1025,Consumer,Electronics,Phone,5,799,,3995,1048.67
5129,ORD05129,02-05-2025,West,,Corporate,Electronics,Monitor,10,299,0.05,2840.5,735.67
5130,ORD05130,18-08-2024,north,,Corporate,Office Supplies,Laptop,4,299,0.05,1136.2,94.41
5131,ORD05131,02-05-2024,West,CUST2635,Consumer,Office Supplies,Headphones,7,,,3493,325.44
5132,ORD05132,02-11-2024,East,CUST2628,Corporate,Office Supplies,Chair,3,99,0.1,267.3,74.25
5133,ORD05133,20-09-2024,north,,Home Office,Electronics,Headphones,2,,0.05,378.1,78.96
5134,ORD05134,05-04-2024,South,,Corporate,Electronics,Tablet,3,299,0.1,807.3,86.8
5135,ORD05135,03-05-2024,East,CUST1696,Home Office,Furniture,Laptop,4,499,0.15,1696.6,356.4
5136,ORD05136,27-06-2024,East,,Consumer,Furniture,Chair,7,199,0.05,1323.35,155.57
5137,ORD05137,10-01-2025,North,,Home Office,Electronics,Chair,1,499,0.1,449.1,118.73
5138,ORD05138,30-11-2024,West,,Home Office,Furniture,Monitor,3,499,0,1497,245.96
5139,ORD05139,14-11-2025,north,,Corporate,Electronics,Printer,9,499,0,4491,256.42
5140,ORD05140,19-07-2025,South,CUST1660,Corporate,Electronics,Headphones,2,,0,1998,215.19
5141,ORD05141,01-09-2025,West,,Home Office,Electronics,Laptop,8,299,0.15,2033.2,118.54
5142,ORD05142,29-08-2024,WEST,,Consumer,Office Supplies,Headphones,9,199,0.05,1701.45,449.6
5143,ORD05143,27-11-2024,WEST,CUST1151,Consumer,Furniture,Printer,7,799,,5593,362.97
5144,ORD05144,07-11-2025,WEST,,Corporate,Office Supplies,Headphones,5,99,,495,131.55
5145,ORD05145,01-04-2024,WEST,CUST1835,Corporate,Furniture,Tablet,1,999,,999,238.62
5146,ORD05146,10-01-2024,North,,Consumer,Office Supplies,Chair,6,199,0.05,1134.3,222.04
5147,ORD05147,03-10-2025,north,,Home Office,Furniture,Phone,6,799,,4794,628.92
5148,ORD05148,01-06-2024,WEST,,Home Office,Electronics,Printer,4,799,0.15,2716.6,473.94
5149,ORD05149,18-05-2024,North,,Corporate,Furniture,Chair,7,799,,5593,326.96
5150,ORD05150,09-11-2024,West,,Consumer,Office Supplies,Phone,4,299,0.1,1076.4,254.89
5151,ORD05151,05-11-2025,north,,Consumer,Electronics,Desk,7,799,0,5593,1664.63
5152,ORD05152,30-01-2024,North,,Corporate,Furniture,Phone,9,799,0.15,6112.35,404.59
5153,ORD05153,20-03-2024,West,CUST1402,Corporate,Electronics,Printer,5,999,0.05,4745.25,543.86
5154,ORD05154,07-02-2025,north,CUST2607,Corporate,Electronics,Phone,9,149,0.1,1206.9,64.07
5155,ORD05155,09-04-2025,WEST,,Corporate,Office Supplies,Chair,5,99,0.05,470.25,47.51
5156,ORD05156,01-04-2025,South,CUST1470,Corporate,Furniture,Headphones,10,499,,4990,490.44
5157,ORD05157,10-04-2024,north,CUST1841,Corporate,Furniture,Laptop,10,499,0.05,4740.5,462.39
5158,ORD05158,31-05-2025,WEST,CUST2453,Corporate,Office Supplies,Headphones,3,999,0.1,2697.3,616.89
5159,ORD05159,10-06-2024,South,,Consumer,Furniture,Laptop,5,149,,745,63.25
5160,ORD05160,11-07-2025,East,CUST2953,Home Office,Electronics,Headphones,5,99,0,495,98.47
5161,ORD05161,11-07-2025,WEST,,Home Office,Furniture,Tablet,8,999,0.15,6793.2,1022.96
5162,ORD05162,08-04-2025,South,,Corporate,Furniture,Desk,3,499,0.15,1272.45,131.06
5163,ORD05163,24-03-2025,north,CUST1115,Consumer,Electronics,Chair,7,199,0,1393,410.92
5164,ORD05164,27-12-2024,West,,Home Office,Office Supplies,Tablet,10,499,0.05,4740.5,1118.92
5165,ORD05165,07-03-2024,East,CUST1179,Home Office,Furniture,Printer,8,999,0,7992,836.05
5166,ORD05166,12-08-2024,WEST,,Corporate,Furniture,Desk,9,499,0,4491,1283.44
5167,ORD05167,08-11-2024,North,,Consumer,Office Supplies,Laptop,2,99,,198,34.17
5168,ORD05168,14-11-2025,East,,Corporate,Electronics,Headphones,1,,0.1,449.1,88.01
5169,ORD05169,12-10-2024,West,,Home Office,Electronics,Headphones,5,149,0.1,670.5,98.83
5170,ORD05170,19-01-2024,north,,Corporate,Office Supplies,Tablet,1,299,,299,42.1
5171,ORD05171,25-08-2024,South,CUST1332,Consumer,Furniture,Monitor,10,99,0.05,940.5,200.75
5172,ORD05172,03-10-2025,West,,Home Office,Electronics,Monitor,1,199,,199,19.85
5173,ORD05173,02-01-2025,North,CUST1234,Consumer,Office Supplies,Desk,10,999,0.1,8991,1290.06
5174,ORD05174,29-11-2025,South,,Home Office,Office Supplies,Monitor,8,99,0,792,214.41
5175,ORD05175,16-11-2024,north,,Consumer,Furniture,Headphones,4,149,0.15,506.6,45.79
5176,ORD05176,04-07-2025,West,CUST1496,Home Office,Electronics,Headphones,1,199,,199,18.11
5177,ORD05177,02-12-2024,West,CUST1770,Consumer,Furniture,Desk,1,299,,299,84.99
5178,ORD05178,27-03-2024,West,,Consumer,Furniture,Headphones,4,799,,3196,223.37
5179,ORD05179,02-06-2025,WEST,,Consumer,Office Supplies,Headphones,4,149,0.15,506.6,30.6
5180,ORD05180,28-02-2024,East,,Consumer,Furniture,Chair,10,799,0.15,6791.5,1670.9
5181,ORD05181,03-03-2024,East,,Consumer,Office Supplies,Monitor,2,999,,1998,298.74
5182,ORD05182,19-07-2024,West,,Corporate,Office Supplies,Headphones,5,499,0,2495,263.82
5183,ORD05183,27-11-2024,North,CUST2589,Corporate,Furniture,Printer,8,99,0.05,752.4,202.52
5184,ORD05184,17-10-2025,West,CUST2623,Consumer,Electronics,Monitor,4,99,0.05,376.2,57.66
5185,ORD05185,25-11-2024,north,,Home Office,Electronics,Desk,7,99,0.15,589.05,139.31
5186,ORD05186,03-04-2024,north,CUST1372,Corporate,Furniture,Phone,9,149,,1341,359.25
5187,ORD05187,12-09-2025,East,,Home Office,Electronics,Laptop,4,999,0.15,3396.6,669.21
5188,ORD05188,21-05-2024,North,CUST1079,Consumer,Office Supplies,Monitor,8,99,,792,119.6
5189,ORD05189,22-02-2024,East,,Home Office,Office Supplies,Desk,5,199,0.1,895.5,107.76
5190,ORD05190,01-01-2025,North,,Corporate,Furniture,Printer,8,299,,2392,687.07
5191,ORD05191,04-05-2025,West,,Corporate,Furniture,Laptop,10,499,0,4990,1035.43
5192,ORD05192,01-02-2024,West,CUST1659,Home Office,Office Supplies,Phone,10,499,,4990,1083.1
5193,ORD05193,21-07-2025,WEST,,Home Office,Electronics,Headphones,7,99,0.1,623.7,62.61
5194,ORD05194,08-04-2024,WEST,,Consumer,Office Supplies,Phone,,499,,1996,226.07
5195,ORD05195,14-08-2025,WEST,,Corporate,Furniture,Printer,5,199,0.05,945.25,83.68
5196,ORD05196,26-03-2024,East,,Corporate,Office Supplies,Laptop,9,199,0.05,1701.45,196.16
5197,ORD05197,24-07-2025,north,CUST1087,Consumer,Electronics,Laptop,6,299,,1794,525.02
5198,ORD05198,02-08-2024,WEST,CUST1274,Corporate,Furniture,Monitor,7,99,0.1,623.7,114.81
5199,ORD05199,23-07-2025,East,,Home Office,Furniture,Phone,3,199,0,597,65.19
5200,ORD05200,15-10-2024,WEST,,Corporate,Electronics,Monitor,6,199,0.15,1014.9,296.44
5201,ORD05201,28-12-2024,north,,Corporate,Furniture,Monitor,9,199,,1791,395.01
5202,ORD05202,03-08-2024,WEST,,Consumer,Office Supplies,Printer,7,799,0.1,5033.7,942.3
5203,ORD05203,21-05-2025,East,,Consumer,Furniture,Laptop,9,,0,8991,976.34
5204,ORD05204,20-04-2025,East,CUST1915,Home Office,Furniture,Headphones,4,199,0.1,716.4,137.95
5205,ORD05205,18-11-2025,East,CUST1141,Consumer,Electronics,Chair,3,499,,1497,225.26
5206,ORD05206,05-06-2024,WEST,,Home Office,Electronics,Laptop,9,799,0.05,6831.45,1267.76
5207,ORD05207,12-04-2025,North,CUST2196,Consumer,Electronics,Tablet,,499,0.1,898.2,110.17
5208,ORD05208,04-04-2024,West,,Home Office,Furniture,Printer,10,99,0.15,841.5,160
5209,ORD05209,01-02-2024,north,,Consumer,Office Supplies,Headphones,7,999,0.1,6293.7,1261.32
5210,ORD05210,06-12-2025,South,CUST1691,Home Office,Furniture,Monitor,6,499,0,2994,427.84
5211,ORD05211,20-02-2025,South,CUST1355,Consumer,Furniture,Headphones,8,299,0,2392,140.1
5212,ORD05212,19-02-2024,WEST,CUST2784,Consumer,Office Supplies,Chair,8,499,,3992,405.97
5213,ORD05213,23-10-2025,North,,Corporate,Electronics,Printer,8,799,0.1,5752.8,1236.12
5214,ORD05214,13-11-2024,north,CUST2584,Home Office,Furniture,Chair,6,499,0.1,2694.6,617.46
5215,ORD05215,26-01-2025,East,CUST1416,Consumer,Electronics,Headphones,7,149,0.05,990.85,122.84
5216,ORD05216,10-12-2025,North,CUST2019,Corporate,Office Supplies,Desk,3,199,0.05,567.15,94.22
5217,ORD05217,17-11-2025,WEST,CUST2281,Consumer,Furniture,Monitor,8,149,0.15,1013.2,261.04
5218,ORD05218,12-05-2025,WEST,CUST2906,Consumer,Office Supplies,Chair,5,999,0.1,4495.5,707.66
5219,ORD05219,27-08-2025,East,,Consumer,Furniture,Phone,6,799,,4794,767.03
5220,ORD05220,27-02-2024,North,CUST1471,Home Office,Office Supplies,Laptop,2,499,0,998,186.95
5221,ORD05221,23-10-2025,South,,Corporate,Office Supplies,Laptop,8,149,0.05,1132.4,288.18
5222,ORD05222,13-01-2025,South,CUST1201,Consumer,Furniture,Headphones,1,99,0.1,89.1,22.2
5223,ORD05223,10-04-2025,WEST,,Corporate,Furniture,Headphones,2,99,0.05,188.1,47.49
5224,ORD05224,03-10-2024,North,CUST1677,Corporate,Office Supplies,Headphones,7,299,0,2093,330.49
5225,ORD05225,06-09-2025,north,,Home Office,Office Supplies,Laptop,4,799,0.05,3036.2,821.71
5226,ORD05226,28-05-2025,South,,Corporate,Office Supplies,Tablet,8,149,0.05,1132.4,321.87
5227,ORD05227,28-01-2025,West,CUST1888,Consumer,Furniture,Chair,7,499,0.15,2969.05,296.8
5228,ORD05228,22-09-2025,north,,Corporate,Furniture,Printer,2,149,0.1,268.2,45.84
5229,ORD05229,22-11-2024,West,CUST2258,Home Office,Furniture,Monitor,,199,0,1592,417.51
5230,ORD05230,12-05-2025,South,CUST2808,Consumer,Furniture,Chair,2,299,0.05,568.1,67.66
5231,ORD05231,20-08-2024,South,,Corporate,Office Supplies,Laptop,9,99,0.1,801.9,80.65
5232,ORD05232,19-11-2024,South,,Corporate,Office Supplies,Tablet,1,299,0.1,269.1,66.79
5233,ORD05233,03-12-2025,South,,Consumer,Electronics,Monitor,9,299,0.1,2421.9,282.7
5234,ORD05234,18-09-2024,South,,Corporate,Furniture,Phone,9,799,,7191,1369.59
5235,ORD05235,16-05-2024,WEST,,Consumer,Electronics,Tablet,9,799,0.05,6831.45,1659.39
5236,ORD05236,03-05-2025,North,,Home Office,Furniture,Laptop,3,299,0.05,852.15,198.46
5237,ORD05237,19-05-2025,South,,Home Office,Office Supplies,Printer,9,199,0,1791,272.91
5238,ORD05238,26-02-2024,South,,Corporate,Electronics,Desk,9,999,0,8991,2684.11
5239,ORD05239,09-06-2025,West,CUST1019,Consumer,Office Supplies,Phone,2,499,0.05,948.1,50.64
5240,ORD05240,09-04-2024,WEST,,Corporate,Office Supplies,Tablet,1,99,0.05,94.05,20.57
5241,ORD05241,07-03-2024,South,,Consumer,Electronics,Phone,1,799,,799,122.72
5242,ORD05242,27-07-2024,North,CUST2050,Consumer,Electronics,Printer,7,999,0,6993,813.16
5243,ORD05243,15-12-2024,WEST,,Home Office,Office Supplies,Monitor,7,149,0.1,938.7,217.54
5244,ORD05244,18-07-2024,North,,Corporate,Office Supplies,Printer,7,999,0,6993,1106.79
5245,ORD05245,24-03-2025,East,CUST2530,Consumer,Furniture,Chair,1,199,0.15,169.15,33.17
5246,ORD05246,27-07-2025,West,,Home Office,Electronics,Phone,1,299,,299,57.61
5247,ORD05247,24-11-2025,South,CUST1494,Consumer,Electronics,Phone,3,999,0,2997,548.13
5248,ORD05248,09-10-2025,WEST,CUST1132,Home Office,Furniture,Laptop,10,99,0.1,891,154.06
5249,ORD05249,01-12-2025,WEST,CUST2845,Corporate,Furniture,Headphones,5,799,0,3995,1158.49
5250,ORD05250,02-07-2024,north,,Consumer,Office Supplies,Tablet,7,99,0.15,589.05,77.05
5251,ORD05251,12-09-2025,East,CUST2898,Corporate,Furniture,Headphones,10,99,0.05,940.5,87.47
5252,ORD05252,02-05-2024,East,CUST2102,Corporate,Furniture,Laptop,8,299,0.15,2033.2,259.51
5253,ORD05253,09-05-2025,North,,Home Office,Office Supplies,Desk,5,,0.1,2245.5,442.05
5254,ORD05254,05-08-2025,North,,Home Office,Electronics,Desk,2,299,0,598,90.17
5255,ORD05255,13-11-2024,West,CUST1130,Consumer,Office Supplies,Printer,2,199,0,398,77.81
5256,ORD05256,15-12-2025,North,CUST2602,Consumer,Electronics,Headphones,3,199,0.05,567.15,104.25
5257,ORD05257,21-10-2024,South,CUST1459,Consumer,Office Supplies,Printer,4,799,,3196,718.57
5258,ORD05258,19-11-2025,East,,Corporate,Office Supplies,Desk,6,999,,5994,1656.19
5259,ORD05259,03-06-2025,East,,Consumer,Electronics,Tablet,2,799,0,1598,121.9
5260,ORD05260,07-12-2024,North,,Corporate,Electronics,Laptop,4,799,0,3196,652.41
5261,ORD05261,21-06-2025,WEST,,Corporate,Furniture,Chair,8,199,0.15,1353.2,326.42
5262,ORD05262,07-03-2024,North,,Consumer,Furniture,Phone,8,799,0.05,6072.4,1058.78
5263,ORD05263,16-08-2024,WEST,,Home Office,Furniture,Headphones,3,799,0.15,2037.45,214.13
5264,ORD05264,05-05-2025,West,,Consumer,Furniture,Chair,10,99,0,990,99.02
5265,ORD05265,10-07-2024,East,CUST2405,Home Office,Office Supplies,Laptop,8,299,0,2392,523.04
5266,ORD05266,10-01-2025,WEST,CUST1576,Consumer,Furniture,Chair,3,499,,1497,307.83
5267,ORD05267,29-01-2025,East,CUST1826,Consumer,Furniture,Printer,5,199,0.1,895.5,197.02
5268,ORD05268,31-07-2025,North,,Home Office,Office Supplies,Desk,4,199,0.15,676.6,119.47
5269,ORD05269,05-12-2025,WEST,,Corporate,Furniture,Tablet,9,499,0.15,3817.35,1092.29
5270,ORD05270,20-07-2024,West,,Consumer,Furniture,Phone,7,299,0.05,1988.35,421.57
5271,ORD05271,31-01-2025,North,CUST2284,Corporate,Electronics,Desk,3,999,0.1,2697.3,805.98
5272,ORD05272,07-12-2024,north,,Corporate,Office Supplies,Chair,4,149,0,596,119.55
5273,ORD05273,24-04-2025,north,,Home Office,Furniture,Phone,7,199,,1393,282.03
5274,ORD05274,25-09-2025,WEST,CUST1924,Home Office,Electronics,Laptop,1,799,,799,69.68
5275,ORD05275,19-07-2024,South,,Home Office,Electronics,Monitor,2,199,0,398,68.8
5276,ORD05276,18-11-2025,North,CUST1283,Home Office,Electronics,Desk,9,199,0.1,1611.9,359.89
5277,ORD05277,10-07-2025,West,,Corporate,Furniture,Headphones,4,199,,796,94.75
5278,ORD05278,30-05-2024,East,,Corporate,Electronics,Printer,6,149,0.1,804.6,227.65
5279,ORD05279,20-08-2025,WEST,,Corporate,Electronics,Tablet,8,199,0,1592,340.2
5280,ORD05280,07-02-2025,north,,Home Office,Office Supplies,Monitor,7,799,,5593,1025.35
5281,ORD05281,30-07-2025,North,CUST1996,Home Office,Office Supplies,Printer,,99,0,198,35.05
5282,ORD05282,16-04-2025,north,CUST1277,Home Office,Furniture,Headphones,1,149,0,149,19.7
5283,ORD05283,29-06-2025,South,,Consumer,Electronics,Chair,4,,0.15,3396.6,824.14
5284,ORD05284,17-12-2025,West,CUST1980,Corporate,Electronics,Phone,2,149,0,298,86.11
5285,ORD05285,08-04-2024,north,,Corporate,Furniture,Laptop,7,499,0.15,2969.05,453.27
5286,ORD05286,15-06-2024,West,,Home Office,Electronics,Printer,10,999,0.05,9490.5,1223.26
5287,ORD05287,27-04-2024,north,CUST2069,Corporate,Office Supplies,Phone,7,299,0.05,1988.35,161.62
5288,ORD05288,09-09-2025,north,,Corporate,Furniture,Tablet,5,99,0,495,40.35
5289,ORD05289,03-02-2024,north,,Consumer,Office Supplies,Monitor,5,299,0.05,1420.25,91.44
5290,ORD05290,10-08-2025,WEST,,Consumer,Office Supplies,Tablet,7,499,0.05,3318.35,721.59
5291,ORD05291,05-12-2025,East,,Corporate,Furniture,Phone,3,799,0.15,2037.45,404.61
5292,ORD05292,05-12-2025,South,,Home Office,Office Supplies,Tablet,4,799,0,3196,928.66
5293,ORD05293,06-06-2024,South,,Corporate,Electronics,Printer,7,999,0.1,6293.7,936.99
5294,ORD05294,07-08-2024,north,,Home Office,Furniture,Phone,2,799,,1598,115.22
5295,ORD05295,04-02-2025,north,CUST2901,Corporate,Office Supplies,Desk,8,,0.05,1132.4,175.39
5296,ORD05296,29-04-2025,East,CUST1925,Corporate,Electronics,Laptop,3,799,0.1,2157.3,128.7
5297,ORD05297,14-04-2025,West,,Home Office,Furniture,Monitor,2,499,0,998,67.66
5298,ORD05298,03-03-2025,East,,Home Office,Electronics,Desk,7,149,0.1,938.7,269.94
5299,ORD05299,30-06-2024,north,CUST1025,Home Office,Office Supplies,Printer,3,149,0.1,402.3,69.21
5300,ORD05300,04-06-2024,North,CUST1917,Consumer,Electronics,Tablet,2,299,0.05,568.1,87.47
5301,ORD05301,25-02-2024,North,,Consumer,Office Supplies,Tablet,8,799,0.05,6072.4,1216.16
5302,ORD05302,08-03-2024,West,,Home Office,Office Supplies,Tablet,7,499,0,3493,641.71
5303,ORD05303,30-11-2025,East,CUST1599,Home Office,Furniture,Headphones,4,199,0.05,756.2,175.66
5304,ORD05304,22-07-2024,North,,Consumer,Furniture,Headphones,9,499,,4491,595.17
5305,ORD05305,06-05-2025,WEST,,Home Office,Office Supplies,Desk,5,149,,745,90.59
5306,ORD05306,01-09-2024,North,CUST1634,Home Office,Electronics,Laptop,7,199,0.05,1323.35,167.1
5307,ORD05307,17-11-2025,North,,Corporate,Office Supplies,Printer,,499,0.05,3792.4,579.14
5308,ORD05308,31-05-2024,north,,Home Office,Furniture,Laptop,4,199,,796,192.91
5309,ORD05309,27-05-2025,South,,Consumer,Furniture,Tablet,3,99,,297,74.23
5310,ORD05310,12-06-2024,West,,Corporate,Office Supplies,Tablet,10,149,0.15,1266.5,227.73
5311,ORD05311,11-04-2024,WEST,,Corporate,Office Supplies,Printer,8,99,0.1,712.8,168.35
5312,ORD05312,17-02-2024,East,,Corporate,Office Supplies,Laptop,1,149,0,149,21.93
5313,ORD05313,23-03-2024,South,CUST1446,Corporate,Furniture,Printer,9,299,0,2691,242.62
5314,ORD05314,06-05-2025,North,CUST1661,Consumer,Office Supplies,Phone,10,499,0,4990,1030.56
5315,ORD05315,16-12-2025,South,,Home Office,Office Supplies,Laptop,4,149,0.15,506.6,92.71
5316,ORD05316,04-05-2024,South,,Consumer,Office Supplies,Monitor,10,499,,4990,453.06
5317,ORD05317,13-07-2025,north,,Consumer,Electronics,Desk,8,499,0,3992,563.44
5318,ORD05318,28-11-2025,WEST,,Corporate,Furniture,Laptop,5,299,0.15,1270.75,92.46
5319,ORD05319,01-09-2024,north,CUST1482,Home Office,Electronics,Tablet,4,199,0,796,176.92
5320,ORD05320,08-01-2025,WEST,,Consumer,Electronics,Printer,10,99,,990,131.12
5321,ORD05321,14-02-2025,north,,Consumer,Office Supplies,Tablet,3,999,0.1,2697.3,502.47
5322,ORD05322,30-10-2024,north,,Home Office,Office Supplies,Monitor,6,999,0,5994,573.71
5323,ORD05323,06-02-2024,South,CUST1123,Consumer,Electronics,Monitor,3,799,0,2397,356.64
5324,ORD05324,06-05-2024,WEST,CUST1792,Home Office,Electronics,Desk,6,99,0,594,34.61
5325,ORD05325,22-07-2024,West,,Corporate,Electronics,Phone,3,799,0.1,2157.3,418.22
5326,ORD05326,09-10-2025,North,CUST1862,Home Office,Electronics,Printer,6,199,0.15,1014.9,183.34
5327,ORD05327,29-11-2024,South,,Corporate,Electronics,Desk,2,299,0.1,538.2,122.75
5328,ORD05328,07-05-2024,north,CUST1297,Home Office,Furniture,Tablet,2,149,0,298,73.73
5329,ORD05329,05-05-2025,South,CUST1193,Corporate,Office Supplies,Tablet,9,799,0.05,6831.45,766.72
5330,ORD05330,28-05-2025,West,,Home Office,Electronics,Monitor,6,199,0.1,1074.6,74.54
5331,ORD05331,02-08-2024,West,CUST1062,Home Office,Office Supplies,Printer,1,199,0,199,20.86
5332,ORD05332,02-04-2024,WEST,,Corporate,Electronics,Headphones,1,149,0.05,141.55,14.83
5333,ORD05333,30-01-2024,East,CUST1959,Home Office,Furniture,Laptop,3,,0.1,2697.3,333.24
5334,ORD05334,21-10-2024,north,,Home Office,Electronics,Phone,5,499,,2495,261.91
5335,ORD05335,20-11-2025,north,,Home Office,Furniture,Chair,3,199,0,597,101.36
5336,ORD05336,15-09-2025,South,,Corporate,Electronics,Monitor,4,99,0.1,356.4,19.25
5337,ORD05337,26-06-2024,WEST,,Corporate,Furniture,Phone,4,99,0.15,336.6,82.41
5338,ORD05338,05-10-2025,East,CUST2441,Home Office,Electronics,Desk,6,149,0.15,759.9,211.88
5339,ORD05339,10-03-2024,WEST,CUST1913,Consumer,Office Supplies,Headphones,1,149,0.1,134.1,29.23
5340,ORD05340,20-12-2024,WEST,,Consumer,Furniture,Desk,2,199,,398,47.53
5341,ORD05341,26-08-2025,West,,Corporate,Furniture,Printer,10,99,,990,199.75
5342,ORD05342,25-07-2024,East,,Corporate,Furniture,Desk,4,299,0,1196,354.52
5343,ORD05343,29-03-2024,north,CUST1917,Consumer,Furniture,Headphones,1,99,0.05,94.05,12.49
5344,ORD05344,08-07-2024,West,CUST2758,Home Office,Electronics,Monitor,3,999,,2997,372
5345,ORD05345,19-12-2025,West,CUST2212,Home Office,Office Supplies,Laptop,6,999,0,5994,1489.64
5346,ORD05346,06-05-2025,WEST,,Consumer,Electronics,Headphones,5,999,0.1,4495.5,565.35
5347,ORD05347,09-02-2025,north,,Home Office,Electronics,Tablet,,799,0,4794,1144.06
5348,ORD05348,18-07-2025,WEST,,Consumer,Electronics,Printer,5,499,0.15,2120.75,623.64
5349,ORD05349,17-06-2024,West,,Home Office,Office Supplies,Monitor,10,499,0.1,4491,1074.56
5350,ORD05350,23-04-2024,north,CUST2226,Home Office,Office Supplies,Tablet,,999,0.05,2847.15,820.86
5351,ORD05351,22-11-2024,North,,Home Office,Electronics,Phone,4,199,0.05,756.2,76.74
5352,ORD05352,29-07-2024,West,,Corporate,Furniture,Printer,1,199,0.1,179.1,11.07
5353,ORD05353,28-04-2025,North,CUST2600,Consumer,Electronics,Laptop,5,149,0.1,670.5,181.01
5354,ORD05354,18-05-2025,North,CUST1073,Consumer,Office Supplies,Chair,6,149,0,894,222.13
5355,ORD05355,26-08-2025,South,CUST1994,Home Office,Electronics,Desk,4,299,0.15,1016.6,263.83
5356,ORD05356,31-01-2024,north,CUST2073,Consumer,Furniture,Chair,4,299,0.15,1016.6,224.16
5357,ORD05357,13-04-2025,East,,Consumer,Office Supplies,Headphones,6,149,0.1,804.6,138.39
5358,ORD05358,14-04-2025,North,,Home Office,Electronics,Tablet,9,499,,4491,318.01
5359,ORD05359,19-10-2025,WEST,,Home Office,Furniture,Monitor,8,999,0,7992,1653.29
5360,ORD05360,30-11-2024,North,CUST2411,Home Office,Office Supplies,Phone,7,799,0.05,5313.35,1016.94
5361,ORD05361,06-02-2025,East,CUST2935,Corporate,Electronics,Phone,9,999,0,8991,1746.2
5362,ORD05362,17-11-2025,South,,Corporate,Furniture,Tablet,7,199,0.15,1184.05,123.75
5363,ORD05363,29-01-2025,North,,Consumer,Electronics,Phone,4,299,0.05,1136.2,110.37
5364,ORD05364,14-01-2024,East,CUST1572,Consumer,Electronics,Monitor,8,299,0,2392,259.01
5365,ORD05365,07-05-2024,South,,Home Office,Office Supplies,Phone,4,199,0,796,64.21
5366,ORD05366,26-04-2024,South,,Corporate,Furniture,Phone,8,499,0.15,3393.2,976.05
5367,ORD05367,04-03-2025,South,CUST2898,Corporate,Electronics,Printer,10,149,,1490,86
5368,ORD05368,04-08-2024,north,,Consumer,Office Supplies,Printer,5,799,0,3995,274.13
5369,ORD05369,11-06-2024,East,,Home Office,Furniture,Desk,9,,,891,194.22
5370,ORD05370,01-08-2025,North,CUST2743,Consumer,Furniture,Desk,9,799,0,7191,1592.84
5371,ORD05371,18-04-2025,North,CUST2914,Home Office,Furniture,Headphones,8,199,0.1,1432.8,73.97
5372,ORD05372,01-01-2024,South,,Corporate,Electronics,Laptop,2,499,0.05,948.1,70.42
5373,ORD05373,12-08-2024,West,,Consumer,Office Supplies,Monitor,8,799,0,6392,599.25
5374,ORD05374,05-10-2025,West,,Home Office,Electronics,Laptop,8,499,0.15,3393.2,835.1
5375,ORD05375,25-07-2024,West,,Home Office,Furniture,Monitor,9,99,0,891,248.93
5376,ORD05376,12-04-2025,East,,Home Office,Electronics,Chair,7,499,0.15,2969.05,323.24
5377,ORD05377,18-09-2025,West,,Consumer,Furniture,Monitor,8,999,0.15,6793.2,1068.05
5378,ORD05378,12-01-2024,north,CUST1746,Home Office,Furniture,Chair,6,299,0.1,1614.6,384.27
5379,ORD05379,30-10-2025,WEST,,Home Office,Electronics,Monitor,5,799,0.05,3795.25,359.12
5380,ORD05380,11-10-2025,South,,Consumer,Electronics,Phone,3,199,0,597,127.75
5381,ORD05381,10-02-2025,East,,Home Office,Office Supplies,Tablet,3,,0.1,402.3,45.68
5382,ORD05382,09-11-2024,WEST,CUST2622,Corporate,Electronics,Chair,3,299,0.15,762.45,99.91
5383,ORD05383,22-09-2025,East,CUST1083,Corporate,Office Supplies,Monitor,5,299,0.1,1345.5,239.58
5384,ORD05384,19-10-2024,East,,Consumer,Electronics,Monitor,8,149,0,1192,314
5385,ORD05385,16-09-2025,WEST,,Corporate,Electronics,Phone,7,299,0.05,1988.35,463.15
5386,ORD05386,20-08-2025,West,,Consumer,Office Supplies,Desk,10,299,0.15,2541.5,730.49
5387,ORD05387,29-03-2025,north,,Consumer,Electronics,Monitor,4,199,,796,151.28
5388,ORD05388,28-11-2025,South,,Consumer,Furniture,Headphones,2,199,0,398,88.42
5389,ORD05389,14-08-2024,north,,Corporate,Electronics,Phone,10,999,,9990,2476.71
5390,ORD05390,25-10-2024,East,CUST2027,Corporate,Furniture,Headphones,2,799,0.15,1358.3,356.91
5391,ORD05391,22-01-2024,North,CUST1436,Corporate,Electronics,Chair,10,999,0,9990,1358.83
5392,ORD05392,14-07-2024,West,,Consumer,Furniture,Chair,2,499,0,998,254.66
5393,ORD05393,16-02-2024,West,,Corporate,Office Supplies,Phone,3,149,0,447,47.02
5394,ORD05394,22-07-2025,South,,Home Office,Electronics,Tablet,9,99,0.1,801.9,107.44
5395,ORD05395,01-08-2024,West,CUST1143,Consumer,Office Supplies,Tablet,1,99,0,99,13.71
5396,ORD05396,19-02-2024,West,,Consumer,Office Supplies,Headphones,5,299,0.15,1270.75,371.06
5397,ORD05397,21-12-2024,East,,Home Office,Office Supplies,Headphones,,499,0.15,848.3,253.1
5398,ORD05398,19-09-2024,north,,Consumer,Office Supplies,Tablet,8,799,0.05,6072.4,1551.89
5399,ORD05399,06-11-2024,North,CUST2790,Corporate,Furniture,Tablet,2,999,0.15,1698.3,313.03
5400,ORD05400,14-12-2025,South,,Corporate,Electronics,Chair,3,99,0.05,282.15,68.22
5401,ORD05401,03-01-2025,North,,Consumer,Electronics,Laptop,4,,0.15,506.6,74.76
5402,ORD05402,24-06-2025,West,,Corporate,Office Supplies,Tablet,10,799,,7990,918.79
5403,ORD05403,21-03-2024,north,,Consumer,Office Supplies,Headphones,10,999,0.05,9490.5,705.17
5404,ORD05404,08-08-2025,north,CUST1294,Consumer,Furniture,Chair,2,999,0.05,1898.1,302.95
5405,ORD05405,22-09-2024,East,CUST1996,Corporate,Electronics,Laptop,8,499,,3992,675.84
5406,ORD05406,03-07-2024,West,,Corporate,Furniture,Monitor,2,299,0.15,508.3,46.35
5407,ORD05407,21-07-2025,North,,Corporate,Furniture,Laptop,4,,0.1,716.4,63.57
5408,ORD05408,21-11-2024,South,CUST2285,Consumer,Electronics,Desk,2,299,0,598,146.58
5409,ORD05409,04-08-2024,West,CUST1546,Consumer,Furniture,Desk,5,499,,2495,205.49
5410,ORD05410,21-12-2025,WEST,CUST1750,Consumer,Electronics,Phone,8,999,,7992,1805.43
5411,ORD05411,05-05-2025,WEST,,Home Office,Furniture,Phone,5,499,0.05,2370.25,150.94
5412,ORD05412,05-05-2024,East,CUST2236,Home Office,Furniture,Headphones,6,,0.05,849.3,247.78
5413,ORD05413,10-08-2024,WEST,,Home Office,Office Supplies,Laptop,4,799,0.1,2876.4,649.61
5414,ORD05414,19-06-2024,East,,Home Office,Furniture,Tablet,8,299,,2392,273.09
5415,ORD05415,17-08-2025,WEST,,Consumer,Furniture,Laptop,8,799,0,6392,463.75
5416,ORD05416,01-05-2025,WEST,,Home Office,Furniture,Laptop,10,499,,4990,1216.44
5417,ORD05417,28-10-2024,WEST,CUST1075,Corporate,Office Supplies,Tablet,6,299,0.15,1524.9,386.94
5418,ORD05418,11-06-2024,North,CUST1164,Home Office,Electronics,Printer,10,299,0.15,2541.5,636.89
5419,ORD05419,03-07-2025,north,,Consumer,Furniture,Headphones,8,299,0,2392,385.45
5420,ORD05420,22-12-2024,East,,Corporate,Office Supplies,Headphones,6,499,0.1,2694.6,513.78
5421,ORD05421,29-06-2025,East,,Consumer,Office Supplies,Headphones,10,199,0.1,1791,255.41
5422,ORD05422,10-04-2025,South,,Corporate,Electronics,Chair,4,499,0.1,1796.4,197.61
5423,ORD05423,28-07-2024,WEST,,Home Office,Office Supplies,Printer,2,199,,398,25.17
5424,ORD05424,30-01-2024,north,,Consumer,Office Supplies,Tablet,9,149,0.1,1206.9,195.23
5425,ORD05425,06-05-2024,East,,Corporate,Furniture,Headphones,9,99,0.15,757.35,174.61
5426,ORD05426,09-05-2025,East,CUST1993,Consumer,Electronics,Headphones,2,799,0.1,1438.2,168.9
5427,ORD05427,15-03-2024,West,CUST1307,Home Office,Office Supplies,Phone,9,149,0.15,1139.85,191.39
5428,ORD05428,26-07-2024,North,CUST2331,Consumer,Electronics,Chair,10,149,0.1,1341,219.44
5429,ORD05429,27-10-2024,East,CUST2586,Corporate,Office Supplies,Desk,3,499,0.15,1272.45,183.49
5430,ORD05430,22-06-2024,West,CUST2932,Consumer,Office Supplies,Headphones,2,199,0,398,55.25
5431,ORD05431,31-10-2024,East,,Corporate,Electronics,Tablet,6,999,0.1,5394.6,1197.99
5432,ORD05432,19-01-2024,North,,Home Office,Furniture,Phone,3,299,0,897,199.42
5433,ORD05433,28-12-2024,West,,Consumer,Furniture,Desk,8,499,0.15,3393.2,867.78
5434,ORD05434,26-03-2025,North,CUST2101,Corporate,Office Supplies,Headphones,2,299,0.15,508.3,80.21
5435,ORD05435,19-07-2024,North,CUST1425,Home Office,Electronics,Monitor,1,99,0.05,94.05,23.69
5436,ORD05436,18-10-2025,North,,Corporate,Electronics,Phone,2,149,0.1,268.2,15.1
5437,ORD05437,31-08-2024,East,,Corporate,Electronics,Phone,2,149,0.05,283.1,37.89
5438,ORD05438,01-02-2025,East,,Home Office,Electronics,Headphones,4,199,0.05,756.2,200.33
5439,ORD05439,18-06-2024,North,,Home Office,Electronics,Printer,7,199,,1393,362.23
5440,ORD05440,18-07-2025,WEST,,Home Office,Furniture,Monitor,6,99,0.15,504.9,109.72
5441,ORD05441,15-03-2024,South,,Home Office,Office Supplies,Tablet,4,499,0.05,1896.2,210.32
5442,ORD05442,09-11-2025,East,CUST1825,Corporate,Electronics,Monitor,7,149,0.15,886.55,173.54
5443,ORD05443,06-09-2025,WEST,CUST1688,Corporate,Office Supplies,Printer,9,199,0.1,1611.9,213.69
5444,ORD05444,26-01-2024,South,CUST1568,Home Office,Furniture,Laptop,3,499,0,1497,292.74
5445,ORD05445,15-08-2025,North,,Home Office,Office Supplies,Monitor,9,999,0,8991,1167.17
5446,ORD05446,27-06-2025,north,,Corporate,Electronics,Laptop,8,799,0.05,6072.4,1541.84
5447,ORD05447,13-02-2024,North,,Consumer,Office Supplies,Phone,8,199,0.15,1353.2,394.73
5448,ORD05448,31-03-2025,East,CUST1466,Consumer,Electronics,Headphones,6,999,0.05,5694.3,1058.28
5449,ORD05449,13-01-2024,South,CUST2247,Home Office,Electronics,Laptop,6,999,0,5994,1305.42
5450,ORD05450,04-10-2025,north,,Corporate,Electronics,Laptop,3,199,0.05,567.15,113.64
5451,ORD05451,13-10-2025,north,,Corporate,Electronics,Tablet,8,99,0.1,712.8,38.79
5452,ORD05452,16-05-2024,South,,Corporate,Electronics,Laptop,2,199,0,398,105.28
5453,ORD05453,16-12-2025,East,CUST1232,Consumer,Furniture,Phone,7,799,0,5593,1206.83
5454,ORD05454,15-10-2024,north,CUST2015,Consumer,Electronics,Desk,8,999,0.15,6793.2,1158.45
5455,ORD05455,04-06-2024,South,,Consumer,Electronics,Chair,6,199,0.15,1014.9,235.93
5456,ORD05456,28-12-2025,North,CUST1188,Home Office,Furniture,Phone,9,499,,4491,1160.5
5457,ORD05457,16-09-2024,South,CUST2348,Corporate,Office Supplies,Printer,9,99,0.15,757.35,120.59
5458,ORD05458,10-01-2025,East,,Corporate,Furniture,Laptop,8,99,,792,45.2
5459,ORD05459,18-01-2024,north,CUST2308,Home Office,Office Supplies,Phone,8,99,0.05,752.4,152.77
5460,ORD05460,20-02-2025,South,,Consumer,Office Supplies,Headphones,8,99,0.05,752.4,116.13
5461,ORD05461,04-09-2025,West,,Corporate,Office Supplies,Desk,6,299,,1794,171.86
5462,ORD05462,12-11-2025,north,,Consumer,Office Supplies,Monitor,9,299,0.1,2421.9,649.71
5463,ORD05463,03-04-2025,South,,Consumer,Furniture,Chair,8,199,0,1592,307.8
5464,ORD05464,19-06-2025,WEST,,Corporate,Electronics,Chair,2,99,0.15,168.3,11.7
5465,ORD05465,04-11-2024,North,CUST2768,Corporate,Office Supplies,Phone,10,799,0,7990,643.67
5466,ORD05466,22-06-2024,South,,Corporate,Furniture,Laptop,10,799,,7990,479.98
5467,ORD05467,21-12-2025,South,CUST1771,Consumer,Office Supplies,Phone,9,499,0.1,4041.9,853.81
5468,ORD05468,13-07-2025,East,,Corporate,Furniture,Printer,6,199,0.05,1134.3,328.38
5469,ORD05469,25-04-2025,north,,Consumer,Furniture,Headphones,4,999,0.15,3396.6,328.96
5470,ORD05470,11-12-2024,North,CUST2318,Consumer,Office Supplies,Desk,3,99,0.15,252.45,67.57
5471,ORD05471,03-11-2025,West,,Home Office,Furniture,Chair,8,999,,7992,2227.56
5472,ORD05472,28-03-2025,North,,Home Office,Electronics,Headphones,5,149,0.1,670.5,140
5473,ORD05473,27-07-2024,North,,Corporate,Furniture,Chair,6,149,0.1,804.6,152.28
5474,ORD05474,07-03-2025,West,CUST2519,Home Office,Furniture,Printer,8,99,0,792,219.54
5475,ORD05475,08-02-2024,East,CUST1776,Home Office,Furniture,Printer,1,99,,99,10.36
5476,ORD05476,27-01-2024,north,,Home Office,Office Supplies,Desk,,799,0,5593,523.64
5477,ORD05477,28-03-2025,North,,Home Office,Furniture,Laptop,8,149,0.15,1013.2,279.84
5478,ORD05478,03-02-2024,WEST,,Home Office,Office Supplies,Chair,8,199,0.1,1432.8,390.35
5479,ORD05479,11-01-2024,north,,Corporate,Office Supplies,Desk,7,149,0.15,886.55,232.63
5480,ORD05480,21-12-2024,South,CUST2688,Corporate,Office Supplies,Monitor,4,499,0.1,1796.4,166.28
5481,ORD05481,17-10-2024,WEST,,Corporate,Electronics,Headphones,5,199,0.15,845.75,188.63
5482,ORD05482,19-11-2025,north,,Corporate,Office Supplies,Desk,4,499,0.1,1796.4,283.2
5483,ORD05483,15-07-2025,North,,Home Office,Office Supplies,Printer,4,999,0.15,3396.6,1005.69
5484,ORD05484,26-08-2024,South,,Consumer,Electronics,Headphones,9,199,0.05,1701.45,401.1
5485,ORD05485,09-11-2025,north,CUST2878,Consumer,Electronics,Tablet,4,499,0.1,1796.4,415.79
5486,ORD05486,18-01-2024,North,,Home Office,Office Supplies,Phone,9,149,,1341,249.05
5487,ORD05487,09-06-2025,WEST,CUST2005,Corporate,Furniture,Phone,1,799,,799,214.11
5488,ORD05488,01-04-2024,West,,Corporate,Office Supplies,Phone,1,999,0.05,949.05,273.72
5489,ORD05489,27-01-2025,East,CUST1866,Corporate,Electronics,Tablet,6,799,,4794,410.24
5490,ORD05490,13-02-2025,West,,Home Office,Furniture,Monitor,4,199,0,796,190.51
5491,ORD05491,05-06-2025,East,,Home Office,Electronics,Monitor,4,499,0.15,1696.6,382.71
5492,ORD05492,21-09-2024,WEST,,Home Office,Furniture,Tablet,10,299,0.15,2541.5,363.45
5493,ORD05493,10-10-2025,WEST,,Corporate,Office Supplies,Chair,2,299,0.1,538.2,32.45
5494,ORD05494,25-08-2024,South,,Consumer,Furniture,Desk,1,999,0.1,899.1,213.66
5495,ORD05495,15-01-2025,South,,Home Office,Furniture,Desk,5,799,0.1,3595.5,810.05
5496,ORD05496,07-10-2024,South,,Home Office,Furniture,Printer,9,199,0,1791,102.9
5497,ORD05497,16-01-2024,West,,Corporate,Electronics,Printer,8,499,0.15,3393.2,1004.55
5498,ORD05498,07-05-2024,WEST,CUST2902,Home Office,Office Supplies,Laptop,1,299,0,299,59.31
5499,ORD05499,23-02-2024,North,,Corporate,Electronics,Monitor,6,799,0,4794,739.83
5500,ORD05500,22-12-2024,East,,Corporate,Electronics,Printer,7,199,0.15,1184.05,275.14
5501,ORD05501,23-06-2024,East,,Corporate,Electronics,Laptop,6,199,,1194,95.94
5502,ORD05502,06-09-2024,WEST,,Home Office,Electronics,Laptop,4,,0,1196,348.38
5503,ORD05503,25-04-2024,West,,Home Office,Furniture,Printer,6,799,0.05,4554.3,1207.54
5504,ORD05504,18-03-2024,East,,Consumer,Office Supplies,Tablet,9,999,0.1,8091.9,986.08
5505,ORD05505,10-06-2025,North,,Consumer,Office Supplies,Desk,9,999,0.15,7642.35,1277.96
5506,ORD05506,23-12-2025,WEST,CUST2290,Consumer,Electronics,Desk,9,99,0.05,846.45,201.4
5507,ORD05507,27-08-2024,West,,Consumer,Office Supplies,Laptop,3,999,,2997,730.28
5508,ORD05508,07-08-2025,North,,Corporate,Office Supplies,Desk,8,499,0.1,3592.8,672.8
5509,ORD05509,14-10-2024,West,CUST1530,Consumer,Electronics,Headphones,10,99,0,990,292.41
5510,ORD05510,04-10-2024,WEST,,Consumer,Office Supplies,Phone,8,999,,7992,786.2
5511,ORD05511,10-04-2025,East,CUST1902,Corporate,Office Supplies,Tablet,9,299,0.15,2287.35,576.45
5512,ORD05512,22-03-2025,West,CUST2976,Consumer,Furniture,Chair,8,299,0,2392,606.46
5513,ORD05513,16-07-2024,East,,Home Office,Electronics,Chair,2,999,0.1,1798.2,379.29
5514,ORD05514,26-12-2025,South,,Corporate,Office Supplies,Headphones,7,799,0.1,5033.7,359.29
5515,ORD05515,04-12-2024,WEST,,Consumer,Office Supplies,Monitor,3,999,0.15,2547.45,258.72
5516,ORD05516,15-09-2025,West,CUST1742,Home Office,Electronics,Desk,10,149,0,1490,259.86
5517,ORD05517,09-01-2024,West,,Home Office,Office Supplies,Printer,2,799,,1598,283.37
5518,ORD05518,06-07-2024,North,,Corporate,Furniture,Tablet,9,199,0.05,1701.45,324.93
5519,ORD05519,07-04-2025,North,CUST2673,Consumer,Electronics,Chair,6,799,0.15,4074.9,299.36
5520,ORD05520,20-09-2025,South,,Home Office,Electronics,Chair,9,149,0,1341,331.37
5521,ORD05521,03-10-2024,north,CUST1087,Consumer,Furniture,Laptop,1,99,0,99,9.57
5522,ORD05522,28-09-2025,South,,Home Office,Office Supplies,Headphones,10,499,0,4990,320.36
5523,ORD05523,06-10-2024,West,,Corporate,Electronics,Phone,8,499,0,3992,336.89
5524,ORD05524,07-10-2024,north,,Home Office,Furniture,Laptop,10,499,0,4990,1341.15
5525,ORD05525,16-12-2025,East,,Home Office,Furniture,Tablet,5,199,0,995,180.68
5526,ORD05526,28-07-2025,North,CUST1003,Home Office,Electronics,Headphones,4,999,0,3996,784.71
5527,ORD05527,19-01-2025,north,,Home Office,Electronics,Phone,9,,,4491,1146.87
5528,ORD05528,07-02-2025,north,CUST2722,Corporate,Office Supplies,Chair,4,199,0.1,716.4,205.19
5529,ORD05529,21-01-2024,South,CUST1024,Consumer,Office Supplies,Phone,2,799,0,1598,209.28
5530,ORD05530,21-05-2024,East,CUST1914,Consumer,Furniture,Desk,5,999,0.15,4245.75,906.79
5531,ORD05531,14-12-2024,South,,Home Office,Electronics,Laptop,,499,0.1,449.1,52.39
5532,ORD05532,20-05-2025,North,,Home Office,Electronics,Headphones,10,299,0.1,2691,238.91
5533,ORD05533,28-08-2025,north,CUST2104,Corporate,Electronics,Chair,6,,,1794,355.55
5534,ORD05534,23-12-2025,North,,Consumer,Electronics,Monitor,6,799,,4794,817.01
5535,ORD05535,11-06-2025,WEST,,Home Office,Furniture,Monitor,6,799,0,4794,292.65
5536,ORD05536,11-02-2024,North,,Consumer,Office Supplies,Phone,7,149,0.05,990.85,229.64
5537,ORD05537,10-07-2024,North,,Corporate,Office Supplies,Phone,7,999,,6993,1482.6
5538,ORD05538,14-10-2025,WEST,,Home Office,Office Supplies,Laptop,1,99,0.1,89.1,16.11
5539,ORD05539,08-04-2025,South,CUST1106,Home Office,Office Supplies,Desk,10,199,0,1990,250.52
5540,ORD05540,25-08-2024,South,,Consumer,Electronics,Laptop,4,299,0.05,1136.2,189.33
5541,ORD05541,02-05-2024,north,,Home Office,Electronics,Tablet,9,499,0.1,4041.9,202.59
5542,ORD05542,25-06-2024,north,,Home Office,Furniture,Laptop,3,,0.05,2847.15,622.33
5543,ORD05543,25-03-2024,north,CUST2555,Corporate,Furniture,Headphones,10,299,0.15,2541.5,615.5
5544,ORD05544,22-12-2024,South,CUST1836,Consumer,Office Supplies,Desk,5,499,0.1,2245.5,660.34
5545,ORD05545,07-09-2025,East,,Home Office,Furniture,Desk,1,299,0.15,254.15,71.34
5546,ORD05546,30-01-2024,West,,Home Office,Electronics,Chair,4,799,0.05,3036.2,798.43
5547,ORD05547,26-06-2024,WEST,,Home Office,Furniture,Phone,,999,,9990,976.88
5548,ORD05548,26-05-2025,South,CUST1198,Home Office,Furniture,Tablet,6,99,0,594,165.83
5549,ORD05549,29-05-2025,East,,Home Office,Electronics,Phone,6,199,,1194,303.15
5550,ORD05550,21-02-2024,East,,Home Office,Furniture,Desk,4,999,0,3996,201.21
5551,ORD05551,24-04-2024,South,,Home Office,Furniture,Laptop,4,799,0.1,2876.4,259
5552,ORD05552,16-11-2024,North,CUST1198,Corporate,Office Supplies,Chair,6,99,,594,85.81
5553,ORD05553,01-05-2024,WEST,,Home Office,Furniture,Printer,9,199,0,1791,478.28
5554,ORD05554,05-09-2025,North,,Corporate,Office Supplies,Laptop,10,799,0.1,7191,1672.04
5555,ORD05555,06-04-2024,West,,Home Office,Office Supplies,Phone,10,299,0.15,2541.5,355.8
5556,ORD05556,24-01-2024,WEST,,Corporate,Electronics,Chair,4,99,0.1,356.4,104.69
5557,ORD05557,05-11-2025,north,,Home Office,Furniture,Desk,1,299,0,299,38.47
5558,ORD05558,14-04-2025,North,CUST2326,Corporate,Office Supplies,Laptop,7,99,0.1,623.7,102.99
5559,ORD05559,18-06-2025,WEST,,Consumer,Office Supplies,Desk,4,799,0,3196,364.39
5560,ORD05560,17-08-2024,North,,Home Office,Furniture,Printer,6,499,0.15,2544.9,205.35
5561,ORD05561,17-01-2024,north,,Corporate,Office Supplies,Phone,7,99,,693,96.17
5562,ORD05562,12-02-2024,West,,Consumer,Office Supplies,Laptop,7,299,,2093,311.17
5563,ORD05563,18-03-2025,North,CUST1519,Corporate,Electronics,Tablet,10,499,0,4990,675.53
5564,ORD05564,24-09-2025,North,,Home Office,Office Supplies,Chair,10,149,0.15,1266.5,326.95
5565,ORD05565,07-10-2025,north,,Consumer,Furniture,Printer,10,799,0.1,7191,449.05
5566,ORD05566,21-02-2025,South,,Consumer,Office Supplies,Chair,10,799,0.15,6791.5,470.14
5567,ORD05567,14-05-2025,north,,Home Office,Electronics,Printer,7,99,0.1,623.7,68.79
5568,ORD05568,24-10-2025,West,,Consumer,Electronics,Desk,7,199,,1393,89.44
5569,ORD05569,19-09-2024,South,,Home Office,Electronics,Chair,4,499,0.15,1696.6,376.77
5570,ORD05570,26-11-2025,WEST,CUST1656,Home Office,Furniture,Monitor,5,199,,995,238.14
5571,ORD05571,25-03-2024,West,CUST2421,Corporate,Electronics,Tablet,6,299,0,1794,120.3
5572,ORD05572,08-05-2024,north,,Home Office,Electronics,Laptop,3,199,0.1,537.3,89.08
5573,ORD05573,28-06-2025,East,,Consumer,Furniture,Laptop,2,149,0.1,268.2,35.86
5574,ORD05574,12-08-2024,WEST,CUST1533,Home Office,Furniture,Monitor,2,499,0,998,163.81
5575,ORD05575,08-05-2024,South,CUST2569,Home Office,Furniture,Chair,7,499,0.15,2969.05,536.57
5576,ORD05576,31-05-2025,North,CUST1556,Home Office,Furniture,Desk,1,299,0.05,284.05,31.3
5577,ORD05577,17-05-2024,East,,Corporate,Furniture,Laptop,6,999,0.15,5094.9,1412.3
5578,ORD05578,10-08-2024,South,CUST1025,Home Office,Furniture,Phone,6,199,0.05,1134.3,291.68
5579,ORD05579,14-12-2024,South,CUST1145,Home Office,Office Supplies,Phone,10,199,0,1990,552.04
5580,ORD05580,15-11-2025,North,,Corporate,Furniture,Tablet,7,299,0.05,1988.35,137.91
5581,ORD05581,30-07-2025,West,,Corporate,Office Supplies,Tablet,1,149,0.1,134.1,36.11
5582,ORD05582,23-01-2024,north,,Home Office,Furniture,Printer,1,999,0.15,849.15,47.4
5583,ORD05583,18-06-2024,South,CUST2573,Home Office,Furniture,Tablet,6,299,0.05,1704.3,118.81
5584,ORD05584,23-04-2025,East,,Home Office,Electronics,Laptop,10,999,0.15,8491.5,2469.5
5585,ORD05585,25-08-2025,West,CUST1778,Home Office,Furniture,Desk,5,199,0,995,121.2
5586,ORD05586,20-05-2024,North,,Home Office,Office Supplies,Phone,1,799,,799,163.15
5587,ORD05587,12-05-2025,South,,Home Office,Furniture,Monitor,5,499,0.05,2370.25,465.99
5588,ORD05588,20-11-2025,WEST,,Home Office,Furniture,Chair,6,999,0.15,5094.9,648.25
5589,ORD05589,21-08-2024,North,,Home Office,Office Supplies,Printer,10,149,0.1,1341,384.27
5590,ORD05590,17-05-2025,North,,Home Office,Office Supplies,Tablet,5,799,0.15,3395.75,793.78
5591,ORD05591,27-10-2024,East,,Corporate,Electronics,Chair,3,199,0.1,537.3,132.1
5592,ORD05592,07-10-2025,East,CUST2494,Home Office,Office Supplies,Tablet,4,999,0,3996,1159.91
5593,ORD05593,12-02-2024,North,,Home Office,Furniture,Desk,6,199,0.05,1134.3,106.59
5594,ORD05594,02-04-2025,north,CUST1526,Corporate,Office Supplies,Headphones,5,199,0.1,895.5,203.8
5595,ORD05595,18-07-2025,WEST,CUST1180,Corporate,Furniture,Phone,6,499,0.15,2544.9,154.71
5596,ORD05596,06-01-2025,WEST,CUST1638,Corporate,Furniture,Desk,6,499,0.05,2844.3,293.66
5597,ORD05597,05-05-2025,North,CUST2870,Home Office,Furniture,Monitor,3,,,297,17.18
5598,ORD05598,26-06-2024,East,,Consumer,Furniture,Headphones,7,199,,1393,334.37
5599,ORD05599,28-03-2024,South,,Corporate,Office Supplies,Laptop,7,,0.15,5944.05,1333.08
5600,ORD05600,27-06-2025,South,,Home Office,Furniture,Desk,7,199,0.15,1184.05,267.39
5601,ORD05601,25-02-2025,East,,Home Office,Office Supplies,Printer,,199,0.05,378.1,59.39
5602,ORD05602,22-03-2025,East,,Consumer,Furniture,Headphones,2,799,0.1,1438.2,203.12
5603,ORD05603,09-08-2025,WEST,,Corporate,Furniture,Printer,7,799,,5593,1452.4
5604,ORD05604,01-11-2025,WEST,,Corporate,Electronics,Monitor,4,799,,3196,875.11
5605,ORD05605,20-06-2025,West,CUST1723,Home Office,Office Supplies,Printer,4,199,0.1,716.4,56.81
5606,ORD05606,24-02-2024,South,,Home Office,Electronics,Printer,3,99,0.1,267.3,25.99
5607,ORD05607,18-11-2025,West,,Consumer,Electronics,Printer,3,499,0.1,1347.3,175.64
5608,ORD05608,12-02-2025,East,,Consumer,Furniture,Tablet,1,99,0,99,11.55
5609,ORD05609,21-09-2025,East,,Consumer,Office Supplies,Phone,7,499,0,3493,302.7
5610,ORD05610,15-05-2025,South,CUST1064,Home Office,Electronics,Printer,8,99,0.1,712.8,107.96
5611,ORD05611,22-10-2025,WEST,CUST1989,Home Office,Electronics,Phone,6,999,0.1,5394.6,876.95
5612,ORD05612,06-07-2025,North,,Corporate,Electronics,Chair,2,299,0.1,538.2,100.64
5613,ORD05613,21-10-2025,West,CUST2031,Consumer,Electronics,Tablet,8,299,0,2392,603.42
5614,ORD05614,19-06-2024,South,CUST2417,Corporate,Office Supplies,Headphones,7,799,0.15,4754.05,1033.05
5615,ORD05615,26-07-2024,north,,Home Office,Furniture,Phone,4,999,0,3996,487.65
5616,ORD05616,20-10-2024,North,,Consumer,Office Supplies,Desk,5,299,0.15,1270.75,132.52
5617,ORD05617,19-03-2024,West,,Home Office,Furniture,Monitor,8,299,0.15,2033.2,213.31
5618,ORD05618,22-03-2024,WEST,,Corporate,Office Supplies,Chair,9,199,0.15,1522.35,232.48
5619,ORD05619,19-12-2024,WEST,,Home Office,Office Supplies,Tablet,4,199,0,796,85.51
5620,ORD05620,08-02-2025,WEST,CUST1154,Home Office,Furniture,Monitor,9,799,0.15,6112.35,468.39
5621,ORD05621,30-11-2024,North,,Corporate,Furniture,Laptop,2,99,,198,51.66
5622,ORD05622,20-11-2024,South,,Home Office,Office Supplies,Chair,8,99,0.1,712.8,207.94
5623,ORD05623,21-10-2025,north,CUST2086,Corporate,Electronics,Chair,7,299,,2093,549.21
5624,ORD05624,28-10-2024,WEST,,Home Office,Furniture,Headphones,3,199,0.05,567.15,45.82
5625,ORD05625,22-09-2024,north,,Corporate,Office Supplies,Monitor,8,199,,1592,225.66
5626,ORD05626,12-01-2024,WEST,,Home Office,Electronics,Phone,4,149,0.1,536.4,69.54
5627,ORD05627,21-08-2025,South,CUST1632,Consumer,Furniture,Chair,2,149,0.05,283.1,66.06
5628,ORD05628,13-05-2024,WEST,CUST1565,Consumer,Office Supplies,Laptop,1,99,0.05,94.05,24.58
5629,ORD05629,04-12-2024,East,,Consumer,Electronics,Chair,3,199,0.05,567.15,133.43
5630,ORD05630,05-01-2024,WEST,CUST2037,Corporate,Office Supplies,Printer,8,149,,1192,221.9
5631,ORD05631,05-08-2024,north,,Consumer,Furniture,Tablet,4,499,,1996,575.49
5632,ORD05632,06-11-2025,East,CUST2215,Home Office,Furniture,Printer,5,799,,3995,826.89
5633,ORD05633,18-03-2025,East,,Corporate,Office Supplies,Laptop,,149,0.1,402.3,23.36
5634,ORD05634,01-02-2025,East,CUST1588,Home Office,Office Supplies,Laptop,9,299,0.15,2287.35,185.51
5635,ORD05635,10-11-2024,East,,Corporate,Office Supplies,Laptop,2,99,0.15,168.3,17.27
5636,ORD05636,07-04-2025,West,,Corporate,Furniture,Tablet,8,149,0,1192,226.19
5637,ORD05637,27-04-2024,north,CUST2182,Consumer,Furniture,Tablet,7,99,0.15,589.05,73.81
5638,ORD05638,22-05-2025,WEST,CUST1504,Corporate,Electronics,Laptop,9,99,0.15,757.35,214.79
5639,ORD05639,31-12-2024,South,,Home Office,Office Supplies,Desk,6,199,0.1,1074.6,56.02
5640,ORD05640,21-09-2025,East,CUST2120,Corporate,Furniture,Phone,9,199,0,1791,119.88
5641,ORD05641,20-02-2025,South,,Consumer,Electronics,Chair,7,799,0.05,5313.35,680.37
5642,ORD05642,12-04-2025,WEST,,Home Office,Furniture,Printer,8,199,,1592,148.03
5643,ORD05643,10-08-2024,West,CUST2287,Consumer,Furniture,Tablet,6,299,0,1794,396.39
5644,ORD05644,11-02-2025,West,CUST1237,Corporate,Furniture,Desk,7,149,0.05,990.85,93.76
5645,ORD05645,29-02-2024,WEST,,Consumer,Office Supplies,Phone,2,799,0.1,1438.2,195.23
5646,ORD05646,08-08-2024,north,,Home Office,Office Supplies,Phone,2,,0,398,48.62
5647,ORD05647,20-12-2024,North,CUST2484,Corporate,Office Supplies,Phone,3,149,0,447,30.97
5648,ORD05648,12-11-2025,West,,Consumer,Office Supplies,Headphones,5,149,0.05,707.75,75.36
5649,ORD05649,16-03-2024,South,,Consumer,Electronics,Printer,5,99,0,495,94.71
5650,ORD05650,12-09-2024,South,,Consumer,Furniture,Headphones,8,499,,3992,810.23
5651,ORD05651,14-11-2025,East,CUST1249,Home Office,Furniture,Laptop,8,99,0.15,673.2,63.44
5652,ORD05652,17-02-2025,West,,Consumer,Electronics,Chair,5,299,,1495,319.93
5653,ORD05653,30-01-2025,West,,Consumer,Electronics,Laptop,1,99,,99,28.66
5654,ORD05654,10-07-2025,South,,Home Office,Electronics,Chair,1,149,0.1,134.1,12.4
5655,ORD05655,05-08-2024,WEST,CUST1608,Home Office,Office Supplies,Chair,4,999,0.1,3596.4,363.3
5656,ORD05656,16-01-2024,West,CUST1482,Consumer,Office Supplies,Monitor,1,299,0,299,15.61
5657,ORD05657,17-12-2024,South,,Home Office,Furniture,Monitor,8,149,0,1192,153.79
5658,ORD05658,12-03-2024,East,,Consumer,Office Supplies,Chair,6,999,0.1,5394.6,1185.12
5659,ORD05659,09-04-2024,WEST,,Consumer,Furniture,Laptop,9,799,0.1,6471.9,634.8
5660,ORD05660,21-03-2024,North,CUST1451,Home Office,Electronics,Tablet,9,299,0.15,2287.35,394.89
5661,ORD05661,24-02-2024,South,CUST1753,Consumer,Office Supplies,Laptop,9,99,0.05,846.45,51.41
5662,ORD05662,13-02-2025,West,CUST2671,Consumer,Furniture,Phone,4,99,0.15,336.6,58.51
5663,ORD05663,16-07-2024,north,CUST1338,Corporate,Electronics,Monitor,1,299,0,299,56.61
5664,ORD05664,08-01-2025,WEST,,Home Office,Electronics,Chair,10,799,0.05,7590.5,1700.5
5665,ORD05665,15-06-2024,WEST,,Corporate,Electronics,Laptop,4,299,,1196,92.71
5666,ORD05666,29-10-2025,West,CUST1370,Corporate,Electronics,Monitor,9,299,0,2691,775.8
5667,ORD05667,06-03-2024,north,,Corporate,Office Supplies,Desk,4,299,0,1196,294.46
5668,ORD05668,27-10-2024,North,,Home Office,Electronics,Monitor,8,99,,792,63.63
5669,ORD05669,28-04-2024,South,,Consumer,Office Supplies,Tablet,9,99,,891,74.5
5670,ORD05670,30-07-2024,South,,Home Office,Furniture,Monitor,7,99,0.15,589.05,84.98
5671,ORD05671,03-08-2024,WEST,,Home Office,Electronics,Tablet,1,199,0.1,179.1,18.59
5672,ORD05672,11-12-2024,WEST,,Corporate,Furniture,Tablet,10,99,0.15,841.5,138
5673,ORD05673,14-02-2024,South,,Corporate,Office Supplies,Chair,10,299,0,2990,611.3
5674,ORD05674,02-01-2024,north,,Consumer,Electronics,Chair,4,499,0,1996,356.4
5675,ORD05675,22-11-2024,South,,Home Office,Office Supplies,Laptop,10,149,0.05,1415.5,422.28
5676,ORD05676,17-07-2024,South,,Consumer,Furniture,Desk,10,999,0.1,8991,1676.8
5677,ORD05677,28-06-2025,WEST,CUST1005,Home Office,Furniture,Laptop,10,149,0,1490,413.2
5678,ORD05678,12-05-2025,WEST,,Home Office,Furniture,Tablet,8,199,0.05,1512.4,334.34
5679,ORD05679,26-01-2025,West,CUST2950,Consumer,Office Supplies,Laptop,9,999,0.1,8091.9,1199.86
5680,ORD05680,23-12-2024,East,,Consumer,Furniture,Tablet,6,299,0.15,1524.9,411.64
5681,ORD05681,16-06-2025,West,,Home Office,Electronics,Chair,9,999,0,8991,2490.58
5682,ORD05682,24-03-2024,North,,Corporate,Electronics,Headphones,4,499,0.15,1696.6,117.79
5683,ORD05683,21-10-2024,East,,Corporate,Furniture,Phone,10,999,,9990,518
5684,ORD05684,05-03-2024,North,,Consumer,Furniture,Headphones,9,499,0.1,4041.9,1057.32
5685,ORD05685,09-07-2024,north,,Consumer,Furniture,Monitor,1,149,0,149,10.19
5686,ORD05686,19-11-2024,South,,Consumer,Furniture,Tablet,7,499,0.1,3143.7,349.63
5687,ORD05687,06-06-2024,north,CUST1988,Corporate,Electronics,Chair,2,149,0.1,268.2,61.55
5688,ORD05688,29-03-2025,West,CUST1876,Corporate,Furniture,Phone,3,199,0.1,537.3,72.43
5689,ORD05689,09-10-2025,East,,Consumer,Furniture,Laptop,6,999,,5994,521.81
5690,ORD05690,03-01-2025,north,CUST1474,Home Office,Furniture,Tablet,8,99,0,792,103.82
5691,ORD05691,30-10-2024,West,,Home Office,Furniture,Headphones,8,999,0.15,6793.2,1321.87
5692,ORD05692,22-05-2025,West,,Corporate,Furniture,Monitor,7,299,0.05,1988.35,154.3
5693,ORD05693,12-06-2025,WEST,,Corporate,Electronics,Phone,6,799,0.15,4074.9,711.77
5694,ORD05694,19-03-2025,South,,Home Office,Furniture,Desk,10,199,0.05,1890.5,141.75
5695,ORD05695,21-06-2025,WEST,,Corporate,Office Supplies,Monitor,10,799,0.05,7590.5,1968.11
5696,ORD05696,02-08-2024,North,,Consumer,Office Supplies,Tablet,7,199,0,1393,252.56
5697,ORD05697,13-05-2025,East,CUST2032,Consumer,Furniture,Tablet,1,149,0.05,141.55,41.69
5698,ORD05698,05-01-2025,South,CUST1000,Consumer,Furniture,Monitor,1,999,0.15,849.15,213.92
5699,ORD05699,19-10-2025,West,,Consumer,Office Supplies,Laptop,4,499,,1996,597.6
5700,ORD05700,16-06-2025,South,CUST2215,Corporate,Furniture,Headphones,2,149,,298,29.5
5701,ORD05701,28-11-2025,South,,Corporate,Electronics,Monitor,5,299,0.15,1270.75,198.72
5702,ORD05702,22-07-2025,East,,Home Office,Electronics,Chair,1,299,0.1,269.1,52.78
5703,ORD05703,16-05-2024,East,CUST1501,Corporate,Electronics,Monitor,1,199,0.15,169.15,8.67
5704,ORD05704,14-04-2024,WEST,,Corporate,Furniture,Laptop,5,799,0.1,3595.5,536.95
5705,ORD05705,22-12-2024,North,CUST1472,Corporate,Office Supplies,Printer,4,999,0.15,3396.6,623.99
5706,ORD05706,25-11-2025,West,CUST1219,Home Office,Electronics,Printer,2,499,,998,250.92
5707,ORD05707,02-04-2024,North,,Home Office,Furniture,Desk,1,199,0.1,179.1,12.26
5708,ORD05708,10-07-2025,WEST,,Consumer,Office Supplies,Monitor,8,199,,1592,447.27
5709,ORD05709,18-05-2024,East,CUST2663,Home Office,Office Supplies,Phone,4,149,0.15,506.6,89.77
5710,ORD05710,17-05-2025,WEST,CUST1179,Home Office,Electronics,Headphones,10,299,0.15,2541.5,413.7
5711,ORD05711,23-12-2024,East,CUST2053,Corporate,Furniture,Desk,4,999,0.1,3596.4,916.31
5712,ORD05712,17-01-2025,WEST,CUST2798,Corporate,Furniture,Monitor,2,299,0.15,508.3,136.58
5713,ORD05713,07-03-2025,WEST,,Corporate,Office Supplies,Monitor,1,299,,299,43.81
5714,ORD05714,17-01-2025,North,,Consumer,Electronics,Monitor,8,149,0,1192,228.9
5715,ORD05715,01-07-2025,north,CUST1845,Home Office,Electronics,Desk,1,99,0.15,84.15,11.11
5716,ORD05716,09-11-2025,WEST,,Corporate,Electronics,Monitor,8,299,0.05,2272.4,171.67
5717,ORD05717,10-02-2024,West,,Home Office,Furniture,Headphones,9,299,0.05,2556.45,341.78
5718,ORD05718,25-04-2024,north,CUST2251,Corporate,Office Supplies,Headphones,5,999,0.1,4495.5,1271.75
5719,ORD05719,15-02-2024,South,,Consumer,Office Supplies,Desk,1,149,0,149,17.72
5720,ORD05720,20-01-2025,WEST,,Corporate,Office Supplies,Headphones,10,99,,990,224.91
5721,ORD05721,14-11-2024,West,,Consumer,Electronics,Printer,4,999,0.1,3596.4,747.79
5722,ORD05722,04-11-2025,West,,Corporate,Electronics,Phone,10,799,0,7990,2128.1
5723,ORD05723,08-08-2024,North,,Corporate,Office Supplies,Chair,9,199,0.05,1701.45,264.83
5724,ORD05724,13-04-2024,North,,Corporate,Electronics,Tablet,9,999,0,8991,1345.49
5725,ORD05725,09-07-2025,WEST,,Consumer,Office Supplies,Headphones,7,299,0.05,1988.35,482.25
5726,ORD05726,29-02-2024,West,,Corporate,Office Supplies,Phone,2,499,0.1,898.2,211.48
5727,ORD05727,06-10-2024,South,,Consumer,Office Supplies,Laptop,4,799,0.15,2716.6,481.11
5728,ORD05728,04-11-2025,WEST,,Home Office,Office Supplies,Laptop,8,799,0.1,5752.8,308.31
5729,ORD05729,14-12-2025,East,,Home Office,Office Supplies,Tablet,8,299,,2392,168.56
5730,ORD05730,03-06-2024,West,,Home Office,Electronics,Desk,10,149,0.15,1266.5,101.44
5731,ORD05731,25-02-2024,East,,Consumer,Electronics,Headphones,8,499,0.1,3592.8,770.71
5732,ORD05732,19-02-2024,North,CUST1464,Home Office,Furniture,Desk,3,149,0,447,132.13
5733,ORD05733,23-12-2025,East,,Corporate,Office Supplies,Monitor,6,999,0.05,5694.3,1703.48
5734,ORD05734,24-04-2024,North,,Corporate,Office Supplies,Headphones,1,199,0.1,179.1,41.98
5735,ORD05735,01-10-2024,North,,Home Office,Furniture,Phone,3,499,0.15,1272.45,270.98
5736,ORD05736,19-06-2024,North,,Consumer,Electronics,Chair,4,999,0,3996,375.82
5737,ORD05737,04-06-2025,North,,Corporate,Office Supplies,Phone,3,99,0.15,252.45,17.85
5738,ORD05738,04-10-2025,WEST,,Corporate,Furniture,Laptop,5,299,,1495,300.78
5739,ORD05739,17-09-2025,WEST,,Corporate,Office Supplies,Headphones,10,99,0.05,940.5,47.26
5740,ORD05740,13-07-2025,West,CUST1898,Consumer,Furniture,Headphones,6,299,,1794,307.29
5741,ORD05741,23-09-2025,North,,Consumer,Furniture,Monitor,2,999,,1998,545.11
5742,ORD05742,21-05-2025,West,,Home Office,Office Supplies,Chair,2,,0.05,283.1,45.19
5743,ORD05743,21-05-2024,West,CUST1686,Home Office,Furniture,Phone,10,999,,9990,2752.67
5744,ORD05744,26-09-2025,WEST,CUST2354,Corporate,Furniture,Monitor,10,99,0.1,891,176.02
5745,ORD05745,24-01-2025,north,,Consumer,Electronics,Monitor,9,799,0.05,6831.45,1551.55
5746,ORD05746,07-07-2024,North,,Consumer,Furniture,Chair,1,299,0,299,43.34
5747,ORD05747,14-02-2025,north,CUST1488,Consumer,Electronics,Tablet,7,199,0,1393,185.67
5748,ORD05748,30-04-2025,South,,Corporate,Furniture,Tablet,5,199,0.1,895.5,141.36
5749,ORD05749,12-09-2024,East,,Corporate,Furniture,Chair,6,199,0.05,1134.3,162.8
5750,ORD05750,13-03-2024,West,,Consumer,Electronics,Printer,9,799,0.1,6471.9,1834.33
5751,ORD05751,25-08-2025,north,,Home Office,Furniture,Headphones,1,499,0.1,449.1,44.86
5752,ORD05752,11-09-2024,West,CUST2095,Corporate,Furniture,Chair,10,199,0.05,1890.5,189.27
5753,ORD05753,26-10-2024,South,CUST1410,Corporate,Office Supplies,Chair,10,149,0,1490,183.12
5754,ORD05754,11-10-2025,North,CUST2776,Home Office,Electronics,Headphones,4,299,0.1,1076.4,139.63
5755,ORD05755,04-10-2025,West,CUST1635,Corporate,Furniture,Desk,2,199,0.15,338.3,67.23
5756,ORD05756,12-06-2024,north,CUST1350,Home Office,Furniture,Tablet,1,99,0.05,94.05,13.42
5757,ORD05757,26-03-2025,north,CUST2444,Corporate,Office Supplies,Monitor,2,799,0,1598,393.98
5758,ORD05758,22-12-2024,north,,Corporate,Furniture,Phone,1,999,0,999,200.21
5759,ORD05759,14-09-2025,North,CUST2876,Corporate,Furniture,Tablet,4,799,0.05,3036.2,892.71
5760,ORD05760,25-09-2025,East,,Consumer,Furniture,Monitor,8,799,0,6392,1858.5
5761,ORD05761,03-05-2025,north,,Consumer,Electronics,Headphones,4,99,0,396,108.01
5762,ORD05762,13-09-2025,West,CUST2320,Corporate,Furniture,Phone,7,499,0.1,3143.7,196.15
5763,ORD05763,01-05-2024,North,,Home Office,Electronics,Desk,9,799,0.15,6112.35,832.77
5764,ORD05764,13-04-2024,West,,Consumer,Electronics,Printer,10,,0.15,4241.5,355.61
5765,ORD05765,09-08-2025,West,CUST2613,Home Office,Office Supplies,Laptop,6,99,0.15,504.9,82.45
5766,ORD05766,26-04-2025,WEST,CUST2113,Home Office,Electronics,Laptop,6,199,0.05,1134.3,328.85
5767,ORD05767,10-03-2025,South,,Corporate,Office Supplies,Chair,7,499,0.05,3318.35,377.98
5768,ORD05768,26-02-2025,north,,Consumer,Furniture,Tablet,5,799,,3995,222.89
5769,ORD05769,28-10-2024,North,,Home Office,Electronics,Monitor,4,149,0,596,115.37
5770,ORD05770,16-08-2025,North,,Corporate,Office Supplies,Printer,7,799,0.1,5033.7,680.97
5771,ORD05771,29-03-2024,WEST,,Corporate,Office Supplies,Laptop,7,799,0.05,5313.35,1044.67
5772,ORD05772,16-08-2025,South,,Home Office,Electronics,Monitor,5,999,0,4995,1356.4
5773,ORD05773,18-07-2025,North,,Corporate,Furniture,Headphones,6,199,0,1194,354.84
5774,ORD05774,10-04-2025,north,CUST2870,Home Office,Furniture,Chair,2,149,0,298,18.86
5775,ORD05775,04-10-2025,WEST,,Consumer,Furniture,Laptop,4,199,0.15,676.6,52.95
5776,ORD05776,18-05-2025,North,,Home Office,Electronics,Printer,10,99,0.1,891,243.77
5777,ORD05777,27-06-2025,north,CUST1853,Home Office,Furniture,Desk,8,149,,1192,82.96
5778,ORD05778,02-12-2025,north,CUST1639,Home Office,Furniture,Chair,1,299,0.05,284.05,83.69
5779,ORD05779,31-08-2025,North,,Corporate,Furniture,Laptop,9,499,0.1,4041.9,1211.54
5780,ORD05780,03-08-2024,West,,Corporate,Furniture,Monitor,9,199,0.1,1611.9,467.88
5781,ORD05781,16-09-2025,South,,Home Office,Furniture,Chair,1,99,0,99,22.41
5782,ORD05782,29-12-2025,South,,Corporate,Electronics,Printer,1,299,0.1,269.1,80.07
5783,ORD05783,31-01-2024,WEST,CUST2933,Home Office,Electronics,Headphones,1,799,0.1,719.1,141.82
5784,ORD05784,18-08-2025,WEST,,Corporate,Electronics,Headphones,8,499,0,3992,1013.98
5785,ORD05785,09-09-2025,East,,Consumer,Furniture,Monitor,7,799,0,5593,580.81
5786,ORD05786,24-09-2025,West,CUST2906,Consumer,Furniture,Desk,9,149,,1341,173.62
5787,ORD05787,15-11-2025,north,,Corporate,Office Supplies,Desk,8,999,,7992,522.86
5788,ORD05788,26-01-2024,north,,Corporate,Office Supplies,Monitor,9,299,0.1,2421.9,252.69
5789,ORD05789,16-05-2025,north,CUST2832,Home Office,Office Supplies,Laptop,1,799,0.1,719.1,92.72
5790,ORD05790,06-09-2025,East,CUST1014,Corporate,Office Supplies,Tablet,7,199,0,1393,275.2
5791,ORD05791,01-04-2024,WEST,CUST2549,Home Office,Electronics,Chair,1,499,,499,39.09
5792,ORD05792,14-09-2025,north,,Corporate,Furniture,Phone,5,499,,2495,592.85
5793,ORD05793,02-07-2024,East,CUST1906,Corporate,Electronics,Phone,8,149,0.15,1013.2,114.99
5794,ORD05794,12-09-2024,East,,Consumer,Electronics,Tablet,4,199,0.05,756.2,102.64
5795,ORD05795,05-10-2024,East,,Corporate,Electronics,Tablet,7,799,0.1,5033.7,965.89
5796,ORD05796,25-10-2024,North,CUST2521,Consumer,Electronics,Laptop,5,149,0.15,633.25,47.62
5797,ORD05797,08-09-2024,West,,Consumer,Furniture,Laptop,1,299,0.1,269.1,46.34
5798,ORD05798,19-06-2024,north,CUST1265,Consumer,Office Supplies,Laptop,7,499,0.05,3318.35,977.57
5799,ORD05799,10-04-2025,South,,Consumer,Office Supplies,Chair,7,149,0,1043,150.46
5800,ORD05800,08-04-2025,West,,Consumer,Office Supplies,Desk,8,499,0.15,3393.2,383.36
5801,ORD05801,28-06-2024,South,CUST1511,Consumer,Electronics,Tablet,4,299,0.05,1136.2,181.47
5802,ORD05802,15-03-2025,West,CUST2057,Home Office,Furniture,Laptop,3,999,0.1,2697.3,193.82
5803,ORD05803,28-08-2025,South,,Corporate,Electronics,Desk,1,799,0,799,225.79
5804,ORD05804,17-11-2024,South,,Corporate,Office Supplies,Phone,1,99,0.05,94.05,19.1
5805,ORD05805,20-03-2025,East,,Home Office,Office Supplies,Printer,3,499,,1497,248.47
5806,ORD05806,03-01-2024,North,,Home Office,Office Supplies,Phone,4,199,0.05,756.2,137.4
5807,ORD05807,13-09-2025,West,,Consumer,Electronics,Desk,2,149,,298,54.96
5808,ORD05808,06-07-2024,north,CUST1066,Home Office,Office Supplies,Printer,6,499,0.15,2544.9,469.56
5809,ORD05809,16-05-2025,WEST,,Home Office,Electronics,Phone,9,499,0,4491,1126.48
5810,ORD05810,09-01-2024,West,,Home Office,Furniture,Tablet,8,99,0.1,712.8,204.96
5811,ORD05811,26-09-2025,North,CUST2782,Home Office,Office Supplies,Headphones,4,799,0.05,3036.2,493.61
5812,ORD05812,02-08-2025,North,,Consumer,Furniture,Desk,3,99,0.05,282.15,52.22
5813,ORD05813,28-04-2025,north,CUST2762,Consumer,Office Supplies,Chair,4,299,0.15,1016.6,86.08
5814,ORD05814,19-06-2024,West,,Home Office,Furniture,Monitor,5,299,0,1495,217.93
5815,ORD05815,05-12-2025,South,CUST2637,Home Office,Office Supplies,Laptop,5,799,0.15,3395.75,413.02
5816,ORD05816,30-07-2025,WEST,CUST2764,Corporate,Electronics,Laptop,1,99,0.15,84.15,18.31
5817,ORD05817,10-10-2024,West,,Home Office,Office Supplies,Tablet,8,999,0.05,7592.4,1484.41
5818,ORD05818,28-08-2025,North,,Consumer,Furniture,Monitor,8,99,0.15,673.2,104.68
5819,ORD05819,20-05-2024,South,,Consumer,Office Supplies,Chair,2,799,,1598,392.61
5820,ORD05820,18-01-2024,north,,Consumer,Furniture,Laptop,7,299,,2093,162.88
5821,ORD05821,14-06-2024,WEST,,Home Office,Furniture,Printer,10,99,0.05,940.5,114.11
5822,ORD05822,31-10-2024,north,,Corporate,Office Supplies,Phone,9,999,0.05,8541.45,2217.62
5823,ORD05823,08-12-2025,North,,Home Office,Furniture,Laptop,8,199,0.1,1432.8,416.84
5824,ORD05824,17-11-2025,north,,Home Office,Office Supplies,Monitor,2,799,0.1,1438.2,303.34
5825,ORD05825,02-06-2025,South,,Consumer,Electronics,Desk,7,999,,6993,839.54
5826,ORD05826,11-07-2025,north,CUST2120,Corporate,Furniture,Chair,5,99,0.05,470.25,86.77
5827,ORD05827,07-08-2024,North,,Home Office,Furniture,Laptop,3,149,0.1,402.3,83.29
5828,ORD05828,26-03-2025,WEST,,Corporate,Office Supplies,Desk,5,99,0.05,470.25,91.75
5829,ORD05829,04-06-2024,North,,Corporate,Furniture,Headphones,2,999,0.1,1798.2,444.86
5830,ORD05830,29-08-2025,South,CUST2197,Consumer,Office Supplies,Desk,8,149,0.05,1132.4,139.17
5831,ORD05831,15-07-2025,South,CUST1784,Home Office,Furniture,Chair,8,799,0,6392,1690.65
5832,ORD05832,09-05-2024,WEST,,Consumer,Office Supplies,Laptop,5,499,,2495,269.57
5833,ORD05833,02-05-2024,North,,Home Office,Furniture,Chair,8,99,0.05,752.4,106.36
5834,ORD05834,23-01-2024,South,,Home Office,Office Supplies,Headphones,9,499,0.15,3817.35,967.38
5835,ORD05835,13-12-2024,South,,Consumer,Furniture,Phone,5,199,,995,240.02
5836,ORD05836,03-03-2025,WEST,CUST1023,Consumer,Electronics,Laptop,6,999,,5994,1228.82
5837,ORD05837,03-01-2024,WEST,,Home Office,Furniture,Headphones,1,99,0,99,16.29
5838,ORD05838,12-03-2025,West,,Home Office,Furniture,Headphones,5,799,,3995,1136.12
5839,ORD05839,07-05-2024,north,,Corporate,Furniture,Tablet,9,199,0.15,1522.35,177.31
5840,ORD05840,18-11-2024,WEST,CUST1723,Corporate,Furniture,Laptop,8,999,0.05,7592.4,934.32
5841,ORD05841,18-07-2025,West,,Corporate,Office Supplies,Headphones,4,99,0.05,376.2,92.2
5842,ORD05842,18-07-2024,North,CUST2975,Corporate,Office Supplies,Laptop,7,499,0.1,3143.7,697.61
5843,ORD05843,16-03-2025,North,CUST2423,Corporate,Office Supplies,Headphones,4,999,0.05,3796.2,883.89
5844,ORD05844,23-12-2025,north,,Home Office,Electronics,Phone,10,149,0.15,1266.5,366.29
5845,ORD05845,02-06-2024,East,CUST2618,Corporate,Furniture,Desk,4,199,0.05,756.2,43.8
5846,ORD05846,21-03-2024,North,,Consumer,Electronics,Headphones,4,999,0,3996,385.6
5847,ORD05847,20-01-2024,East,,Home Office,Furniture,Headphones,10,499,0.15,4241.5,248.07
5848,ORD05848,10-04-2025,South,CUST2496,Corporate,Office Supplies,Printer,1,499,0.15,424.15,55.72
5849,ORD05849,06-02-2024,north,CUST1614,Consumer,Office Supplies,Printer,9,299,0.05,2556.45,501.89
5850,ORD05850,16-05-2024,North,,Corporate,Furniture,Laptop,10,299,0.15,2541.5,156.84
5851,ORD05851,15-05-2024,north,,Home Office,Furniture,Monitor,3,199,0.1,537.3,92.12
5852,ORD05852,25-06-2025,North,,Home Office,Electronics,Headphones,4,999,0,3996,281.41
5853,ORD05853,18-07-2025,North,,Consumer,Office Supplies,Tablet,2,499,0,998,105.33
5854,ORD05854,16-03-2024,north,,Consumer,Furniture,Desk,5,299,0.05,1420.25,72.19
5855,ORD05855,12-02-2025,South,,Home Office,Electronics,Chair,1,799,0.15,679.15,200.41
5856,ORD05856,14-06-2025,West,,Home Office,Electronics,Phone,2,499,,998,180.23
5857,ORD05857,05-08-2025,North,,Consumer,Furniture,Tablet,9,,0.05,1273.95,260.72
5858,ORD05858,19-02-2024,West,CUST2235,Home Office,Office Supplies,Printer,7,99,0.15,589.05,132.31
5859,ORD05859,06-11-2025,South,,Home Office,Electronics,Chair,5,199,0.15,845.75,186.04
5860,ORD05860,12-12-2024,north,CUST1445,Home Office,Electronics,Chair,7,499,,3493,623.73
5861,ORD05861,31-01-2024,North,CUST2324,Home Office,Furniture,Laptop,3,999,,2997,275.43
5862,ORD05862,06-04-2025,north,,Corporate,Office Supplies,Desk,1,199,0.05,189.05,31.19
5863,ORD05863,09-02-2025,South,,Consumer,Furniture,Phone,3,799,0.1,2157.3,281.28
5864,ORD05864,02-06-2025,WEST,,Consumer,Office Supplies,Printer,2,999,0.05,1898.1,346.97
5865,ORD05865,14-11-2024,North,,Home Office,Office Supplies,Printer,5,999,0.1,4495.5,1330.22
5866,ORD05866,24-04-2024,North,,Consumer,Office Supplies,Printer,9,799,0,7191,687.19
5867,ORD05867,11-06-2025,WEST,CUST1575,Home Office,Electronics,Laptop,8,99,0.1,712.8,36.26
5868,ORD05868,04-09-2024,West,,Corporate,Office Supplies,Phone,7,99,0.15,589.05,63.08
5869,ORD05869,02-09-2025,South,,Home Office,Furniture,Chair,1,299,0.1,269.1,77.02
5870,ORD05870,07-04-2025,West,CUST2875,Home Office,Furniture,Phone,4,99,,396,104.39
5871,ORD05871,04-09-2025,North,,Consumer,Office Supplies,Headphones,1,299,,299,48.66
5872,ORD05872,07-12-2025,West,CUST2962,Home Office,Electronics,Monitor,6,199,0.05,1134.3,216.68
5873,ORD05873,17-12-2025,North,,Corporate,Furniture,Chair,2,99,0.1,178.2,27.35
5874,ORD05874,22-03-2025,East,CUST2859,Consumer,Electronics,Headphones,7,499,0.1,3143.7,508.4
5875,ORD05875,15-10-2025,north,,Corporate,Furniture,Tablet,6,999,0.15,5094.9,1498.83
5876,ORD05876,15-04-2025,West,,Home Office,Furniture,Desk,5,199,0,995,94.34
5877,ORD05877,01-07-2025,West,CUST1358,Consumer,Electronics,Headphones,7,999,0.05,6643.35,906.47
5878,ORD05878,01-10-2024,East,CUST2844,Corporate,Electronics,Chair,3,99,,297,78.76
5879,ORD05879,14-12-2024,South,,Consumer,Office Supplies,Desk,6,499,0.15,2544.9,664.27
5880,ORD05880,20-07-2025,East,,Consumer,Office Supplies,Monitor,3,499,0,1497,111.42
5881,ORD05881,15-11-2024,West,CUST1975,Home Office,Office Supplies,Chair,9,299,0.1,2421.9,490.22
5882,ORD05882,26-01-2024,north,CUST1484,Home Office,Electronics,Desk,8,149,0.1,1072.8,64.57
5883,ORD05883,25-09-2025,WEST,,Corporate,Electronics,Laptop,10,199,0.15,1691.5,388.44
5884,ORD05884,27-03-2024,north,,Home Office,Office Supplies,Desk,1,99,0,99,6.57
5885,ORD05885,29-09-2025,West,,Corporate,Office Supplies,Headphones,8,999,0,7992,1476.42
5886,ORD05886,16-06-2024,South,CUST2667,Home Office,Electronics,Monitor,9,999,0.05,8541.45,1022.11
5887,ORD05887,13-08-2025,north,,Consumer,Furniture,Printer,4,499,0.05,1896.2,224.38
5888,ORD05888,08-03-2024,WEST,,Consumer,Electronics,Chair,2,199,0.15,338.3,88.4
5889,ORD05889,13-01-2024,North,,Home Office,Electronics,Tablet,10,499,0.1,4491,987.5
5890,ORD05890,18-09-2025,West,,Home Office,Office Supplies,Laptop,8,299,0.05,2272.4,368.05
5891,ORD05891,20-10-2024,South,CUST2356,Corporate,Electronics,Laptop,7,299,,2093,425.12
5892,ORD05892,11-03-2024,WEST,CUST1606,Consumer,Electronics,Tablet,10,149,0.05,1415.5,84.53
5893,ORD05893,23-02-2025,West,CUST2395,Consumer,Furniture,Phone,6,499,0.15,2544.9,581.62
5894,ORD05894,02-03-2024,north,CUST1497,Home Office,Furniture,Desk,1,999,,999,231.83
5895,ORD05895,03-09-2024,North,,Consumer,Electronics,Tablet,4,149,0.1,536.4,115.09
5896,ORD05896,25-04-2024,north,,Corporate,Office Supplies,Desk,2,999,0,1998,498.97
5897,ORD05897,11-05-2024,East,,Home Office,Electronics,Chair,4,499,0.15,1696.6,362.05
5898,ORD05898,18-04-2025,north,,Corporate,Furniture,Desk,4,999,0,3996,232.82
5899,ORD05899,24-10-2025,north,,Consumer,Office Supplies,Printer,,199,0.15,845.75,169.25
5900,ORD05900,09-05-2024,WEST,CUST1904,Consumer,Office Supplies,Desk,4,99,,396,40.65
5901,ORD05901,08-06-2024,North,,Corporate,Electronics,Desk,1,99,0,99,23.87
5902,ORD05902,15-10-2024,East,,Home Office,Electronics,Monitor,7,999,0,6993,540.73
5903,ORD05903,08-07-2024,north,CUST2121,Consumer,Furniture,Monitor,8,299,0.1,2152.8,217.46
5904,ORD05904,24-03-2024,north,,Consumer,Electronics,Headphones,8,199,,1592,232.04
5905,ORD05905,20-02-2024,WEST,CUST2156,Home Office,Electronics,Monitor,9,149,0.15,1139.85,327.1
5906,ORD05906,19-10-2024,WEST,,Consumer,Furniture,Phone,2,199,0.1,358.2,55.03
5907,ORD05907,01-07-2025,East,CUST2521,Home Office,Electronics,Chair,6,999,0.1,5394.6,502.79
5908,ORD05908,21-07-2024,East,CUST1053,Home Office,Office Supplies,Laptop,4,499,0.15,1696.6,116.69
5909,ORD05909,19-04-2025,North,,Home Office,Electronics,Printer,7,149,0,1043,213.54
5910,ORD05910,10-10-2024,WEST,,Home Office,Office Supplies,Desk,1,799,0.1,719.1,108.17
5911,ORD05911,14-10-2024,north,,Home Office,Electronics,Phone,,499,0.15,3393.2,514.7
5912,ORD05912,15-04-2024,East,CUST1690,Corporate,Furniture,Monitor,8,199,,1592,355.09
5913,ORD05913,19-09-2025,North,,Corporate,Furniture,Monitor,8,149,0.15,1013.2,296.67
5914,ORD05914,02-09-2025,West,,Home Office,Electronics,Phone,2,999,0,1998,152
5915,ORD05915,16-05-2024,South,CUST2741,Home Office,Furniture,Printer,,499,0.15,4241.5,733.78
5916,ORD05916,23-12-2025,North,,Home Office,Office Supplies,Phone,7,999,,6993,1751.75
5917,ORD05917,31-12-2025,North,CUST2800,Home Office,Furniture,Headphones,7,149,0,1043,310.36
5918,ORD05918,03-02-2025,North,CUST2826,Consumer,Furniture,Phone,4,99,0.1,356.4,45.25
5919,ORD05919,25-08-2024,West,,Consumer,Office Supplies,Laptop,6,299,0,1794,227.55
5920,ORD05920,02-05-2024,West,,Consumer,Office Supplies,Laptop,9,299,0.05,2556.45,533.23
5921,ORD05921,19-12-2025,East,CUST2400,Consumer,Office Supplies,Printer,1,99,0.05,94.05,20.16
5922,ORD05922,13-12-2024,WEST,,Home Office,Office Supplies,Printer,8,299,,2392,239.36
5923,ORD05923,12-12-2024,West,,Home Office,Office Supplies,Headphones,5,799,0.05,3795.25,551.49
5924,ORD05924,24-11-2025,north,,Home Office,Furniture,Headphones,9,999,0.1,8091.9,420.52
5925,ORD05925,16-08-2024,North,CUST2435,Home Office,Office Supplies,Tablet,2,99,,198,57.89
5926,ORD05926,29-12-2024,East,,Corporate,Electronics,Headphones,1,499,0.1,449.1,72.61
5927,ORD05927,01-03-2025,North,CUST2002,Consumer,Electronics,Headphones,5,799,0.05,3795.25,754.95
5928,ORD05928,07-06-2025,North,,Corporate,Furniture,Laptop,7,499,,3493,612.52
5929,ORD05929,04-08-2025,West,CUST1784,Home Office,Furniture,Desk,10,499,0.15,4241.5,931.3
5930,ORD05930,21-07-2025,East,,Consumer,Electronics,Chair,9,99,0.15,757.35,66.4
5931,ORD05931,23-03-2025,South,CUST2599,Home Office,Electronics,Headphones,3,999,,2997,741.59
5932,ORD05932,22-04-2025,WEST,CUST2343,Corporate,Office Supplies,Desk,2,149,,298,15.18
5933,ORD05933,15-11-2024,East,CUST1633,Consumer,Furniture,Phone,6,999,0.05,5694.3,1241.01
5934,ORD05934,26-02-2024,South,CUST2517,Consumer,Electronics,Printer,7,499,0,3493,224.55
5935,ORD05935,06-10-2024,East,,Corporate,Electronics,Desk,7,999,0.15,5944.05,1580.7
5936,ORD05936,24-03-2025,WEST,,Consumer,Furniture,Printer,4,499,0.05,1896.2,513.68
5937,ORD05937,09-05-2025,North,CUST2994,Corporate,Office Supplies,Tablet,6,799,0,4794,1055
5938,ORD05938,28-04-2024,West,,Home Office,Electronics,Laptop,9,499,0.15,3817.35,684.9
5939,ORD05939,13-06-2025,north,,Corporate,Electronics,Printer,9,999,0.05,8541.45,896.34
5940,ORD05940,23-04-2025,North,,Corporate,Office Supplies,Phone,4,99,,396,89.34
5941,ORD05941,13-12-2025,East,CUST2163,Consumer,Electronics,Monitor,6,799,0.05,4554.3,902.77
5942,ORD05942,24-10-2025,West,,Corporate,Electronics,Desk,7,199,0.05,1323.35,227.59
5943,ORD05943,25-11-2025,West,,Corporate,Furniture,Headphones,8,199,0.05,1512.4,148.56
5944,ORD05944,22-12-2025,South,CUST2323,Home Office,Furniture,Chair,9,199,,1791,258.84
5945,ORD05945,29-05-2025,WEST,,Home Office,Electronics,Desk,7,799,0,5593,1192.25
5946,ORD05946,20-10-2024,WEST,,Consumer,Office Supplies,Laptop,5,99,0.05,470.25,67.41
5947,ORD05947,13-11-2025,WEST,CUST1768,Consumer,Office Supplies,Headphones,6,799,0,4794,1005.62
5948,ORD05948,12-12-2025,north,,Corporate,Office Supplies,Laptop,3,199,,597,170.72
5949,ORD05949,29-10-2024,South,CUST2539,Home Office,Office Supplies,Tablet,8,199,0.1,1432.8,403.83
5950,ORD05950,13-12-2024,South,,Home Office,Electronics,Phone,10,299,0.15,2541.5,430.91
5951,ORD05951,09-06-2025,East,,Corporate,Furniture,Chair,7,199,0.05,1323.35,216.89
5952,ORD05952,02-08-2025,north,,Home Office,Office Supplies,Headphones,1,499,0.05,474.05,88.88
5953,ORD05953,17-09-2025,East,,Consumer,Furniture,Tablet,2,149,,298,41.81
5954,ORD05954,26-08-2025,South,,Home Office,Furniture,Tablet,4,299,0,1196,188.41
5955,ORD05955,10-07-2024,North,,Home Office,Office Supplies,Monitor,3,99,0,297,72.39
5956,ORD05956,10-04-2025,West,,Home Office,Furniture,Monitor,7,99,0,693,77.27
5957,ORD05957,01-11-2024,north,CUST1350,Home Office,Electronics,Monitor,3,99,,297,43.86
5958,ORD05958,13-10-2024,WEST,CUST1447,Corporate,Furniture,Chair,3,99,0.05,282.15,19.84
5959,ORD05959,15-05-2025,South,CUST2113,Consumer,Office Supplies,Laptop,10,799,0,7990,1880.93
5960,ORD05960,30-09-2025,north,,Corporate,Electronics,Tablet,4,799,0,3196,212.48
5961,ORD05961,11-03-2024,South,,Corporate,Office Supplies,Tablet,8,999,0.1,7192.8,1221.32
5962,ORD05962,08-04-2024,West,CUST1212,Home Office,Furniture,Phone,3,199,,597,113.59
5963,ORD05963,30-08-2025,North,CUST2233,Corporate,Electronics,Monitor,3,299,0.15,762.45,68.61
5964,ORD05964,13-05-2024,north,,Corporate,Office Supplies,Tablet,6,199,0.1,1074.6,173.87
5965,ORD05965,22-06-2025,WEST,,Corporate,Furniture,Laptop,6,499,0.1,2694.6,629.57
5966,ORD05966,01-06-2024,WEST,,Home Office,Electronics,Headphones,6,299,0,1794,414.04
5967,ORD05967,21-03-2025,north,CUST2629,Home Office,Office Supplies,Chair,6,999,0,5994,1339.06
5968,ORD05968,20-12-2025,East,,Corporate,Office Supplies,Chair,10,799,0.05,7590.5,966.46
5969,ORD05969,25-07-2024,north,,Consumer,Furniture,Printer,10,99,0.05,940.5,101.02
5970,ORD05970,08-05-2025,WEST,,Corporate,Electronics,Headphones,6,299,0.1,1614.6,366.98
5971,ORD05971,11-01-2024,East,CUST2378,Home Office,Furniture,Phone,2,799,0.15,1358.3,229.56
5972,ORD05972,24-02-2024,WEST,,Home Office,Office Supplies,Phone,4,499,,1996,162.48
5973,ORD05973,11-10-2025,north,,Corporate,Furniture,Headphones,7,299,0.05,1988.35,253.19
5974,ORD05974,14-10-2025,north,,Corporate,Electronics,Printer,8,999,0.05,7592.4,2116.45
5975,ORD05975,01-03-2024,north,,Home Office,Office Supplies,Headphones,9,,,4491,456.78
5976,ORD05976,13-08-2024,South,CUST2794,Home Office,Electronics,Tablet,8,799,0.05,6072.4,353.7
5977,ORD05977,09-05-2025,East,,Home Office,Office Supplies,Tablet,7,299,,2093,257.94
5978,ORD05978,21-11-2024,North,,Home Office,Furniture,Printer,4,499,0.05,1896.2,554.52
5979,ORD05979,17-04-2024,WEST,CUST1357,Corporate,Office Supplies,Headphones,3,149,0,447,78.59
5980,ORD05980,12-05-2024,East,,Corporate,Electronics,Chair,3,299,0.15,762.45,190.67
5981,ORD05981,13-04-2024,WEST,,Consumer,Office Supplies,Phone,1,299,0,299,54.15
5982,ORD05982,02-05-2025,South,,Home Office,Electronics,Phone,5,99,0.15,420.75,124.02
5983,ORD05983,22-06-2025,WEST,CUST1078,Corporate,Office Supplies,Printer,7,199,0.15,1184.05,131.39
5984,ORD05984,27-01-2024,West,,Home Office,Furniture,Tablet,10,199,0.1,1791,424.16
5985,ORD05985,28-09-2025,East,,Consumer,Furniture,Chair,6,299,0.05,1704.3,184.33
5986,ORD05986,01-10-2025,East,CUST1185,Home Office,Furniture,Laptop,9,99,0,891,132.69
5987,ORD05987,22-09-2024,WEST,CUST1061,Consumer,Electronics,Monitor,10,299,0.05,2840.5,783.26
5988,ORD05988,10-01-2025,East,,Home Office,Electronics,Laptop,10,299,0,2990,783.57
5989,ORD05989,30-07-2024,South,CUST2065,Home Office,Electronics,Monitor,5,799,,3995,556.26
5990,ORD05990,24-06-2025,West,CUST2563,Home Office,Electronics,Desk,5,999,0,4995,558
5991,ORD05991,29-10-2024,north,,Corporate,Furniture,Laptop,4,999,0,3996,846.35
5992,ORD05992,30-05-2024,north,,Consumer,Furniture,Chair,5,799,0.15,3395.75,731.22
5993,ORD05993,14-02-2025,North,,Home Office,Electronics,Chair,5,149,0.15,633.25,36.34
5994,ORD05994,08-10-2025,West,,Consumer,Office Supplies,Chair,6,799,0,4794,498.53
5995,ORD05995,03-02-2024,north,CUST2389,Corporate,Furniture,Printer,3,99,0.1,267.3,16.65
5996,ORD05996,26-06-2025,West,CUST2615,Consumer,Furniture,Tablet,6,199,0.15,1014.9,259.46
5997,ORD05997,25-03-2025,West,CUST1240,Corporate,Furniture,Monitor,10,499,0.05,4740.5,765.59
5998,ORD05998,01-05-2025,WEST,CUST2200,Corporate,Furniture,Tablet,6,199,0,1194,120.63
5999,ORD05999,28-03-2024,WEST,CUST2792,Home Office,Furniture,Tablet,2,299,0.15,508.3,144.19
6000,ORD06000,04-05-2024,North,CUST2971,Home Office,Furniture,Tablet,1,999,0.05,949.05,49.92
6001,ORD06001,17-05-2024,North,CUST1935,Corporate,Electronics,Laptop,8,299,,2392,654.28
6002,ORD06002,26-09-2024,East,,Consumer,Office Supplies,Phone,10,999,,9990,1209.93
6003,ORD06003,17-07-2024,north,,Home Office,Electronics,Desk,8,999,0.05,7592.4,2085.84
6004,ORD06004,20-03-2025,South,CUST2653,Consumer,Electronics,Headphones,1,999,0.05,949.05,183.71
6005,ORD06005,06-04-2025,north,CUST1207,Corporate,Furniture,Desk,3,,0,597,83.73
6006,ORD06006,06-04-2025,South,CUST2486,Home Office,Electronics,Chair,5,199,,995,52.43
6007,ORD06007,16-03-2024,WEST,,Home Office,Office Supplies,Phone,3,99,,297,77.21
6008,ORD06008,14-05-2025,East,,Home Office,Office Supplies,Monitor,5,149,0.1,670.5,194.81
6009,ORD06009,13-12-2025,East,CUST2777,Corporate,Furniture,Printer,2,499,,998,238.52
6010,ORD06010,24-01-2024,north,,Consumer,Electronics,Phone,6,99,0.1,534.6,113.24
6011,ORD06011,24-11-2024,South,,Home Office,Electronics,Laptop,3,149,0.05,424.65,23.04
6012,ORD06012,15-03-2025,West,,Home Office,Electronics,Laptop,7,499,,3493,220.54
6013,ORD06013,17-06-2025,North,,Home Office,Office Supplies,Monitor,2,199,0.15,338.3,44.81
6014,ORD06014,20-08-2025,South,CUST1645,Corporate,Furniture,Headphones,10,199,0,1990,332.44
6015,ORD06015,11-07-2024,East,,Corporate,Furniture,Chair,5,799,0.15,3395.75,1017.04
6016,ORD06016,23-06-2024,North,,Home Office,Office Supplies,Phone,4,199,0.05,756.2,116.16
6017,ORD06017,12-08-2025,West,,Consumer,Furniture,Monitor,7,499,0.1,3143.7,343.96
6018,ORD06018,21-02-2024,West,,Consumer,Furniture,Monitor,,99,0.1,891,88.01
6019,ORD06019,25-01-2024,East,CUST2515,Corporate,Electronics,Desk,10,999,0,9990,2789.17
6020,ORD06020,20-01-2024,West,,Corporate,Electronics,Printer,8,299,0.15,2033.2,471.23
6021,ORD06021,02-10-2025,South,CUST2989,Corporate,Furniture,Phone,5,149,0.15,633.25,128.9
6022,ORD06022,24-10-2025,West,CUST2019,Home Office,Electronics,Chair,1,299,0.05,284.05,16.01
6023,ORD06023,12-01-2025,north,,Corporate,Electronics,Printer,7,149,0.15,886.55,264.48
6024,ORD06024,04-04-2025,north,CUST2738,Consumer,Electronics,Monitor,6,799,,4794,874.29
6025,ORD06025,26-09-2024,East,CUST1626,Home Office,Electronics,Tablet,2,999,0,1998,223.16
6026,ORD06026,24-09-2024,North,CUST1825,Home Office,Electronics,Tablet,5,199,,995,118.81
6027,ORD06027,19-10-2024,WEST,,Corporate,Electronics,Phone,10,799,0,7990,1291.98
6028,ORD06028,18-03-2024,East,,Corporate,Office Supplies,Monitor,2,299,0.05,568.1,48.12
6029,ORD06029,04-08-2025,East,,Consumer,Furniture,Printer,2,99,0,198,15.25
6030,ORD06030,14-04-2024,WEST,,Home Office,Electronics,Laptop,6,,0.1,534.6,43.41
6031,ORD06031,06-01-2025,North,,Corporate,Furniture,Tablet,6,99,0.1,534.6,110.68
6032,ORD06032,22-07-2025,WEST,,Home Office,Furniture,Monitor,7,299,0.15,1779.05,292.62
6033,ORD06033,20-01-2025,north,,Consumer,Office Supplies,Tablet,7,499,0.05,3318.35,315.57
6034,ORD06034,16-09-2024,North,,Home Office,Furniture,Tablet,1,499,,499,138.4
6035,ORD06035,12-07-2025,South,,Home Office,Office Supplies,Laptop,3,799,0.1,2157.3,258.64
6036,ORD06036,06-09-2024,WEST,,Consumer,Office Supplies,Desk,6,299,0.05,1704.3,367.58
6037,ORD06037,11-10-2025,East,,Corporate,Electronics,Chair,6,99,0.1,534.6,47.26
6038,ORD06038,23-11-2024,North,,Consumer,Furniture,Monitor,10,199,0.05,1890.5,125.25
6039,ORD06039,19-11-2025,north,,Home Office,Electronics,Chair,7,99,0.15,589.05,137.86
6040,ORD06040,23-10-2025,South,,Consumer,Office Supplies,Monitor,,149,0.1,804.6,156.49
6041,ORD06041,26-02-2024,WEST,CUST2752,Corporate,Furniture,Chair,3,99,0,297,40.66
6042,ORD06042,06-04-2024,West,CUST1482,Consumer,Office Supplies,Laptop,4,199,,796,120.3
6043,ORD06043,06-12-2025,North,CUST1788,Consumer,Furniture,Laptop,7,799,0.1,5033.7,445.99
6044,ORD06044,02-11-2025,north,,Home Office,Electronics,Headphones,7,999,0,6993,582.12
6045,ORD06045,08-11-2025,North,,Consumer,Office Supplies,Headphones,2,199,0,398,65.95
6046,ORD06046,05-05-2024,north,,Home Office,Furniture,Laptop,7,199,0.05,1323.35,106.77
6047,ORD06047,10-08-2025,North,CUST2642,Corporate,Electronics,Laptop,10,499,0.1,4491,888.54
6048,ORD06048,10-06-2025,East,CUST2918,Home Office,Office Supplies,Laptop,2,149,0.15,253.3,42.07
6049,ORD06049,24-06-2025,West,CUST1903,Corporate,Furniture,Headphones,2,299,0.1,538.2,102.32
6050,ORD06050,29-06-2024,South,,Consumer,Furniture,Chair,9,799,,7191,1166.66
6051,ORD06051,06-09-2025,East,CUST2517,Corporate,Office Supplies,Phone,10,799,0.1,7191,902.08
6052,ORD06052,26-07-2024,north,,Consumer,Electronics,Tablet,10,,0.15,841.5,229.85
6053,ORD06053,29-05-2024,East,,Corporate,Furniture,Tablet,4,499,,1996,157.16
6054,ORD06054,15-05-2025,North,,Corporate,Office Supplies,Chair,2,199,0.15,338.3,60.88
6055,ORD06055,11-08-2024,north,CUST2554,Home Office,Electronics,Phone,4,499,0.05,1896.2,322.82
6056,ORD06056,14-01-2025,East,,Corporate,Office Supplies,Headphones,9,299,0,2691,612.44
6057,ORD06057,25-12-2024,WEST,,Consumer,Electronics,Printer,10,99,0.1,891,134.39
6058,ORD06058,06-07-2024,WEST,,Home Office,Furniture,Monitor,3,999,0.05,2847.15,283.23
6059,ORD06059,30-11-2025,north,CUST1497,Consumer,Electronics,Desk,4,199,,796,84.35
6060,ORD06060,16-04-2024,South,CUST2267,Consumer,Office Supplies,Tablet,5,999,0.15,4245.75,482.48
6061,ORD06061,12-02-2024,East,,Corporate,Furniture,Monitor,9,199,,1791,504.88
6062,ORD06062,04-02-2024,North,CUST1480,Consumer,Furniture,Chair,2,99,0.05,188.1,28.41
6063,ORD06063,02-12-2024,East,,Home Office,Office Supplies,Tablet,10,199,,1990,414.2
6064,ORD06064,11-02-2024,North,,Corporate,Furniture,Monitor,3,999,0.1,2697.3,510.44
6065,ORD06065,02-05-2025,East,,Corporate,Office Supplies,Laptop,6,199,0,1194,90.34
6066,ORD06066,13-03-2024,South,,Corporate,Office Supplies,Headphones,3,799,0.05,2277.15,597.22
6067,ORD06067,13-05-2025,North,,Consumer,Office Supplies,Tablet,2,299,0.15,508.3,42.18
6068,ORD06068,28-02-2025,South,,Consumer,Electronics,Monitor,1,299,0.05,284.05,31.34
6069,ORD06069,17-09-2025,north,CUST2111,Consumer,Electronics,Monitor,5,99,0.1,445.5,116.4
6070,ORD06070,09-04-2024,South,,Consumer,Electronics,Chair,7,499,0.15,2969.05,243.73
6071,ORD06071,02-02-2025,East,,Consumer,Office Supplies,Headphones,7,149,0.15,886.55,226.3
6072,ORD06072,07-06-2024,South,,Corporate,Furniture,Headphones,9,149,0,1341,394.89
6073,ORD06073,01-07-2025,north,,Corporate,Office Supplies,Headphones,10,999,,9990,2713.21
6074,ORD06074,16-05-2025,South,,Consumer,Office Supplies,Phone,9,499,0.05,4266.45,884.47
6075,ORD06075,16-02-2025,South,,Corporate,Office Supplies,Monitor,7,199,0.05,1323.35,313.93
6076,ORD06076,11-09-2025,West,,Home Office,Electronics,Laptop,8,799,0.15,5433.2,402.17
6077,ORD06077,09-08-2024,West,,Home Office,Electronics,Chair,9,299,0.1,2421.9,383.54
6078,ORD06078,10-09-2024,North,,Corporate,Furniture,Chair,,499,0,499,119.38
6079,ORD06079,10-03-2025,WEST,CUST1845,Corporate,Electronics,Printer,10,999,0.15,8491.5,1624.65
6080,ORD06080,23-01-2024,West,,Corporate,Electronics,Phone,5,199,0.15,845.75,48.62
6081,ORD06081,17-12-2024,South,,Corporate,Office Supplies,Monitor,2,999,0,1998,293.41
6082,ORD06082,21-10-2025,North,,Consumer,Furniture,Printer,10,499,0.05,4740.5,1284.86
6083,ORD06083,15-08-2024,north,CUST2069,Consumer,Furniture,Printer,7,149,,1043,77.07
6084,ORD06084,07-10-2025,East,,Consumer,Furniture,Tablet,2,199,0.15,338.3,32.69
6085,ORD06085,16-03-2024,East,,Consumer,Electronics,Monitor,8,799,,6392,1595.77
6086,ORD06086,15-11-2024,South,,Consumer,Office Supplies,Phone,6,99,0.15,504.9,79.91
6087,ORD06087,12-08-2024,north,,Corporate,Furniture,Phone,4,499,,1996,580.96
6088,ORD06088,19-12-2024,East,,Consumer,Furniture,Laptop,6,99,0,594,176.7
6089,ORD06089,19-07-2025,West,,Consumer,Electronics,Printer,5,99,,495,104.79
6090,ORD06090,18-01-2024,South,CUST2491,Corporate,Office Supplies,Phone,4,499,0,1996,325.98
6091,ORD06091,21-05-2024,West,,Consumer,Furniture,Laptop,4,799,0.15,2716.6,311.3
6092,ORD06092,21-08-2024,North,,Consumer,Electronics,Chair,7,499,0,3493,455.44
6093,ORD06093,12-10-2025,WEST,,Home Office,Office Supplies,Headphones,6,99,0.15,504.9,65.17
6094,ORD06094,08-04-2024,West,,Home Office,Office Supplies,Printer,7,199,0.05,1323.35,315.87
6095,ORD06095,25-12-2024,WEST,CUST1368,Consumer,Electronics,Headphones,3,149,,447,82.35
6096,ORD06096,08-01-2025,North,,Consumer,Electronics,Phone,3,799,0.1,2157.3,419.22
6097,ORD06097,04-08-2024,WEST,,Home Office,Electronics,Desk,1,999,0.1,899.1,191.51
6098,ORD06098,21-02-2024,East,,Home Office,Office Supplies,Chair,7,799,0,5593,1069.27
6099,ORD06099,01-05-2025,East,,Home Office,Furniture,Laptop,5,149,,745,154.37
6100,ORD06100,08-04-2025,South,CUST1612,Consumer,Electronics,Chair,9,499,0.1,4041.9,442.23
6101,ORD06101,14-01-2025,north,,Corporate,Office Supplies,Tablet,7,799,0.05,5313.35,1193.57
6102,ORD06102,24-02-2025,West,CUST1901,Home Office,Furniture,Tablet,7,499,,3493,565.72
6103,ORD06103,15-04-2025,north,CUST2610,Consumer,Office Supplies,Tablet,8,149,0.1,1072.8,250.01
6104,ORD06104,24-08-2025,South,,Consumer,Furniture,Desk,6,299,0.05,1704.3,152.17
6105,ORD06105,28-12-2025,north,,Consumer,Electronics,Printer,2,999,0,1998,588.21
6106,ORD06106,16-10-2025,North,,Corporate,Office Supplies,Monitor,6,199,0.05,1134.3,113.44
6107,ORD06107,13-03-2025,north,,Consumer,Furniture,Printer,1,499,0.15,424.15,34.3
6108,ORD06108,20-10-2025,north,CUST2436,Corporate,Office Supplies,Tablet,7,499,0.1,3143.7,881.75
6109,ORD06109,10-10-2024,north,,Corporate,Office Supplies,Chair,6,299,,1794,350.21
6110,ORD06110,28-03-2024,north,,Corporate,Office Supplies,Printer,6,299,0,1794,136.61
6111,ORD06111,09-05-2025,North,CUST2660,Consumer,Furniture,Laptop,2,299,,598,96.38
6112,ORD06112,19-10-2025,north,,Corporate,Electronics,Chair,3,299,0.1,807.3,176.63
6113,ORD06113,13-09-2024,North,CUST1901,Consumer,Office Supplies,Headphones,3,799,0.05,2277.15,326.08
6114,ORD06114,02-06-2024,East,CUST2698,Home Office,Furniture,Headphones,7,299,0.1,1883.7,428.23
6115,ORD06115,19-05-2024,WEST,CUST2776,Corporate,Furniture,Chair,9,99,,891,127.17
6116,ORD06116,15-12-2024,East,,Consumer,Furniture,Chair,5,199,0.1,895.5,47.53
6117,ORD06117,22-04-2025,north,,Consumer,Office Supplies,Desk,6,299,0.05,1704.3,424.43
6118,ORD06118,16-10-2025,WEST,CUST1441,Corporate,Electronics,Printer,1,199,0.05,189.05,48.44
6119,ORD06119,22-11-2024,north,CUST1843,Home Office,Electronics,Chair,6,299,0,1794,265.62
6120,ORD06120,31-12-2024,North,CUST2211,Corporate,Electronics,Monitor,10,799,0.1,7191,1327.38
6121,ORD06121,02-02-2025,north,CUST1085,Consumer,Office Supplies,Laptop,4,299,0,1196,309.94
6122,ORD06122,18-05-2024,West,,Corporate,Office Supplies,Phone,5,799,0.1,3595.5,540.73
6123,ORD06123,29-01-2024,East,,Home Office,Electronics,Laptop,3,299,0.1,807.3,236.01
6124,ORD06124,13-04-2025,West,,Corporate,Office Supplies,Laptop,8,499,,3992,232.24
6125,ORD06125,06-12-2024,North,CUST1714,Consumer,Office Supplies,Tablet,8,999,0,7992,631.65
6126,ORD06126,05-04-2025,WEST,CUST2719,Consumer,Office Supplies,Desk,10,799,,7990,1497.93
6127,ORD06127,26-08-2025,north,,Home Office,Office Supplies,Phone,4,999,,3996,357.67
6128,ORD06128,28-05-2025,West,CUST1653,Corporate,Office Supplies,Laptop,1,149,,149,41.29
6129,ORD06129,24-07-2024,north,,Corporate,Electronics,Desk,7,199,0.15,1184.05,290.79
6130,ORD06130,22-12-2025,West,,Home Office,Office Supplies,Tablet,7,199,0,1393,136.09
6131,ORD06131,25-10-2025,East,,Corporate,Furniture,Desk,2,149,,298,68.05
6132,ORD06132,26-10-2024,WEST,,Home Office,Electronics,Headphones,4,999,0,3996,292.68
6133,ORD06133,14-05-2024,North,,Consumer,Office Supplies,Tablet,10,499,,4990,255.8
6134,ORD06134,21-03-2025,North,CUST2474,Consumer,Electronics,Laptop,6,199,0.15,1014.9,172.99
6135,ORD06135,11-03-2024,North,,Consumer,Electronics,Phone,3,999,0.1,2697.3,453.34
6136,ORD06136,03-07-2024,East,,Home Office,Furniture,Monitor,10,99,,990,263.18
6137,ORD06137,25-11-2024,north,,Corporate,Office Supplies,Printer,,149,0,596,162.42
6138,ORD06138,29-07-2025,East,,Corporate,Furniture,Tablet,2,99,0.15,168.3,40.64
6139,ORD06139,15-10-2024,West,,Consumer,Electronics,Headphones,4,99,0.05,376.2,65.06
6140,ORD06140,04-10-2025,South,,Consumer,Electronics,Phone,10,999,0.1,8991,2571.87
6141,ORD06141,25-07-2025,South,,Consumer,Electronics,Monitor,7,299,0.15,1779.05,362.2
6142,ORD06142,20-01-2025,West,,Consumer,Electronics,Phone,8,149,0.15,1013.2,278.17
6143,ORD06143,23-06-2024,South,,Corporate,Furniture,Laptop,4,799,,3196,459.52
6144,ORD06144,05-09-2024,South,,Consumer,Furniture,Headphones,10,149,0.05,1415.5,300
6145,ORD06145,30-10-2024,north,,Consumer,Office Supplies,Monitor,5,99,0.15,420.75,102.11
6146,ORD06146,08-10-2025,South,,Consumer,Electronics,Printer,2,299,0.05,568.1,167.91
6147,ORD06147,06-08-2024,WEST,CUST1806,Home Office,Furniture,Chair,6,99,0.05,564.3,94.2
6148,ORD06148,01-05-2024,South,,Consumer,Office Supplies,Desk,5,299,,1495,245.09
6149,ORD06149,08-04-2024,north,,Corporate,Office Supplies,Monitor,3,499,0.1,1347.3,266.25
6150,ORD06150,01-08-2024,South,CUST1384,Consumer,Electronics,Phone,9,799,0.15,6112.35,1675.17
6151,ORD06151,19-08-2025,West,,Home Office,Office Supplies,Monitor,1,199,,199,54.44
6152,ORD06152,29-01-2024,WEST,,Home Office,Furniture,Desk,9,999,0.05,8541.45,2457.93
6153,ORD06153,06-06-2025,West,,Corporate,Furniture,Phone,1,799,0.15,679.15,156.25
6154,ORD06154,28-11-2024,north,CUST1992,Corporate,Electronics,Desk,8,99,0.1,712.8,118.96
6155,ORD06155,08-06-2024,North,,Consumer,Electronics,Chair,1,299,0.1,269.1,16.36
6156,ORD06156,14-08-2024,WEST,CUST1405,Consumer,Electronics,Tablet,5,799,0.15,3395.75,484.09
6157,ORD06157,19-09-2024,WEST,,Corporate,Electronics,Chair,7,199,0.15,1184.05,311.3
6158,ORD06158,14-05-2025,West,CUST2674,Consumer,Office Supplies,Monitor,4,199,0.05,756.2,143.16
6159,ORD06159,02-12-2025,north,,Consumer,Furniture,Tablet,3,799,0.1,2157.3,139.37
6160,ORD06160,21-02-2024,East,CUST1940,Consumer,Furniture,Tablet,2,999,0.1,1798.2,331.48
6161,ORD06161,20-10-2025,North,,Consumer,Furniture,Printer,5,299,0,1495,220.4
6162,ORD06162,04-08-2024,WEST,,Home Office,Furniture,Laptop,4,149,0,596,91.08
6163,ORD06163,30-08-2024,WEST,,Home Office,Electronics,Printer,10,299,0.15,2541.5,680.49
6164,ORD06164,13-07-2025,South,CUST1914,Consumer,Office Supplies,Monitor,7,299,0.15,1779.05,379.26
6165,ORD06165,27-01-2024,East,CUST1061,Consumer,Electronics,Chair,1,149,0.05,141.55,10.39
6166,ORD06166,16-05-2024,WEST,CUST2857,Corporate,Furniture,Printer,4,499,0,1996,594.03
6167,ORD06167,18-03-2025,WEST,,Home Office,Electronics,Monitor,1,799,0.1,719.1,123.89
6168,ORD06168,16-12-2025,East,,Home Office,Electronics,Printer,5,499,0.15,2120.75,523.67
6169,ORD06169,04-08-2025,north,,Home Office,Electronics,Headphones,5,99,,495,29.09
6170,ORD06170,18-06-2024,north,,Corporate,Electronics,Desk,1,199,0.05,189.05,16.84
6171,ORD06171,13-05-2024,South,,Home Office,Furniture,Printer,9,199,0,1791,515.46
6172,ORD06172,27-05-2024,WEST,,Home Office,Office Supplies,Chair,3,199,0.1,537.3,43.43
6173,ORD06173,08-03-2025,North,,Home Office,Office Supplies,Desk,5,299,0.05,1420.25,189.04
6174,ORD06174,14-05-2025,north,,Home Office,Furniture,Tablet,6,999,,5994,839.89
6175,ORD06175,25-07-2025,WEST,,Consumer,Office Supplies,Laptop,4,149,,596,115.28
6176,ORD06176,01-01-2025,North,,Consumer,Office Supplies,Headphones,3,799,0.1,2157.3,319.88
6177,ORD06177,07-01-2024,East,,Corporate,Electronics,Chair,2,999,0.15,1698.3,148.21
6178,ORD06178,02-11-2024,North,,Consumer,Electronics,Headphones,10,999,0.15,8491.5,1024.89
6179,ORD06179,06-09-2024,north,,Home Office,Electronics,Laptop,8,499,,3992,223.7
6180,ORD06180,29-04-2025,north,,Home Office,Office Supplies,Desk,6,999,0.05,5694.3,919.86
6181,ORD06181,09-01-2024,north,,Home Office,Furniture,Chair,8,499,0.1,3592.8,410.57
6182,ORD06182,02-03-2024,South,,Home Office,Office Supplies,Printer,5,799,,3995,751.87
6183,ORD06183,30-04-2025,West,CUST2326,Home Office,Furniture,Laptop,3,299,,897,98.14
6184,ORD06184,20-03-2025,north,CUST2973,Home Office,Electronics,Chair,3,99,0.15,252.45,62.05
6185,ORD06185,02-04-2025,North,CUST2470,Home Office,Furniture,Chair,7,499,0.15,2969.05,847.7
6186,ORD06186,24-12-2025,East,CUST1317,Corporate,Office Supplies,Chair,3,999,,2997,231.03
6187,ORD06187,23-04-2025,north,CUST1097,Consumer,Furniture,Headphones,6,999,,5994,1363.76
6188,ORD06188,05-04-2024,West,CUST2146,Corporate,Office Supplies,Desk,10,999,0.05,9490.5,1605.93
6189,ORD06189,03-09-2024,WEST,CUST2968,Corporate,Office Supplies,Tablet,3,799,0.1,2157.3,402.54
6190,ORD06190,18-04-2024,WEST,,Consumer,Furniture,Laptop,3,999,0.15,2547.45,703.04
6191,ORD06191,07-11-2024,north,,Consumer,Furniture,Headphones,9,999,,8991,849.92
6192,ORD06192,08-11-2024,South,,Home Office,Office Supplies,Chair,8,99,,792,178.6
6193,ORD06193,22-12-2025,West,,Consumer,Furniture,Chair,1,149,0,149,33.08
6194,ORD06194,11-08-2024,North,CUST2927,Home Office,Office Supplies,Laptop,6,149,0.1,804.6,164.91
6195,ORD06195,05-12-2025,North,CUST2451,Home Office,Furniture,Headphones,10,999,0.05,9490.5,2378.35
6196,ORD06196,12-03-2024,East,,Corporate,Office Supplies,Phone,4,199,,796,72.12
6197,ORD06197,14-01-2024,South,,Corporate,Office Supplies,Desk,2,199,0.15,338.3,75.41
6198,ORD06198,28-02-2024,South,CUST2465,Corporate,Office Supplies,Headphones,2,149,0.15,253.3,38.07
6199,ORD06199,30-11-2025,north,,Corporate,Electronics,Phone,5,99,,495,106.02
6200,ORD06200,14-11-2024,East,,Consumer,Electronics,Phone,9,999,0.05,8541.45,2078.46
6201,ORD06201,24-05-2025,WEST,,Home Office,Furniture,Laptop,5,299,0.15,1270.75,80.38
6202,ORD06202,13-07-2024,East,,Corporate,Electronics,Headphones,1,149,0.05,141.55,10.87
6203,ORD06203,06-03-2025,North,,Consumer,Office Supplies,Chair,7,149,,1043,161.61
6204,ORD06204,19-09-2024,WEST,,Home Office,Furniture,Laptop,7,149,,1043,165.43
6205,ORD06205,17-10-2024,East,CUST1543,Consumer,Furniture,Desk,3,499,,1497,410.5
6206,ORD06206,18-12-2024,South,CUST1023,Home Office,Furniture,Phone,6,999,0.05,5694.3,374.54
6207,ORD06207,24-07-2024,north,,Consumer,Office Supplies,Desk,4,499,0.1,1796.4,439.14
6208,ORD06208,27-12-2024,north,CUST2646,Corporate,Office Supplies,Phone,3,199,0.1,537.3,126.06
6209,ORD06209,14-05-2025,North,,Corporate,Furniture,Phone,6,149,0.1,804.6,92.59
6210,ORD06210,08-03-2024,WEST,,Corporate,Furniture,Printer,7,299,,2093,171.94
6211,ORD06211,15-04-2025,north,,Home Office,Electronics,Desk,2,499,0,998,141.52
6212,ORD06212,08-06-2024,North,CUST2455,Home Office,Furniture,Desk,2,99,0,198,32.5
6213,ORD06213,31-03-2024,East,,Home Office,Electronics,Desk,1,299,0.1,269.1,34.7
6214,ORD06214,05-05-2025,WEST,,Home Office,Office Supplies,Chair,8,149,0.05,1132.4,318.34
6215,ORD06215,12-01-2024,north,,Consumer,Furniture,Phone,5,299,0,1495,77.58
6216,ORD06216,11-12-2024,North,,Home Office,Office Supplies,Printer,8,499,0,3992,212.67
6217,ORD06217,13-01-2025,South,CUST2094,Corporate,Furniture,Tablet,6,99,0.1,534.6,106.84
6218,ORD06218,19-09-2024,West,,Home Office,Furniture,Chair,2,799,0,1598,277.39
6219,ORD06219,11-03-2024,WEST,CUST2765,Consumer,Electronics,Desk,8,299,0.05,2272.4,301.34
6220,ORD06220,03-02-2025,North,,Corporate,Electronics,Desk,6,199,0,1194,294.28
6221,ORD06221,13-09-2025,north,,Corporate,Electronics,Headphones,7,999,,6993,1856.18
6222,ORD06222,26-01-2025,WEST,,Consumer,Electronics,Monitor,2,499,0.15,848.3,128.75
6223,ORD06223,27-06-2024,North,,Consumer,Furniture,Tablet,6,799,,4794,1152.85
6224,ORD06224,26-01-2025,West,CUST1964,Consumer,Furniture,Desk,8,999,,7992,1909.96
6225,ORD06225,31-03-2024,South,,Corporate,Furniture,Desk,4,799,0.15,2716.6,756.49
6226,ORD06226,01-12-2025,West,,Home Office,Office Supplies,Printer,10,999,0.1,8991,2023.07
6227,ORD06227,13-05-2025,north,,Home Office,Office Supplies,Tablet,4,99,0.15,336.6,57.4
6228,ORD06228,08-05-2025,East,,Home Office,Office Supplies,Laptop,7,499,,3493,359.32
6229,ORD06229,07-11-2024,north,CUST1673,Consumer,Furniture,Chair,10,999,0.1,8991,983.02
6230,ORD06230,15-08-2024,West,,Corporate,Office Supplies,Laptop,4,299,0.1,1076.4,62.15
6231,ORD06231,24-05-2024,north,,Consumer,Office Supplies,Headphones,3,,0.05,567.15,148.51
6232,ORD06232,15-12-2025,South,CUST1623,Consumer,Furniture,Desk,9,299,0.15,2287.35,336.5
6233,ORD06233,09-09-2025,WEST,,Corporate,Furniture,Chair,7,499,0,3493,250.68
6234,ORD06234,18-11-2025,north,,Home Office,Furniture,Tablet,5,199,0.1,895.5,197.65
6235,ORD06235,29-11-2025,WEST,CUST2401,Home Office,Furniture,Printer,1,499,0.1,449.1,95.96
6236,ORD06236,28-07-2024,West,CUST1918,Home Office,Electronics,Headphones,8,99,0,792,217.28
6237,ORD06237,20-01-2024,East,,Consumer,Electronics,Desk,8,149,0.15,1013.2,159.9
6238,ORD06238,03-07-2025,north,,Corporate,Electronics,Printer,8,149,0.15,1013.2,245.38
6239,ORD06239,12-05-2024,north,,Consumer,Electronics,Monitor,2,799,0.1,1438.2,267.01
6240,ORD06240,03-10-2025,north,CUST2008,Home Office,Furniture,Laptop,1,99,0,99,7.58
6241,ORD06241,16-03-2025,East,,Home Office,Furniture,Headphones,2,999,,1998,328.23
6242,ORD06242,20-07-2025,East,,Home Office,Office Supplies,Desk,1,99,,99,25.09
6243,ORD06243,27-11-2025,West,,Corporate,Office Supplies,Chair,,149,0,1490,294.57
6244,ORD06244,01-06-2024,East,,Consumer,Office Supplies,Headphones,3,799,0.15,2037.45,482.5
6245,ORD06245,10-10-2024,South,CUST1438,Consumer,Electronics,Printer,1,799,0.05,759.05,129.16
6246,ORD06246,10-08-2025,north,,Corporate,Office Supplies,Laptop,5,499,0,2495,351.44
6247,ORD06247,23-12-2024,South,CUST1136,Corporate,Furniture,Headphones,5,99,0.15,420.75,125.13
6248,ORD06248,22-03-2025,WEST,CUST1266,Corporate,Electronics,Printer,9,99,0.15,757.35,60.21
6249,ORD06249,03-10-2025,north,CUST2424,Corporate,Office Supplies,Tablet,4,99,0,396,92.54
6250,ORD06250,08-01-2025,WEST,CUST1075,Consumer,Furniture,Printer,4,799,0.15,2716.6,802.86
6251,ORD06251,14-02-2024,north,CUST2361,Home Office,Electronics,Printer,6,499,0.1,2694.6,266.8
6252,ORD06252,10-05-2024,north,,Home Office,Furniture,Printer,2,,0,1998,461.11
6253,ORD06253,01-05-2025,West,CUST2862,Corporate,Office Supplies,Tablet,7,199,,1393,122.12
6254,ORD06254,22-07-2025,WEST,,Home Office,Furniture,Desk,4,149,0.1,536.4,105.31
6255,ORD06255,10-11-2025,East,,Home Office,Office Supplies,Chair,8,299,0.15,2033.2,341.01
6256,ORD06256,30-03-2025,north,,Home Office,Furniture,Phone,4,99,0,396,29.27
6257,ORD06257,30-10-2025,WEST,CUST1057,Corporate,Office Supplies,Chair,8,149,0,1192,134.08
6258,ORD06258,27-09-2024,West,,Consumer,Office Supplies,Desk,4,499,0.15,1696.6,164.4
6259,ORD06259,12-03-2025,WEST,,Corporate,Electronics,Monitor,10,999,0.15,8491.5,1767.71
6260,ORD06260,06-07-2024,North,,Consumer,Electronics,Tablet,2,199,0.15,338.3,75.56
6261,ORD06261,08-07-2025,East,,Home Office,Furniture,Monitor,8,99,,792,199.09
6262,ORD06262,03-09-2025,West,,Home Office,Furniture,Tablet,,199,0.1,358.2,47.99
6263,ORD06263,25-08-2025,WEST,,Consumer,Electronics,Headphones,5,299,0.05,1420.25,71.5
6264,ORD06264,19-03-2025,West,,Consumer,Electronics,Phone,9,999,0.15,7642.35,1743.01
6265,ORD06265,16-06-2024,East,,Consumer,Furniture,Chair,2,999,0,1998,414.59
6266,ORD06266,21-01-2024,North,CUST2517,Consumer,Office Supplies,Printer,4,99,0.05,376.2,72.12
6267,ORD06267,18-09-2024,East,,Corporate,Furniture,Headphones,3,99,0.05,282.15,58.37
6268,ORD06268,22-05-2025,WEST,CUST2627,Home Office,Electronics,Headphones,7,499,0.05,3318.35,385.73
6269,ORD06269,05-02-2024,North,,Corporate,Electronics,Tablet,8,149,0.1,1072.8,223.18
6270,ORD06270,26-09-2024,WEST,CUST2293,Consumer,Office Supplies,Chair,5,499,0,2495,680.66
6271,ORD06271,18-05-2024,north,,Home Office,Furniture,Chair,8,799,0.15,5433.2,1519.46
6272,ORD06272,10-02-2025,East,CUST2816,Home Office,Electronics,Chair,9,499,0.05,4266.45,853.37
6273,ORD06273,04-01-2024,WEST,,Home Office,Office Supplies,Laptop,10,499,0.15,4241.5,329.21
6274,ORD06274,11-11-2025,North,,Home Office,Office Supplies,Phone,1,499,0.15,424.15,25.76
6275,ORD06275,06-11-2025,West,CUST1422,Consumer,Electronics,Chair,3,999,0,2997,263.25
6276,ORD06276,02-05-2024,WEST,,Home Office,Furniture,Headphones,4,299,0,1196,173.73
6277,ORD06277,26-09-2024,North,,Home Office,Furniture,Desk,3,799,0.15,2037.45,287.9
6278,ORD06278,12-12-2024,North,CUST1910,Home Office,Furniture,Printer,6,799,0.1,4314.6,928.02
6279,ORD06279,16-07-2025,West,,Home Office,Office Supplies,Desk,4,999,0.05,3796.2,565.69
6280,ORD06280,25-03-2025,West,CUST1246,Consumer,Office Supplies,Phone,1,299,0.1,269.1,59.42
6281,ORD06281,04-02-2025,North,,Consumer,Office Supplies,Printer,10,199,0.05,1890.5,224.97
6282,ORD06282,15-01-2025,North,CUST2999,Corporate,Office Supplies,Phone,8,999,0.1,7192.8,2114.27
6283,ORD06283,24-02-2025,South,CUST1072,Home Office,Office Supplies,Monitor,9,499,0.05,4266.45,1015.77
6284,ORD06284,04-09-2024,South,CUST1043,Corporate,Office Supplies,Phone,8,299,0,2392,360.84
6285,ORD06285,08-01-2024,South,CUST1618,Consumer,Furniture,Printer,3,149,0.05,424.65,76.93
6286,ORD06286,12-07-2024,north,,Corporate,Furniture,Headphones,7,149,0.1,938.7,176.78
6287,ORD06287,06-11-2025,north,,Consumer,Furniture,Desk,8,499,0,3992,748.85
6288,ORD06288,03-09-2025,South,CUST2139,Home Office,Furniture,Laptop,6,299,,1794,173.02
6289,ORD06289,19-10-2025,WEST,CUST2382,Corporate,Electronics,Phone,2,499,0.1,898.2,169.62
6290,ORD06290,28-05-2025,South,,Corporate,Office Supplies,Chair,7,799,0.05,5313.35,1116.36
6291,ORD06291,17-01-2025,North,CUST1843,Home Office,Office Supplies,Chair,7,299,0.15,1779.05,208.21
6292,ORD06292,22-12-2024,South,,Corporate,Furniture,Printer,4,999,0,3996,261.72
6293,ORD06293,10-02-2025,North,,Home Office,Office Supplies,Tablet,1,799,,799,153.83
6294,ORD06294,22-03-2025,WEST,CUST1554,Home Office,Office Supplies,Printer,4,149,,596,48.78
6295,ORD06295,30-07-2025,East,,Corporate,Office Supplies,Phone,5,999,0.1,4495.5,441.34
6296,ORD06296,22-11-2024,North,,Corporate,Electronics,Desk,5,999,0,4995,909.28
6297,ORD06297,26-09-2025,North,,Corporate,Office Supplies,Printer,3,149,0.1,402.3,74.15
6298,ORD06298,04-11-2025,WEST,CUST2537,Consumer,Furniture,Desk,6,799,0.1,4314.6,627.64
6299,ORD06299,22-12-2024,East,CUST1654,Home Office,Electronics,Printer,3,999,0,2997,352.98
6300,ORD06300,09-08-2024,WEST,,Corporate,Electronics,Monitor,10,299,0.15,2541.5,371.53
6301,ORD06301,28-10-2024,East,,Consumer,Furniture,Chair,1,799,,799,212.39
6302,ORD06302,08-05-2024,East,,Home Office,Electronics,Printer,1,499,0,499,45.02
6303,ORD06303,25-01-2024,West,,Home Office,Furniture,Printer,1,499,0.1,449.1,105.35
6304,ORD06304,28-11-2025,East,CUST1271,Corporate,Office Supplies,Laptop,2,299,,598,166.87
6305,ORD06305,22-02-2025,north,,Home Office,Furniture,Laptop,10,199,,1990,218.96
6306,ORD06306,18-01-2024,East,,Home Office,Electronics,Laptop,4,99,0,396,101.99
6307,ORD06307,29-08-2025,East,,Consumer,Office Supplies,Desk,2,499,0.1,898.2,238.58
6308,ORD06308,10-11-2024,North,,Consumer,Electronics,Headphones,8,149,,1192,324.28
6309,ORD06309,19-09-2025,north,,Corporate,Furniture,Monitor,8,999,0,7992,452.84
6310,ORD06310,22-03-2025,North,CUST2160,Consumer,Electronics,Phone,3,99,0.1,267.3,21.53
6311,ORD06311,06-07-2024,North,,Consumer,Electronics,Printer,10,799,0,7990,2004.83
6312,ORD06312,12-06-2025,South,,Home Office,Furniture,Tablet,5,799,,3995,203.26
6313,ORD06313,02-02-2024,South,,Consumer,Electronics,Tablet,1,99,0.1,89.1,9.74
6314,ORD06314,26-01-2024,WEST,CUST1530,Consumer,Furniture,Printer,8,99,,792,47.97
6315,ORD06315,19-11-2025,North,,Home Office,Electronics,Monitor,8,499,0.1,3592.8,737.33
6316,ORD06316,18-02-2024,East,,Corporate,Office Supplies,Tablet,1,199,0,199,39
6317,ORD06317,10-09-2024,East,,Corporate,Electronics,Tablet,10,999,0,9990,775.96
6318,ORD06318,28-01-2025,WEST,,Consumer,Furniture,Monitor,8,199,0.1,1432.8,242.89
6319,ORD06319,08-05-2024,North,CUST2762,Consumer,Electronics,Phone,1,499,0.1,449.1,75.37
6320,ORD06320,25-06-2025,North,,Home Office,Office Supplies,Headphones,2,999,0,1998,133.88
6321,ORD06321,30-01-2025,north,,Corporate,Electronics,Chair,2,99,0.1,178.2,51.12
6322,ORD06322,04-05-2024,North,,Corporate,Electronics,Chair,3,149,,447,75.06
6323,ORD06323,24-12-2024,north,,Corporate,Electronics,Monitor,4,299,0.1,1076.4,144.27
6324,ORD06324,28-03-2025,West,,Home Office,Furniture,Headphones,8,499,0,3992,731.99
6325,ORD06325,26-09-2024,East,CUST2987,Consumer,Furniture,Laptop,1,199,0.15,169.15,22.88
6326,ORD06326,25-11-2024,South,,Corporate,Office Supplies,Tablet,5,799,0.1,3595.5,466.05
6327,ORD06327,01-09-2025,WEST,CUST2146,Corporate,Electronics,Headphones,10,99,0.15,841.5,49.74
6328,ORD06328,29-06-2025,North,,Consumer,Furniture,Tablet,1,799,0.05,759.05,222.04
6329,ORD06329,10-04-2024,WEST,,Consumer,Furniture,Tablet,7,199,0.15,1184.05,164.6
6330,ORD06330,28-07-2024,South,CUST1116,Corporate,Electronics,Monitor,9,299,0.1,2421.9,299.66
6331,ORD06331,25-08-2024,West,,Consumer,Electronics,Tablet,7,199,,1393,251.99
6332,ORD06332,04-08-2024,West,,Consumer,Electronics,Monitor,4,299,0.05,1136.2,97.62
6333,ORD06333,12-11-2024,North,,Consumer,Electronics,Headphones,9,149,0.15,1139.85,326.18
6334,ORD06334,13-04-2024,West,,Consumer,Office Supplies,Phone,9,299,,2691,298.19
6335,ORD06335,29-09-2024,north,CUST2860,Home Office,Office Supplies,Laptop,2,299,0.05,568.1,162.53
6336,ORD06336,23-07-2025,WEST,,Consumer,Office Supplies,Headphones,2,149,0,298,32.11
6337,ORD06337,28-11-2025,West,CUST2098,Home Office,Electronics,Chair,9,,0,1791,160.66
6338,ORD06338,26-11-2024,South,,Consumer,Office Supplies,Headphones,9,299,0.1,2421.9,526.89
6339,ORD06339,02-10-2025,West,CUST1194,Consumer,Office Supplies,Tablet,9,99,0.1,801.9,205.29
6340,ORD06340,23-09-2024,north,,Corporate,Office Supplies,Laptop,6,299,,1794,190.63
6341,ORD06341,19-02-2025,South,,Corporate,Office Supplies,Laptop,2,299,,598,49.3
6342,ORD06342,25-08-2024,WEST,CUST1604,Home Office,Furniture,Laptop,6,149,0,894,145.41
6343,ORD06343,20-02-2025,East,CUST2288,Consumer,Office Supplies,Laptop,10,299,0.1,2691,404.25
6344,ORD06344,08-07-2025,South,,Home Office,Electronics,Desk,3,799,0.15,2037.45,563.44
6345,ORD06345,03-03-2024,East,,Corporate,Electronics,Printer,7,199,0,1393,332.27
6346,ORD06346,11-11-2025,WEST,,Home Office,Furniture,Tablet,5,99,0,495,115.59
6347,ORD06347,02-08-2024,West,,Home Office,Electronics,Monitor,10,799,0.15,6791.5,1726.86
6348,ORD06348,20-12-2024,north,CUST2232,Home Office,Office Supplies,Headphones,7,99,0.05,658.35,184.31
6349,ORD06349,18-03-2025,West,,Home Office,Furniture,Chair,7,99,0.1,623.7,83.78
6350,ORD06350,12-06-2025,North,,Home Office,Office Supplies,Laptop,10,199,0.15,1691.5,144.17
6351,ORD06351,16-04-2024,South,,Home Office,Office Supplies,Phone,10,,0.05,7590.5,605.08
6352,ORD06352,02-09-2025,South,CUST1065,Consumer,Electronics,Desk,10,299,,2990,256.65
6353,ORD06353,07-10-2024,West,,Home Office,Furniture,Tablet,4,149,,596,38.62
6354,ORD06354,07-04-2024,WEST,CUST2217,Home Office,Office Supplies,Headphones,4,999,0.05,3796.2,408.47
6355,ORD06355,09-10-2025,West,,Home Office,Furniture,Tablet,7,799,,5593,641.37
6356,ORD06356,26-07-2024,WEST,CUST1148,Corporate,Office Supplies,Monitor,8,149,0.1,1072.8,159.27
6357,ORD06357,04-03-2025,East,,Consumer,Electronics,Monitor,6,999,0,5994,1258.08
6358,ORD06358,29-07-2024,north,,Consumer,Furniture,Tablet,3,999,0.1,2697.3,155.14
6359,ORD06359,27-06-2024,north,,Consumer,Electronics,Desk,2,999,0.05,1898.1,370.41
6360,ORD06360,06-03-2025,South,,Corporate,Electronics,Phone,8,149,0.05,1132.4,284.58
6361,ORD06361,27-03-2025,north,,Consumer,Electronics,Headphones,8,149,0.1,1072.8,298.77
6362,ORD06362,28-11-2024,WEST,,Home Office,Office Supplies,Chair,6,999,0.1,5394.6,607.19
6363,ORD06363,13-10-2024,East,CUST1034,Consumer,Office Supplies,Monitor,1,149,0.15,126.65,34.11
6364,ORD06364,10-09-2025,West,,Consumer,Furniture,Tablet,1,299,0.05,284.05,53.8
6365,ORD06365,25-12-2024,north,,Consumer,Office Supplies,Tablet,10,499,0.05,4740.5,1168.35
6366,ORD06366,11-04-2025,North,,Home Office,Furniture,Tablet,3,499,0.15,1272.45,142.68
6367,ORD06367,25-08-2025,East,,Home Office,Furniture,Headphones,5,799,0.05,3795.25,705.85
6368,ORD06368,07-10-2024,West,,Home Office,Electronics,Desk,7,499,0.1,3143.7,900.14
6369,ORD06369,15-12-2025,South,,Home Office,Office Supplies,Phone,3,199,,597,90.05
6370,ORD06370,02-01-2024,East,CUST2126,Corporate,Office Supplies,Monitor,2,199,0.05,378.1,87.53
6371,ORD06371,27-05-2025,North,,Corporate,Electronics,Phone,1,99,,99,22.73
6372,ORD06372,06-09-2025,West,,Home Office,Furniture,Laptop,7,799,0.1,5033.7,681.44
6373,ORD06373,04-09-2024,East,CUST1435,Consumer,Office Supplies,Headphones,3,999,0.1,2697.3,784.94
6374,ORD06374,07-01-2024,East,,Home Office,Furniture,Printer,3,499,0.05,1422.15,231.26
6375,ORD06375,24-02-2024,South,,Consumer,Electronics,Tablet,5,299,0,1495,221.77
6376,ORD06376,28-10-2024,West,,Home Office,Furniture,Monitor,5,999,0.1,4495.5,617.5
6377,ORD06377,23-05-2025,West,,Home Office,Office Supplies,Headphones,3,199,0.05,567.15,75.49
6378,ORD06378,04-10-2024,north,,Home Office,Electronics,Monitor,,999,0.05,6643.35,1529.19
6379,ORD06379,22-04-2024,North,CUST2052,Home Office,Electronics,Printer,6,,0.15,1524.9,106.42
6380,ORD06380,11-03-2025,north,,Home Office,Office Supplies,Laptop,2,799,0.15,1358.3,382.7
6381,ORD06381,21-03-2025,East,,Corporate,Electronics,Laptop,3,499,0,1497,159.02
6382,ORD06382,25-12-2024,north,,Home Office,Electronics,Printer,8,99,0.05,752.4,43.6
6383,ORD06383,28-12-2024,WEST,,Home Office,Electronics,Chair,1,499,0.05,474.05,128.96
6384,ORD06384,22-11-2025,West,,Corporate,Office Supplies,Headphones,7,999,0,6993,1056.1
6385,ORD06385,23-09-2024,WEST,CUST2260,Corporate,Office Supplies,Headphones,1,149,,149,23.28
6386,ORD06386,22-09-2024,North,,Corporate,Electronics,Headphones,2,799,0.1,1438.2,118
6387,ORD06387,02-06-2025,South,CUST2056,Corporate,Furniture,Phone,10,499,0,4990,1360.12
6388,ORD06388,15-11-2024,East,CUST1504,Corporate,Electronics,Monitor,2,199,0.05,378.1,28.41
6389,ORD06389,06-07-2025,South,CUST1198,Home Office,Furniture,Chair,6,299,0,1794,488.54
6390,ORD06390,11-11-2024,WEST,,Home Office,Furniture,Printer,2,499,0,998,261.84
6391,ORD06391,15-12-2024,South,,Consumer,Electronics,Printer,5,299,0.15,1270.75,184.07
6392,ORD06392,30-06-2024,East,CUST2423,Home Office,Electronics,Printer,7,149,0,1043,294.49
6393,ORD06393,29-11-2025,WEST,,Home Office,Office Supplies,Tablet,2,799,,1598,149.63
6394,ORD06394,23-03-2025,North,,Consumer,Office Supplies,Chair,4,499,0,1996,332.08
6395,ORD06395,11-10-2024,WEST,CUST1109,Consumer,Electronics,Tablet,4,199,,796,212.5
6396,ORD06396,12-11-2025,East,,Home Office,Furniture,Tablet,3,,0.15,2037.45,375.35
6397,ORD06397,18-06-2025,South,,Home Office,Office Supplies,Printer,5,149,0.05,707.75,179.32
6398,ORD06398,09-11-2024,WEST,CUST2844,Consumer,Furniture,Chair,2,299,,598,156.68
6399,ORD06399,01-12-2024,north,CUST1263,Consumer,Furniture,Headphones,4,149,0,596,135.78
6400,ORD06400,17-10-2025,WEST,CUST2854,Consumer,Electronics,Desk,10,99,0.05,940.5,185.01
6401,ORD06401,09-03-2024,North,CUST2423,Home Office,Furniture,Laptop,8,299,0,2392,193.36
6402,ORD06402,26-11-2025,north,,Corporate,Office Supplies,Printer,1,499,0.05,474.05,93.21
6403,ORD06403,28-01-2025,north,,Home Office,Furniture,Phone,6,199,0.1,1074.6,232.15
6404,ORD06404,12-03-2024,South,CUST2363,Corporate,Furniture,Chair,4,999,0.05,3796.2,825.28
6405,ORD06405,14-11-2024,West,CUST2844,Consumer,Furniture,Desk,2,199,,398,21.75
6406,ORD06406,28-12-2025,north,,Corporate,Electronics,Headphones,10,99,0,990,153.87
6407,ORD06407,18-10-2024,South,,Corporate,Office Supplies,Phone,9,499,0,4491,344.46
6408,ORD06408,05-11-2024,north,,Home Office,Office Supplies,Tablet,6,149,0.15,759.9,122.47
6409,ORD06409,20-05-2025,north,CUST2320,Home Office,Electronics,Desk,1,199,0.1,179.1,21.58
6410,ORD06410,12-06-2024,North,,Consumer,Electronics,Phone,8,299,0.05,2272.4,232.42
6411,ORD06411,15-11-2024,WEST,,Consumer,Electronics,Headphones,9,299,0,2691,241.78
6412,ORD06412,04-06-2024,South,CUST2598,Consumer,Furniture,Monitor,8,149,0.15,1013.2,278.32
6413,ORD06413,19-10-2024,north,,Consumer,Furniture,Monitor,4,499,0.1,1796.4,332.09
6414,ORD06414,23-12-2024,East,,Home Office,Electronics,Phone,7,199,0.1,1253.7,135.07
6415,ORD06415,06-11-2024,north,CUST1656,Consumer,Furniture,Headphones,4,99,,396,47.68
6416,ORD06416,04-04-2024,South,,Corporate,Office Supplies,Printer,6,149,0.1,804.6,201.69
6417,ORD06417,20-08-2024,WEST,,Consumer,Furniture,Monitor,7,99,0.15,589.05,143.34
6418,ORD06418,04-08-2025,East,CUST2598,Home Office,Electronics,Printer,1,499,0.05,474.05,47.94
6419,ORD06419,12-02-2025,north,CUST2828,Home Office,Electronics,Desk,2,199,0.1,358.2,103.72
6420,ORD06420,25-02-2025,north,CUST1341,Consumer,Office Supplies,Headphones,1,799,0.15,679.15,73.05
6421,ORD06421,19-03-2025,north,,Corporate,Electronics,Printer,2,199,,398,101.83
6422,ORD06422,28-11-2025,north,CUST1134,Consumer,Electronics,Headphones,6,499,,2994,170.2
6423,ORD06423,11-04-2024,North,CUST2633,Corporate,Electronics,Printer,6,99,0.1,534.6,119.29
6424,ORD06424,03-07-2024,South,CUST2857,Consumer,Furniture,Chair,10,299,0.15,2541.5,722.9
6425,ORD06425,05-11-2025,East,,Home Office,Electronics,Headphones,7,999,0.15,5944.05,1239.32
6426,ORD06426,02-03-2025,north,CUST2462,Home Office,Electronics,Headphones,3,799,0.15,2037.45,217.61
6427,ORD06427,31-07-2024,North,,Consumer,Office Supplies,Monitor,8,149,,1192,264.73
6428,ORD06428,15-03-2024,WEST,CUST1176,Corporate,Furniture,Printer,9,499,0.05,4266.45,316.5
6429,ORD06429,01-09-2024,East,,Corporate,Electronics,Phone,5,499,0.05,2370.25,570.52
6430,ORD06430,12-05-2024,South,,Home Office,Furniture,Monitor,1,999,0.1,899.1,139.95
6431,ORD06431,31-01-2025,north,CUST1179,Home Office,Electronics,Monitor,3,499,0.1,1347.3,204.38
6432,ORD06432,04-01-2025,WEST,,Home Office,Electronics,Desk,2,999,0,1998,321.01
6433,ORD06433,28-02-2024,North,CUST1431,Corporate,Office Supplies,Tablet,5,799,0.15,3395.75,601.84
6434,ORD06434,07-09-2024,north,,Consumer,Electronics,Monitor,3,799,0.05,2277.15,266.22
6435,ORD06435,06-08-2025,WEST,,Home Office,Electronics,Headphones,9,299,0,2691,390.79
6436,ORD06436,26-07-2025,South,,Home Office,Electronics,Tablet,3,99,0.05,282.15,60.77
6437,ORD06437,20-09-2025,South,,Home Office,Electronics,Monitor,5,299,0.1,1345.5,237.92
6438,ORD06438,07-04-2025,West,,Home Office,Electronics,Desk,10,99,0.05,940.5,188.02
6439,ORD06439,27-02-2025,North,CUST2391,Corporate,Office Supplies,Headphones,9,799,,7191,1552.94
6440,ORD06440,20-08-2024,WEST,,Home Office,Furniture,Phone,8,499,0.1,3592.8,642.44
6441,ORD06441,21-07-2025,north,,Home Office,Furniture,Monitor,7,299,0.15,1779.05,367.91
6442,ORD06442,26-07-2024,north,,Consumer,Furniture,Phone,5,299,,1495,355.45
6443,ORD06443,05-02-2025,East,CUST1312,Home Office,Electronics,Printer,2,199,0.1,358.2,102.44
6444,ORD06444,10-05-2024,north,,Home Office,Electronics,Phone,8,299,,2392,504.39
6445,ORD06445,01-10-2024,South,,Corporate,Office Supplies,Headphones,10,999,0,9990,1934.88
6446,ORD06446,05-10-2024,WEST,CUST1794,Corporate,Furniture,Printer,10,999,0.05,9490.5,1751.73
6447,ORD06447,10-08-2024,North,CUST1721,Home Office,Furniture,Printer,3,999,,2997,528.25
6448,ORD06448,22-06-2024,WEST,CUST1536,Consumer,Furniture,Monitor,1,299,0.15,254.15,74.63
6449,ORD06449,24-02-2025,West,CUST1800,Corporate,Electronics,Desk,8,299,0.05,2272.4,612.2
6450,ORD06450,11-10-2024,WEST,,Corporate,Furniture,Laptop,7,299,0.05,1988.35,213.34
6451,ORD06451,11-03-2024,South,,Consumer,Electronics,Printer,8,149,0.05,1132.4,166.22
6452,ORD06452,01-10-2025,WEST,,Consumer,Office Supplies,Printer,8,,0.05,3792.4,410.07
6453,ORD06453,28-05-2025,North,,Consumer,Office Supplies,Monitor,3,999,0,2997,456.9
6454,ORD06454,01-02-2025,North,,Corporate,Office Supplies,Chair,6,149,,894,44.87
6455,ORD06455,29-09-2024,South,CUST1475,Home Office,Furniture,Desk,9,199,0.15,1522.35,294.69
6456,ORD06456,29-01-2024,north,CUST1698,Consumer,Furniture,Phone,6,299,0.15,1524.9,269.92
6457,ORD06457,10-07-2025,West,CUST2338,Home Office,Furniture,Phone,3,99,0.05,282.15,43.74
6458,ORD06458,17-05-2024,WEST,,Corporate,Furniture,Laptop,,499,0,3992,689.16
6459,ORD06459,23-12-2025,West,,Consumer,Office Supplies,Tablet,10,999,0.05,9490.5,1338.13
6460,ORD06460,13-07-2025,WEST,CUST1791,Consumer,Furniture,Laptop,1,799,0.1,719.1,180.6
6461,ORD06461,17-02-2024,north,,Home Office,Electronics,Monitor,8,499,0.15,3393.2,967.15
6462,ORD06462,04-04-2024,West,,Consumer,Office Supplies,Headphones,10,149,0,1490,87.89
6463,ORD06463,23-02-2025,north,,Home Office,Office Supplies,Desk,9,499,0.1,4041.9,342.63
6464,ORD06464,20-03-2024,East,,Corporate,Office Supplies,Laptop,4,799,,3196,948.67
6465,ORD06465,21-11-2025,WEST,,Corporate,Furniture,Desk,9,499,0.1,4041.9,901.73
6466,ORD06466,29-05-2024,West,,Home Office,Electronics,Laptop,3,999,0.15,2547.45,264.3
6467,ORD06467,28-01-2025,South,,Corporate,Office Supplies,Desk,3,99,0.05,282.15,55.2
6468,ORD06468,12-04-2025,North,,Home Office,Electronics,Headphones,1,199,0.15,169.15,20.74
6469,ORD06469,17-06-2024,WEST,,Consumer,Office Supplies,Desk,4,299,0.15,1016.6,240
6470,ORD06470,31-07-2025,WEST,,Consumer,Furniture,Monitor,10,299,0.15,2541.5,646.9
6471,ORD06471,12-08-2025,East,,Corporate,Furniture,Phone,8,499,0.05,3792.4,657.25
6472,ORD06472,24-06-2024,South,,Home Office,Office Supplies,Headphones,3,149,0.15,379.95,47.98
6473,ORD06473,12-11-2024,North,CUST2350,Consumer,Electronics,Desk,9,199,0.15,1522.35,175.56
6474,ORD06474,15-07-2024,north,CUST2358,Home Office,Furniture,Phone,5,799,0,3995,441.98
6475,ORD06475,06-05-2024,north,CUST1236,Home Office,Office Supplies,Chair,6,299,,1794,463.04
6476,ORD06476,04-09-2025,West,CUST1785,Home Office,Office Supplies,Desk,5,799,0.1,3595.5,812.18
6477,ORD06477,25-12-2024,East,,Home Office,Office Supplies,Desk,10,499,0.1,4491,401.28
6478,ORD06478,16-11-2024,WEST,,Home Office,Furniture,Chair,7,999,0.1,6293.7,899.17
6479,ORD06479,31-01-2025,West,CUST1301,Corporate,Electronics,Laptop,6,499,,2994,182.57
6480,ORD06480,11-05-2025,North,,Home Office,Furniture,Monitor,2,299,0.05,568.1,60.41
6481,ORD06481,23-11-2024,South,CUST1007,Home Office,Office Supplies,Desk,4,799,0.1,2876.4,524.34
6482,ORD06482,04-09-2025,South,,Consumer,Electronics,Monitor,7,199,0,1393,118.1
6483,ORD06483,21-04-2024,north,CUST1361,Consumer,Office Supplies,Tablet,10,99,0.05,940.5,279.17
6484,ORD06484,02-04-2024,North,CUST1272,Consumer,Electronics,Chair,9,799,0.05,6831.45,1572.3
6485,ORD06485,19-02-2025,South,CUST1416,Consumer,Furniture,Tablet,3,99,,297,58.69
6486,ORD06486,05-03-2024,East,CUST1987,Home Office,Office Supplies,Monitor,2,999,0.15,1698.3,192.79
6487,ORD06487,18-03-2024,South,,Consumer,Furniture,Tablet,7,999,0.15,5944.05,316.86
6488,ORD06488,10-10-2025,WEST,,Home Office,Furniture,Monitor,3,99,,297,30.68
6489,ORD06489,17-03-2025,South,,Corporate,Electronics,Laptop,4,149,0.1,536.4,37.52
6490,ORD06490,04-12-2024,East,CUST2080,Home Office,Furniture,Printer,5,999,0.05,4745.25,546.22
6491,ORD06491,17-05-2024,South,CUST1482,Consumer,Electronics,Phone,3,499,0,1497,102.96
6492,ORD06492,07-09-2025,East,,Consumer,Electronics,Monitor,3,499,0.05,1422.15,264.18
6493,ORD06493,31-08-2024,North,CUST2448,Consumer,Electronics,Chair,7,149,,1043,263.21
6494,ORD06494,17-12-2025,North,,Home Office,Furniture,Chair,5,99,0,495,40.55
6495,ORD06495,28-05-2025,North,CUST2796,Home Office,Electronics,Tablet,5,199,0.05,945.25,109.57
6496,ORD06496,06-09-2024,WEST,CUST1156,Corporate,Office Supplies,Printer,1,499,0.15,424.15,32.05
6497,ORD06497,08-06-2024,South,,Consumer,Electronics,Headphones,5,499,0,2495,128.35
6498,ORD06498,14-01-2024,WEST,CUST2445,Consumer,Furniture,Tablet,7,,,6993,943.9
6499,ORD06499,07-07-2025,South,CUST2301,Corporate,Office Supplies,Chair,4,499,,1996,241.06
6500,ORD06500,09-07-2025,north,,Corporate,Furniture,Tablet,10,199,0.05,1890.5,326.72
6501,ORD06501,26-07-2024,WEST,CUST1420,Corporate,Office Supplies,Laptop,10,,0.15,1266.5,177.6
6502,ORD06502,02-05-2025,South,,Home Office,Electronics,Tablet,1,999,0.05,949.05,189.38
6503,ORD06503,26-10-2025,West,,Home Office,Office Supplies,Desk,7,99,0.15,589.05,55.88
6504,ORD06504,02-11-2024,East,,Home Office,Furniture,Headphones,2,199,0.05,378.1,20.37
6505,ORD06505,09-04-2025,South,,Corporate,Office Supplies,Headphones,5,149,0.05,707.75,106.06
6506,ORD06506,20-04-2025,South,,Consumer,Office Supplies,Chair,7,799,0.1,5033.7,399.8
6507,ORD06507,28-03-2025,East,,Home Office,Furniture,Laptop,9,799,,7191,625.93
6508,ORD06508,14-06-2024,WEST,,Consumer,Electronics,Laptop,1,199,0.15,169.15,42.66
6509,ORD06509,09-02-2025,East,,Consumer,Office Supplies,Chair,3,799,0.1,2157.3,288.24
6510,ORD06510,05-07-2024,East,,Corporate,Office Supplies,Headphones,6,299,0.05,1704.3,502.78
6511,ORD06511,19-10-2025,East,CUST1464,Consumer,Furniture,Chair,10,299,0,2990,620.01
6512,ORD06512,30-12-2024,north,,Consumer,Office Supplies,Phone,8,999,0,7992,400.33
6513,ORD06513,24-02-2024,WEST,CUST2305,Home Office,Office Supplies,Laptop,5,,0.15,2120.75,526.02
6514,ORD06514,03-08-2025,South,,Corporate,Electronics,Phone,4,499,0.1,1796.4,350.53
6515,ORD06515,26-11-2025,South,,Corporate,Electronics,Laptop,9,99,,891,75.77
6516,ORD06516,19-10-2024,East,,Consumer,Furniture,Tablet,1,149,0.15,126.65,7.27
6517,ORD06517,05-11-2024,North,,Corporate,Electronics,Phone,5,149,,745,49.24
6518,ORD06518,22-12-2024,north,,Corporate,Office Supplies,Monitor,6,499,0.15,2544.9,417.21
6519,ORD06519,28-07-2024,WEST,,Consumer,Electronics,Chair,5,149,0,745,121.64
6520,ORD06520,23-02-2024,north,,Consumer,Office Supplies,Laptop,1,799,0.05,759.05,72.48
6521,ORD06521,12-12-2024,South,,Consumer,Office Supplies,Monitor,2,299,0.15,508.3,140.69
6522,ORD06522,30-01-2025,North,,Home Office,Office Supplies,Laptop,3,299,0.15,762.45,179.04
6523,ORD06523,14-07-2024,South,,Consumer,Electronics,Chair,8,799,0.1,5752.8,773.04
6524,ORD06524,20-06-2024,West,,Corporate,Furniture,Laptop,3,799,0,2397,486.17
6525,ORD06525,03-06-2024,north,CUST2080,Home Office,Office Supplies,Desk,8,799,,6392,971.51
6526,ORD06526,25-05-2024,South,,Home Office,Office Supplies,Chair,7,149,0.15,886.55,133.07
6527,ORD06527,29-03-2025,South,,Home Office,Furniture,Laptop,9,999,0.05,8541.45,655.37
6528,ORD06528,29-05-2025,WEST,CUST1071,Corporate,Furniture,Monitor,7,999,0.05,6643.35,707.37
6529,ORD06529,04-11-2024,North,CUST2309,Home Office,Furniture,Printer,6,999,,5994,325.43
6530,ORD06530,31-05-2024,north,,Corporate,Furniture,Desk,3,999,0.15,2547.45,442.88
6531,ORD06531,12-07-2025,north,,Corporate,Office Supplies,Printer,5,99,0.1,445.5,56.54
6532,ORD06532,12-08-2025,north,CUST1851,Consumer,Electronics,Desk,10,999,0,9990,1249.22
6533,ORD06533,10-04-2025,north,CUST1940,Corporate,Office Supplies,Printer,4,299,0.15,1016.6,189.71
6534,ORD06534,16-05-2024,South,,Home Office,Office Supplies,Headphones,7,999,0.1,6293.7,1249.26
6535,ORD06535,06-08-2025,West,CUST1947,Consumer,Furniture,Chair,,99,,891,138.72
6536,ORD06536,14-11-2025,East,CUST2465,Home Office,Office Supplies,Desk,8,149,0.1,1072.8,92.73
6537,ORD06537,05-10-2024,north,,Home Office,Electronics,Headphones,4,999,,3996,614.92
6538,ORD06538,14-07-2024,north,,Home Office,Furniture,Desk,8,799,0.05,6072.4,1222.43
6539,ORD06539,17-08-2025,north,,Corporate,Office Supplies,Phone,5,799,0.1,3595.5,232.39
6540,ORD06540,10-10-2024,WEST,,Home Office,Office Supplies,Desk,5,499,0.05,2370.25,527.76
6541,ORD06541,20-02-2025,South,,Consumer,Office Supplies,Laptop,3,99,0.1,267.3,76.49
6542,ORD06542,12-04-2024,South,,Corporate,Electronics,Headphones,2,199,0.15,338.3,24.93
6543,ORD06543,13-10-2024,West,,Home Office,Electronics,Desk,9,999,0.05,8541.45,500.82
6544,ORD06544,18-01-2024,North,CUST1145,Corporate,Electronics,Tablet,8,299,0.15,2033.2,282.58
6545,ORD06545,26-07-2024,West,,Consumer,Electronics,Tablet,6,99,0.15,504.9,132.84
6546,ORD06546,05-09-2024,North,,Corporate,Furniture,Headphones,7,299,0.1,1883.7,370.9
6547,ORD06547,19-03-2025,South,,Home Office,Office Supplies,Printer,4,149,0,596,160.11
6548,ORD06548,27-06-2025,North,,Home Office,Furniture,Chair,2,499,0,998,88.27
6549,ORD06549,10-02-2024,South,,Home Office,Office Supplies,Chair,7,499,0,3493,419.31
6550,ORD06550,08-09-2025,East,,Home Office,Furniture,Phone,5,299,0.1,1345.5,151.96
6551,ORD06551,19-04-2024,north,,Corporate,Furniture,Desk,3,299,0.1,807.3,186.27
6552,ORD06552,07-04-2025,East,,Corporate,Office Supplies,Phone,2,299,0.05,568.1,133.14
6553,ORD06553,19-12-2024,West,,Home Office,Furniture,Phone,1,199,,199,23.23
6554,ORD06554,20-11-2025,north,,Corporate,Furniture,Chair,8,499,,3992,804.25
6555,ORD06555,11-05-2025,South,,Home Office,Furniture,Desk,7,99,0.05,658.35,104.41
6556,ORD06556,15-06-2024,West,,Corporate,Electronics,Phone,4,499,,1996,247.58
6557,ORD06557,29-03-2024,WEST,,Consumer,Electronics,Printer,7,99,0.05,658.35,158.33
6558,ORD06558,26-11-2025,WEST,CUST1603,Consumer,Electronics,Headphones,2,799,0.1,1438.2,392.4
6559,ORD06559,12-10-2024,West,CUST2501,Corporate,Furniture,Headphones,9,299,0,2691,666.95
6560,ORD06560,06-02-2024,South,,Consumer,Furniture,Laptop,9,299,0.05,2556.45,660.59
6561,ORD06561,29-08-2024,West,,Consumer,Furniture,Chair,9,99,,891,224.38
6562,ORD06562,21-09-2025,North,CUST2258,Corporate,Office Supplies,Tablet,8,999,0.05,7592.4,855.75
6563,ORD06563,12-06-2025,South,,Corporate,Office Supplies,Tablet,1,199,0,199,49.64
6564,ORD06564,02-10-2025,WEST,,Home Office,Office Supplies,Chair,10,149,,1490,278.8
6565,ORD06565,17-11-2024,East,,Consumer,Office Supplies,Laptop,3,199,,597,91.28
6566,ORD06566,05-12-2024,North,,Consumer,Electronics,Chair,6,99,0,594,43.23
6567,ORD06567,11-05-2024,WEST,,Corporate,Furniture,Chair,9,799,0.05,6831.45,2010.12
6568,ORD06568,01-03-2025,West,,Home Office,Furniture,Printer,3,99,0,297,19.09
6569,ORD06569,17-06-2024,West,,Home Office,Office Supplies,Phone,4,799,0.05,3036.2,805.97
6570,ORD06570,27-09-2024,East,CUST2671,Consumer,Office Supplies,Chair,8,149,0.05,1132.4,321.32
6571,ORD06571,30-07-2024,WEST,,Home Office,Office Supplies,Chair,1,99,0.15,84.15,6.71
6572,ORD06572,26-01-2024,North,,Consumer,Furniture,Chair,2,,0.15,1358.3,326.13
6573,ORD06573,22-11-2025,East,,Home Office,Office Supplies,Headphones,1,299,0.05,284.05,64.87
6574,ORD06574,28-02-2025,South,,Corporate,Furniture,Desk,1,299,0.05,284.05,39.25
6575,ORD06575,14-11-2025,West,,Corporate,Electronics,Headphones,1,499,0,499,45.74
6576,ORD06576,27-03-2025,East,,Corporate,Electronics,Headphones,7,799,0,5593,485.81
6577,ORD06577,20-07-2024,north,CUST1627,Corporate,Electronics,Laptop,7,149,0.05,990.85,204.57
6578,ORD06578,13-03-2024,north,CUST2560,Home Office,Furniture,Monitor,10,799,0.1,7191,371.64
6579,ORD06579,09-05-2024,South,CUST1048,Consumer,Furniture,Chair,4,299,0.15,1016.6,286.4
6580,ORD06580,17-09-2025,West,,Consumer,Electronics,Monitor,5,149,0.05,707.75,130.71
6581,ORD06581,30-12-2024,WEST,CUST1308,Corporate,Office Supplies,Tablet,4,149,0.05,566.2,64.34
6582,ORD06582,11-07-2024,North,CUST1817,Consumer,Electronics,Chair,2,299,0.1,538.2,135.79
6583,ORD06583,23-11-2024,WEST,CUST1979,Corporate,Electronics,Printer,1,299,,299,76.38
6584,ORD06584,12-04-2025,WEST,,Home Office,Electronics,Chair,2,799,0.05,1518.1,105.65
6585,ORD06585,04-05-2024,North,CUST2479,Home Office,Office Supplies,Tablet,5,99,0.05,470.25,99.02
6586,ORD06586,06-07-2024,South,,Corporate,Office Supplies,Laptop,5,199,0.1,895.5,148.65
6587,ORD06587,24-10-2024,East,,Corporate,Electronics,Laptop,4,149,0.15,506.6,42.92
6588,ORD06588,30-12-2025,WEST,,Consumer,Electronics,Laptop,2,,0.15,1358.3,92.33
6589,ORD06589,17-01-2025,West,,Home Office,Furniture,Printer,7,99,0,693,42.4
6590,ORD06590,08-12-2024,north,CUST2143,Home Office,Electronics,Chair,6,299,0,1794,324.98
6591,ORD06591,28-03-2025,East,CUST1409,Corporate,Furniture,Phone,8,199,0.15,1353.2,141.91
6592,ORD06592,27-06-2025,North,CUST1205,Corporate,Furniture,Laptop,,799,0.05,6831.45,396.31
6593,ORD06593,16-02-2024,South,CUST1127,Consumer,Furniture,Headphones,3,199,,597,40.61
6594,ORD06594,03-05-2024,north,,Home Office,Furniture,Tablet,4,799,,3196,925.47
6595,ORD06595,02-05-2025,West,CUST2002,Consumer,Furniture,Tablet,10,999,,9990,1133.37
6596,ORD06596,04-07-2025,South,CUST1159,Home Office,Furniture,Monitor,9,99,0,891,180.17
6597,ORD06597,03-03-2024,East,CUST1053,Corporate,Furniture,Chair,1,149,0,149,18.34
6598,ORD06598,26-05-2024,North,,Corporate,Electronics,Phone,1,999,0,999,260.26
6599,ORD06599,23-12-2024,East,,Consumer,Furniture,Tablet,7,499,0.15,2969.05,404.73
6600,ORD06600,18-01-2024,north,,Home Office,Furniture,Phone,1,199,0.1,179.1,11.29
6601,ORD06601,21-02-2024,West,,Consumer,Electronics,Monitor,3,,0.1,807.3,100.84
6602,ORD06602,22-08-2024,North,,Consumer,Office Supplies,Monitor,4,799,0.05,3036.2,837.16
6603,ORD06603,27-08-2024,North,CUST1648,Consumer,Furniture,Laptop,1,999,,999,223.99
6604,ORD06604,02-02-2025,East,CUST1873,Home Office,Furniture,Desk,9,199,0.1,1611.9,204.66
6605,ORD06605,06-10-2025,WEST,,Consumer,Electronics,Chair,2,99,,198,56.64
6606,ORD06606,15-06-2024,WEST,,Consumer,Electronics,Chair,9,299,0,2691,769.01
6607,ORD06607,21-07-2024,WEST,CUST2036,Consumer,Electronics,Headphones,3,199,,597,93.27
6608,ORD06608,02-12-2024,East,,Home Office,Electronics,Printer,5,99,0.05,470.25,84.92
6609,ORD06609,26-04-2024,WEST,CUST1678,Home Office,Electronics,Laptop,2,199,0.1,358.2,93.39
6610,ORD06610,26-04-2025,West,,Home Office,Furniture,Phone,5,799,0,3995,728.19
6611,ORD06611,21-08-2025,north,,Consumer,Electronics,Headphones,9,199,0.1,1611.9,257.91
6612,ORD06612,23-04-2025,North,,Consumer,Office Supplies,Desk,2,,0.1,178.2,28.83
6613,ORD06613,04-03-2024,WEST,CUST1384,Consumer,Furniture,Phone,3,199,,597,54.27
6614,ORD06614,24-02-2024,East,CUST1619,Home Office,Furniture,Tablet,10,499,0.1,4491,341.2
6615,ORD06615,03-05-2024,South,CUST1413,Corporate,Furniture,Laptop,6,99,0.05,564.3,154.42
6616,ORD06616,18-09-2025,WEST,,Home Office,Furniture,Phone,4,499,0.15,1696.6,394.5
6617,ORD06617,13-07-2024,WEST,CUST1799,Consumer,Furniture,Printer,4,799,0,3196,463.25
6618,ORD06618,13-11-2025,WEST,CUST1470,Corporate,Furniture,Printer,1,499,0.15,424.15,102.06
6619,ORD06619,21-03-2024,South,CUST1663,Corporate,Furniture,Chair,7,499,0,3493,485.2
6620,ORD06620,18-06-2025,North,CUST2422,Home Office,Office Supplies,Desk,5,149,0.1,670.5,147.95
6621,ORD06621,21-01-2024,West,CUST1492,Corporate,Electronics,Chair,6,499,0.05,2844.3,151.09
6622,ORD06622,19-05-2024,North,CUST1515,Consumer,Electronics,Tablet,7,199,0.1,1253.7,126.66
6623,ORD06623,06-06-2024,north,CUST2452,Consumer,Office Supplies,Tablet,10,799,0,7990,1552.15
6624,ORD06624,09-01-2025,WEST,CUST1278,Home Office,Office Supplies,Phone,2,299,0.1,538.2,106.04
6625,ORD06625,29-03-2024,West,CUST1362,Home Office,Furniture,Monitor,10,149,0.05,1415.5,291.74
6626,ORD06626,25-01-2025,East,,Home Office,Electronics,Printer,7,499,0,3493,298.67
6627,ORD06627,27-02-2025,East,CUST2165,Corporate,Office Supplies,Printer,1,499,0.15,424.15,96.17
6628,ORD06628,02-05-2025,North,,Corporate,Electronics,Tablet,4,999,0,3996,1196.67
6629,ORD06629,24-01-2025,North,,Corporate,Office Supplies,Tablet,6,99,0.05,564.3,113.56
6630,ORD06630,01-02-2024,West,,Consumer,Electronics,Printer,10,799,0.1,7191,1889.24
6631,ORD06631,20-11-2025,East,CUST2794,Consumer,Furniture,Laptop,10,149,,1490,290.1
6632,ORD06632,30-11-2024,North,CUST1995,Consumer,Office Supplies,Laptop,5,299,,1495,99.58
6633,ORD06633,13-09-2024,West,CUST1744,Consumer,Furniture,Headphones,10,999,0.05,9490.5,1902.97
6634,ORD06634,05-09-2024,East,,Corporate,Furniture,Laptop,2,149,0.15,253.3,33.01
6635,ORD06635,13-11-2025,north,,Home Office,Office Supplies,Phone,1,499,0.05,474.05,29.52
6636,ORD06636,26-02-2024,West,,Home Office,Furniture,Tablet,6,199,0.05,1134.3,86.76
6637,ORD06637,24-09-2024,East,,Consumer,Electronics,Phone,7,99,0,693,169.78
6638,ORD06638,04-09-2025,South,,Home Office,Electronics,Tablet,2,499,0.15,848.3,202.5
6639,ORD06639,01-02-2025,north,,Home Office,Furniture,Laptop,5,999,0.15,4245.75,796.04
6640,ORD06640,16-03-2025,North,,Corporate,Furniture,Printer,3,99,0,297,21.6
6641,ORD06641,19-05-2024,West,CUST1057,Home Office,Office Supplies,Tablet,10,999,0.15,8491.5,461.5
6642,ORD06642,23-12-2024,WEST,,Home Office,Office Supplies,Chair,2,999,,1998,255.11
6643,ORD06643,18-02-2025,West,,Home Office,Furniture,Phone,8,99,,792,114.72
6644,ORD06644,19-10-2025,north,,Consumer,Electronics,Chair,9,199,0,1791,482.75
6645,ORD06645,08-06-2024,West,,Consumer,Electronics,Tablet,10,499,0,4990,451.49
6646,ORD06646,14-05-2024,WEST,,Corporate,Furniture,Headphones,8,999,0.05,7592.4,1157.33
6647,ORD06647,06-10-2025,WEST,,Corporate,Electronics,Phone,5,199,0,995,234.91
6648,ORD06648,05-11-2024,north,CUST2059,Consumer,Furniture,Tablet,1,299,0,299,88.54
6649,ORD06649,20-05-2025,South,CUST2017,Home Office,Electronics,Laptop,1,,0,199,18
6650,ORD06650,30-10-2025,north,,Corporate,Office Supplies,Headphones,,299,0.15,508.3,148.82
6651,ORD06651,28-04-2024,north,,Consumer,Furniture,Desk,2,799,0.05,1518.1,164.66
6652,ORD06652,09-05-2025,West,CUST1085,Home Office,Office Supplies,Phone,1,999,0.05,949.05,116.12
6653,ORD06653,25-09-2025,WEST,CUST2347,Home Office,Office Supplies,Headphones,9,499,0.1,4041.9,660.07
6654,ORD06654,28-10-2025,West,CUST1612,Consumer,Office Supplies,Headphones,8,999,0.15,6793.2,1462.94
6655,ORD06655,15-01-2025,North,CUST2290,Home Office,Electronics,Headphones,2,199,,398,97.69
6656,ORD06656,26-02-2025,West,CUST1527,Consumer,Office Supplies,Headphones,2,,0.15,168.3,24.32
6657,ORD06657,31-12-2024,North,,Home Office,Furniture,Printer,1,499,0.05,474.05,53.28
6658,ORD06658,29-10-2025,north,,Consumer,Electronics,Desk,10,799,,7990,2174.49
6659,ORD06659,31-08-2024,East,CUST2769,Corporate,Furniture,Laptop,8,199,0.1,1432.8,421.85
6660,ORD06660,25-07-2024,East,CUST2584,Home Office,Office Supplies,Phone,10,299,,2990,886.34
6661,ORD06661,21-05-2025,East,,Consumer,Furniture,Phone,1,149,,149,14.94
6662,ORD06662,02-10-2025,North,,Home Office,Furniture,Laptop,3,149,0.05,424.65,115.32
6663,ORD06663,10-03-2024,South,CUST1119,Home Office,Electronics,Printer,10,299,0,2990,511.46
6664,ORD06664,26-05-2025,West,,Consumer,Furniture,Chair,4,,0,3996,269.04
6665,ORD06665,23-10-2025,South,,Corporate,Electronics,Desk,1,499,0.1,449.1,123.04
6666,ORD06666,21-02-2025,north,,Corporate,Office Supplies,Desk,5,299,0.05,1420.25,299.21
6667,ORD06667,26-06-2024,WEST,,Corporate,Furniture,Monitor,10,199,,1990,121.41
6668,ORD06668,30-07-2025,north,,Consumer,Furniture,Phone,7,999,0.1,6293.7,1113.21
6669,ORD06669,09-12-2025,WEST,,Consumer,Electronics,Desk,5,99,0.05,470.25,77.47
6670,ORD06670,06-09-2024,West,CUST1949,Consumer,Furniture,Monitor,8,99,0.05,752.4,199.86
6671,ORD06671,13-03-2024,WEST,CUST1278,Consumer,Office Supplies,Laptop,3,99,0.1,267.3,28.86
6672,ORD06672,15-09-2025,East,,Consumer,Furniture,Headphones,1,99,0,99,28.29
6673,ORD06673,29-02-2024,north,,Home Office,Office Supplies,Monitor,1,199,0,199,42.36
6674,ORD06674,28-10-2025,North,CUST1221,Home Office,Electronics,Desk,1,799,0.1,719.1,123.77
6675,ORD06675,14-01-2024,WEST,,Home Office,Office Supplies,Phone,7,199,0,1393,85.05
6676,ORD06676,29-04-2025,north,,Corporate,Furniture,Desk,10,999,,9990,2080.95
6677,ORD06677,27-11-2024,West,,Home Office,Electronics,Headphones,3,199,0.1,537.3,147.77
6678,ORD06678,14-09-2024,WEST,,Corporate,Office Supplies,Printer,9,99,0.15,757.35,86.11
6679,ORD06679,05-02-2025,East,,Corporate,Furniture,Tablet,6,199,,1194,298.96
6680,ORD06680,28-09-2025,North,,Consumer,Electronics,Headphones,5,299,,1495,445.19
6681,ORD06681,23-10-2025,north,CUST2164,Corporate,Electronics,Headphones,1,299,0.15,254.15,46.06
6682,ORD06682,06-12-2025,East,CUST1214,Consumer,Office Supplies,Desk,4,299,0.05,1136.2,117.09
6683,ORD06683,08-05-2024,WEST,CUST2139,Consumer,Furniture,Chair,5,149,0,745,144.16
6684,ORD06684,26-05-2025,South,CUST2554,Consumer,Electronics,Tablet,9,799,0.05,6831.45,358.07
6685,ORD06685,28-09-2025,East,,Home Office,Electronics,Monitor,3,199,0,597,138.85
6686,ORD06686,12-08-2024,WEST,,Corporate,Furniture,Tablet,3,99,0.15,252.45,45.43
6687,ORD06687,17-10-2024,South,,Home Office,Office Supplies,Printer,5,99,0.15,420.75,35.23
6688,ORD06688,12-09-2025,East,,Corporate,Electronics,Desk,3,799,0,2397,573.56
6689,ORD06689,07-05-2025,WEST,,Home Office,Electronics,Monitor,10,799,0.15,6791.5,820.91
6690,ORD06690,10-07-2024,north,CUST1082,Consumer,Office Supplies,Desk,9,499,0.1,4041.9,427.43
6691,ORD06691,16-07-2024,West,,Corporate,Office Supplies,Phone,5,199,0,995,144.93
6692,ORD06692,20-10-2024,South,,Home Office,Furniture,Monitor,4,99,0,396,80.7
6693,ORD06693,01-04-2025,North,,Corporate,Office Supplies,Monitor,7,199,0.1,1253.7,94.88
6694,ORD06694,22-07-2025,West,,Consumer,Office Supplies,Tablet,7,149,0,1043,58.63
6695,ORD06695,01-08-2024,North,CUST1820,Corporate,Office Supplies,Headphones,4,999,0,3996,960.63
6696,ORD06696,10-07-2025,north,CUST1257,Consumer,Electronics,Desk,9,499,0.05,4266.45,588.64
6697,ORD06697,23-07-2024,North,,Home Office,Furniture,Monitor,9,299,0.1,2421.9,257.23
6698,ORD06698,14-01-2024,North,,Home Office,Furniture,Monitor,8,149,0,1192,96.11
6699,ORD06699,10-11-2024,West,,Consumer,Furniture,Phone,7,199,0.15,1184.05,122.91
6700,ORD06700,29-03-2025,West,,Consumer,Office Supplies,Tablet,1,149,0.15,126.65,16.17
6701,ORD06701,20-07-2024,South,,Corporate,Electronics,Phone,7,999,0,6993,692.76
6702,ORD06702,24-06-2024,north,,Home Office,Electronics,Laptop,6,499,0.15,2544.9,510.83
6703,ORD06703,01-08-2025,North,,Home Office,Furniture,Headphones,7,299,0.15,1779.05,144.35
6704,ORD06704,26-06-2024,South,CUST2780,Consumer,Office Supplies,Printer,7,299,0,2093,486.93
6705,ORD06705,24-01-2025,WEST,,Consumer,Furniture,Laptop,8,199,0,1592,415.28
6706,ORD06706,10-10-2024,East,CUST2991,Consumer,Office Supplies,Tablet,3,499,0.15,1272.45,326.39
6707,ORD06707,19-06-2024,East,CUST1081,Home Office,Office Supplies,Monitor,2,149,0.15,253.3,18.28
6708,ORD06708,22-11-2025,north,CUST2857,Home Office,Office Supplies,Desk,9,149,,1341,131.32
6709,ORD06709,06-09-2025,North,,Corporate,Office Supplies,Monitor,8,199,,1592,90.26
6710,ORD06710,22-06-2025,North,,Home Office,Electronics,Phone,7,999,0.15,5944.05,1724.8
6711,ORD06711,03-04-2024,South,,Consumer,Electronics,Headphones,2,799,0.15,1358.3,212.93
6712,ORD06712,12-09-2024,West,,Consumer,Electronics,Tablet,2,799,0.15,1358.3,279.14
6713,ORD06713,31-08-2024,north,,Corporate,Furniture,Phone,8,99,,792,221.17
6714,ORD06714,14-08-2025,North,,Consumer,Electronics,Chair,8,499,,3992,463.7
6715,ORD06715,13-08-2025,WEST,CUST2774,Home Office,Office Supplies,Headphones,5,99,0.1,445.5,37.17
6716,ORD06716,05-11-2025,South,,Consumer,Office Supplies,Phone,7,199,0.05,1323.35,356.62
6717,ORD06717,27-11-2025,South,CUST2155,Consumer,Electronics,Tablet,10,499,,4990,719.53
6718,ORD06718,27-01-2025,north,,Corporate,Electronics,Laptop,3,99,0.05,282.15,50.83
6719,ORD06719,05-05-2025,North,,Corporate,Furniture,Phone,8,199,,1592,432.77
6720,ORD06720,08-09-2025,north,,Home Office,Furniture,Chair,9,99,0.05,846.45,107.29
6721,ORD06721,27-10-2024,North,,Consumer,Office Supplies,Tablet,10,199,,1990,569.49
6722,ORD06722,11-10-2025,West,CUST2692,Home Office,Furniture,Printer,8,199,,1592,420.26
6723,ORD06723,06-01-2024,West,CUST2970,Home Office,Furniture,Headphones,7,149,0.05,990.85,199.64
6724,ORD06724,23-09-2024,West,,Consumer,Electronics,Chair,2,99,0.05,188.1,18.45
6725,ORD06725,24-10-2024,East,,Home Office,Office Supplies,Phone,3,149,0.15,379.95,58.98
6726,ORD06726,01-05-2025,East,,Corporate,Furniture,Desk,2,199,0,398,32.03
6727,ORD06727,28-03-2025,West,CUST2457,Consumer,Office Supplies,Headphones,6,199,,1194,140.16
6728,ORD06728,18-05-2025,WEST,CUST2256,Corporate,Furniture,Headphones,7,149,,1043,109.14
6729,ORD06729,25-08-2024,West,CUST2349,Corporate,Office Supplies,Phone,1,499,0.05,474.05,29.43
6730,ORD06730,30-06-2025,north,CUST1028,Consumer,Office Supplies,Chair,2,149,0.05,283.1,48.14
6731,ORD06731,19-10-2025,West,,Home Office,Furniture,Tablet,3,299,0.05,852.15,196.01
6732,ORD06732,22-10-2025,East,CUST2211,Corporate,Office Supplies,Printer,8,499,,3992,972.43
6733,ORD06733,10-02-2025,WEST,,Consumer,Furniture,Chair,10,149,0.05,1415.5,291.48
6734,ORD06734,05-06-2024,East,,Home Office,Electronics,Phone,2,149,,298,24.38
6735,ORD06735,27-07-2025,north,,Consumer,Furniture,Phone,7,299,0.15,1779.05,226.78
6736,ORD06736,17-03-2024,South,,Home Office,Electronics,Printer,2,299,0.15,508.3,57.68
6737,ORD06737,14-02-2025,South,,Home Office,Furniture,Laptop,8,999,0.05,7592.4,749.34
6738,ORD06738,17-03-2025,East,CUST2027,Consumer,Office Supplies,Tablet,2,799,0.1,1438.2,121.06
6739,ORD06739,09-09-2025,north,,Home Office,Electronics,Printer,5,299,0.05,1420.25,166.21
6740,ORD06740,08-02-2025,East,,Home Office,Electronics,Headphones,8,799,0.15,5433.2,574.15
6741,ORD06741,08-10-2025,East,CUST1043,Corporate,Office Supplies,Laptop,3,499,0,1497,424.09
6742,ORD06742,09-07-2024,South,CUST1882,Home Office,Electronics,Chair,4,199,0.05,756.2,188.6
6743,ORD06743,03-02-2024,West,CUST1967,Consumer,Electronics,Desk,1,999,,999,238.43
6744,ORD06744,11-10-2025,South,CUST1384,Consumer,Electronics,Monitor,1,799,,799,97.57
6745,ORD06745,08-03-2025,WEST,,Consumer,Furniture,Headphones,7,99,0,693,153.11
6746,ORD06746,15-08-2024,East,,Home Office,Office Supplies,Phone,,199,0.05,1890.5,384.75
6747,ORD06747,09-10-2024,north,,Home Office,Electronics,Tablet,3,149,0.1,402.3,74.5
6748,ORD06748,23-05-2025,WEST,,Consumer,Office Supplies,Printer,7,299,0.15,1779.05,385.64
6749,ORD06749,11-03-2024,East,,Consumer,Electronics,Headphones,4,99,0.05,376.2,98.83
6750,ORD06750,13-04-2024,South,,Corporate,Electronics,Tablet,3,199,0.05,567.15,130.41
6751,ORD06751,18-11-2025,East,,Home Office,Furniture,Chair,1,149,0.15,126.65,30.89
6752,ORD06752,09-03-2025,West,,Corporate,Electronics,Chair,9,99,0.05,846.45,75.57
6753,ORD06753,22-08-2024,WEST,,Home Office,Electronics,Printer,7,149,,1043,91.87
6754,ORD06754,29-07-2025,East,,Corporate,Office Supplies,Phone,3,299,0,897,78.03
6755,ORD06755,04-07-2024,north,,Home Office,Electronics,Laptop,6,99,0.05,564.3,76.57
6756,ORD06756,07-09-2024,north,,Consumer,Office Supplies,Desk,7,799,0,5593,692.21
6757,ORD06757,08-01-2025,North,,Consumer,Electronics,Chair,6,149,0.05,849.3,101.36
6758,ORD06758,22-03-2025,WEST,,Home Office,Electronics,Tablet,3,499,,1497,385.59
6759,ORD06759,30-11-2025,north,,Corporate,Electronics,Printer,1,199,0.15,169.15,8.75
6760,ORD06760,31-12-2025,South,,Consumer,Electronics,Headphones,3,799,0,2397,630.48
6761,ORD06761,09-02-2024,West,,Corporate,Electronics,Headphones,7,799,0.15,4754.05,665.77
6762,ORD06762,24-11-2024,North,,Corporate,Electronics,Laptop,3,99,,297,27.86
6763,ORD06763,31-03-2024,WEST,,Corporate,Electronics,Tablet,8,299,0.15,2033.2,596.27
6764,ORD06764,15-01-2025,East,,Home Office,Electronics,Laptop,9,99,,891,157.44
6765,ORD06765,14-08-2024,WEST,,Consumer,Furniture,Printer,1,499,0.15,424.15,50.06
6766,ORD06766,02-07-2025,South,,Consumer,Office Supplies,Monitor,10,199,,1990,128.96
6767,ORD06767,14-05-2024,WEST,,Corporate,Office Supplies,Chair,4,299,0.15,1016.6,179.6
6768,ORD06768,04-02-2025,WEST,CUST1616,Corporate,Electronics,Desk,3,99,0.15,252.45,50.01
6769,ORD06769,04-08-2024,East,CUST1098,Corporate,Electronics,Printer,6,799,,4794,496.98
6770,ORD06770,28-08-2025,East,,Corporate,Electronics,Tablet,9,,,4491,699.87
6771,ORD06771,20-02-2025,north,,Consumer,Furniture,Phone,3,499,0.1,1347.3,166.27
6772,ORD06772,21-04-2024,East,,Home Office,Office Supplies,Laptop,7,499,,3493,510.72
6773,ORD06773,20-02-2025,West,,Consumer,Furniture,Printer,2,149,0.1,268.2,57.62
6774,ORD06774,01-12-2025,East,CUST2770,Corporate,Furniture,Phone,4,149,0.15,506.6,28.24
6775,ORD06775,18-07-2024,West,CUST1649,Home Office,Electronics,Printer,9,799,,7191,1649.31
6776,ORD06776,26-01-2025,WEST,,Corporate,Electronics,Printer,5,99,0.05,470.25,125.61
6777,ORD06777,25-07-2024,north,,Consumer,Office Supplies,Chair,,99,0.1,534.6,100.92
6778,ORD06778,01-01-2025,East,CUST2814,Home Office,Office Supplies,Desk,8,299,0.1,2152.8,361.64
6779,ORD06779,17-10-2024,South,CUST2037,Home Office,Electronics,Printer,1,999,0.15,849.15,194.41
6780,ORD06780,29-08-2025,North,,Corporate,Furniture,Desk,2,99,0.15,168.3,39.14
6781,ORD06781,08-12-2024,North,CUST2437,Corporate,Office Supplies,Printer,7,149,0.1,938.7,274.73
6782,ORD06782,23-05-2025,WEST,,Home Office,Electronics,Monitor,5,199,0.15,845.75,76.13
6783,ORD06783,21-01-2024,South,,Home Office,Electronics,Headphones,10,,0,990,68.83
6784,ORD06784,21-02-2024,WEST,CUST1715,Home Office,Furniture,Desk,6,299,0.05,1704.3,457.92
6785,ORD06785,11-02-2024,north,CUST1746,Corporate,Electronics,Monitor,10,99,0.1,891,240.39
6786,ORD06786,29-04-2024,South,,Home Office,Furniture,Laptop,10,99,0.05,940.5,269.73
6787,ORD06787,08-10-2024,WEST,,Consumer,Office Supplies,Headphones,6,999,0.1,5394.6,734.56
6788,ORD06788,16-07-2024,north,CUST1630,Corporate,Furniture,Chair,7,199,,1393,184.53
6789,ORD06789,24-12-2025,WEST,,Home Office,Electronics,Tablet,6,299,0.05,1704.3,491.64
6790,ORD06790,31-05-2024,WEST,,Home Office,Electronics,Chair,4,299,0.05,1136.2,114.64
6791,ORD06791,12-08-2025,East,,Consumer,Electronics,Printer,,999,,2997,404.43
6792,ORD06792,05-08-2025,West,CUST2457,Home Office,Office Supplies,Laptop,7,499,0.05,3318.35,541.94
6793,ORD06793,31-01-2024,West,CUST2447,Home Office,Electronics,Tablet,9,999,0,8991,1622.51
6794,ORD06794,27-01-2024,East,,Corporate,Electronics,Desk,9,99,0,891,78.98
6795,ORD06795,01-06-2024,West,,Consumer,Furniture,Phone,3,149,,447,30.53
6796,ORD06796,27-04-2024,WEST,,Corporate,Electronics,Chair,7,299,0.05,1988.35,545.79
6797,ORD06797,12-05-2024,North,CUST2568,Consumer,Office Supplies,Phone,10,799,0,7990,2075.81
6798,ORD06798,16-08-2024,north,,Home Office,Furniture,Laptop,9,799,0.05,6831.45,533.77
6799,ORD06799,27-07-2024,WEST,CUST1003,Home Office,Office Supplies,Headphones,4,149,0.15,506.6,99.97
6800,ORD06800,05-12-2024,north,,Consumer,Furniture,Laptop,8,499,0.1,3592.8,200.28
6801,ORD06801,25-01-2024,West,,Consumer,Furniture,Headphones,6,149,0.1,804.6,197.32
6802,ORD06802,15-06-2024,North,,Consumer,Furniture,Chair,6,199,0,1194,270.14
6803,ORD06803,25-04-2024,East,CUST1190,Consumer,Electronics,Desk,9,149,0,1341,223.01
6804,ORD06804,07-12-2025,East,CUST1434,Home Office,Furniture,Monitor,8,499,,3992,867.3
6805,ORD06805,10-11-2025,South,,Consumer,Electronics,Monitor,2,99,0.05,188.1,12.84
6806,ORD06806,02-07-2024,South,,Corporate,Furniture,Chair,8,499,0,3992,205.75
6807,ORD06807,15-06-2024,West,,Consumer,Electronics,Desk,4,199,0,796,117.94
6808,ORD06808,25-01-2024,South,,Home Office,Office Supplies,Chair,9,499,,4491,598.87
6809,ORD06809,12-12-2024,North,,Corporate,Furniture,Laptop,9,149,0.1,1206.9,118.02
6810,ORD06810,15-09-2024,East,CUST1601,Corporate,Furniture,Monitor,10,,,1990,207.56
6811,ORD06811,03-09-2024,WEST,CUST2514,Corporate,Electronics,Chair,1,149,0.15,126.65,10.4
6812,ORD06812,03-10-2024,north,,Consumer,Furniture,Headphones,5,199,0.15,845.75,136.51
6813,ORD06813,14-12-2024,East,CUST1831,Consumer,Furniture,Phone,8,999,0.05,7592.4,2096.46
6814,ORD06814,31-10-2024,West,,Home Office,Electronics,Monitor,10,999,,9990,889.85
6815,ORD06815,17-12-2024,North,,Consumer,Electronics,Chair,10,299,0.15,2541.5,527.1
6816,ORD06816,18-09-2024,North,,Consumer,Office Supplies,Desk,10,799,0.1,7191,1533.41
6817,ORD06817,03-07-2025,West,,Corporate,Furniture,Tablet,2,199,0.15,338.3,18.57
6818,ORD06818,15-05-2025,north,,Home Office,Office Supplies,Chair,6,499,0.1,2694.6,289.63
6819,ORD06819,14-09-2024,South,CUST2558,Home Office,Furniture,Monitor,5,499,0.15,2120.75,387.3
6820,ORD06820,15-04-2024,West,CUST2939,Consumer,Electronics,Printer,7,99,,693,95.31
6821,ORD06821,17-02-2025,South,,Consumer,Office Supplies,Laptop,6,299,0.15,1524.9,116.02
6822,ORD06822,03-02-2024,East,CUST1262,Home Office,Office Supplies,Monitor,7,199,0.15,1184.05,247.9
6823,ORD06823,21-01-2025,North,,Home Office,Electronics,Tablet,9,499,0.15,3817.35,768.2
6824,ORD06824,26-05-2024,WEST,CUST1213,Consumer,Electronics,Phone,4,999,0,3996,323.57
6825,ORD06825,05-09-2024,East,,Consumer,Electronics,Phone,6,199,0.1,1074.6,87.27
6826,ORD06826,02-09-2024,WEST,CUST2154,Home Office,Furniture,Desk,1,149,0.1,134.1,37.84
6827,ORD06827,04-05-2024,north,CUST1708,Home Office,Office Supplies,Headphones,9,199,0.05,1701.45,469.7
6828,ORD06828,18-09-2024,East,CUST1756,Consumer,Office Supplies,Chair,1,499,0.1,449.1,39.49
6829,ORD06829,25-09-2025,North,,Corporate,Office Supplies,Monitor,8,999,0.1,7192.8,2124.77
6830,ORD06830,13-02-2024,WEST,,Home Office,Office Supplies,Tablet,8,299,0.15,2033.2,539.78
6831,ORD06831,23-05-2025,North,CUST1412,Corporate,Office Supplies,Chair,3,499,0.1,1347.3,347.82
6832,ORD06832,04-02-2025,South,,Consumer,Electronics,Phone,8,149,0.15,1013.2,147.25
6833,ORD06833,06-10-2025,East,CUST1181,Home Office,Furniture,Desk,6,799,0.15,4074.9,348.47
6834,ORD06834,25-09-2024,North,,Consumer,Furniture,Desk,6,149,0,894,219.37
6835,ORD06835,03-10-2025,South,,Corporate,Office Supplies,Desk,6,,0,2994,447.46
6836,ORD06836,08-11-2024,North,CUST2853,Consumer,Office Supplies,Desk,3,99,0.05,282.15,72.58
6837,ORD06837,28-08-2024,South,,Corporate,Electronics,Printer,8,99,0.1,712.8,118.86
6838,ORD06838,22-11-2024,East,,Home Office,Electronics,Tablet,9,799,0,7191,1423.09
6839,ORD06839,07-06-2025,WEST,CUST1510,Consumer,Furniture,Monitor,1,99,0.05,94.05,4.81
6840,ORD06840,01-11-2024,South,,Home Office,Electronics,Desk,2,999,0.15,1698.3,281.02
6841,ORD06841,20-09-2024,East,,Consumer,Furniture,Monitor,7,99,0.1,623.7,132.25
6842,ORD06842,28-12-2025,WEST,,Home Office,Electronics,Chair,3,149,0.1,402.3,27.74
6843,ORD06843,17-07-2025,South,CUST2104,Consumer,Electronics,Headphones,7,999,0.15,5944.05,658.36
6844,ORD06844,14-07-2025,north,,Consumer,Office Supplies,Tablet,9,799,0,7191,1035.44
6845,ORD06845,30-07-2025,East,,Consumer,Furniture,Tablet,9,199,0.05,1701.45,375
6846,ORD06846,05-05-2024,north,,Consumer,Office Supplies,Monitor,3,149,0.05,424.65,74.05
6847,ORD06847,09-01-2024,WEST,CUST1905,Consumer,Electronics,Headphones,8,299,0,2392,533.98
6848,ORD06848,13-07-2025,north,,Consumer,Office Supplies,Headphones,5,999,0.05,4745.25,1369.86
6849,ORD06849,25-03-2025,north,CUST2327,Corporate,Office Supplies,Headphones,5,999,0.1,4495.5,857.28
6850,ORD06850,06-03-2025,West,,Corporate,Furniture,Chair,4,299,0.15,1016.6,284.81
6851,ORD06851,05-10-2024,South,,Consumer,Office Supplies,Tablet,7,149,0.15,886.55,188.31
6852,ORD06852,18-06-2025,north,CUST1122,Home Office,Office Supplies,Monitor,9,149,0.15,1139.85,142.61
6853,ORD06853,17-04-2024,North,CUST2255,Consumer,Office Supplies,Phone,9,799,0,7191,1115.06
6854,ORD06854,20-02-2025,North,CUST1221,Consumer,Furniture,Laptop,6,299,0,1794,361.93
6855,ORD06855,21-03-2025,North,,Home Office,Office Supplies,Laptop,7,999,0.15,5944.05,537.89
6856,ORD06856,15-06-2024,South,,Home Office,Office Supplies,Tablet,4,99,0.1,356.4,47.88
6857,ORD06857,02-06-2024,north,,Home Office,Furniture,Laptop,2,499,0.05,948.1,224.92
6858,ORD06858,22-10-2025,West,CUST2204,Home Office,Electronics,Chair,10,299,0.15,2541.5,497.91
6859,ORD06859,28-01-2025,north,,Consumer,Electronics,Tablet,10,199,,1990,193.46
6860,ORD06860,08-10-2024,North,,Home Office,Electronics,Phone,5,149,0,745,204.17
6861,ORD06861,25-06-2024,West,,Corporate,Electronics,Printer,10,99,0.05,940.5,182.25
6862,ORD06862,01-12-2025,WEST,,Home Office,Electronics,Desk,1,199,0.15,169.15,38.36
6863,ORD06863,17-03-2024,South,CUST2414,Consumer,Electronics,Laptop,2,99,,198,12.96
6864,ORD06864,27-11-2024,East,,Home Office,Office Supplies,Phone,8,299,0.05,2272.4,500.03
6865,ORD06865,06-09-2025,South,,Corporate,Electronics,Laptop,1,799,0.05,759.05,176.36
6866,ORD06866,02-01-2024,East,,Consumer,Electronics,Monitor,1,799,0.1,719.1,162.79
6867,ORD06867,29-05-2024,North,,Corporate,Furniture,Printer,4,99,0.1,356.4,54.74
6868,ORD06868,23-03-2024,West,CUST2183,Consumer,Furniture,Laptop,2,799,0.05,1518.1,324.67
6869,ORD06869,24-05-2025,north,,Home Office,Furniture,Desk,6,199,0,1194,232.57
6870,ORD06870,13-12-2024,South,,Consumer,Furniture,Tablet,10,799,,7990,1744.84
6871,ORD06871,10-01-2024,East,,Corporate,Furniture,Printer,3,149,0,447,83.29
6872,ORD06872,17-09-2025,North,,Consumer,Furniture,Phone,5,199,0,995,187.92
6873,ORD06873,15-04-2024,north,,Consumer,Electronics,Phone,3,199,0.15,507.45,32.92
6874,ORD06874,30-12-2024,East,,Corporate,Furniture,Headphones,2,499,,998,130.26
6875,ORD06875,10-09-2024,north,,Consumer,Furniture,Laptop,1,999,,999,181.5
6876,ORD06876,11-02-2025,north,,Home Office,Office Supplies,Headphones,9,299,0,2691,423.13
6877,ORD06877,15-12-2025,WEST,,Consumer,Furniture,Laptop,6,999,0,5994,1387.66
6878,ORD06878,13-02-2024,WEST,,Consumer,Electronics,Printer,4,149,0.1,536.4,49.06
6879,ORD06879,07-07-2024,north,CUST2309,Consumer,Furniture,Tablet,4,99,,396,99.19
6880,ORD06880,25-03-2025,South,,Corporate,Electronics,Phone,9,149,0.15,1139.85,294.17
6881,ORD06881,13-02-2025,North,,Consumer,Furniture,Tablet,2,199,0.05,378.1,46.62
6882,ORD06882,20-07-2024,East,,Consumer,Office Supplies,Tablet,8,999,0.05,7592.4,1433.9
6883,ORD06883,01-10-2024,WEST,CUST1988,Home Office,Furniture,Desk,9,799,0.1,6471.9,341.23
6884,ORD06884,28-07-2025,WEST,CUST2675,Corporate,Electronics,Tablet,5,99,0.1,445.5,93.33
6885,ORD06885,17-02-2024,East,,Consumer,Electronics,Desk,6,799,0.15,4074.9,1117.58
6886,ORD06886,29-06-2025,East,,Home Office,Electronics,Phone,6,799,0.15,4074.9,400.27
6887,ORD06887,16-09-2024,WEST,CUST2935,Home Office,Office Supplies,Chair,5,799,0.05,3795.25,919.23
6888,ORD06888,19-01-2025,WEST,CUST1185,Home Office,Office Supplies,Chair,2,299,0.1,538.2,92.12
6889,ORD06889,30-07-2024,North,,Corporate,Furniture,Desk,6,499,0.1,2694.6,706.57
6890,ORD06890,27-02-2024,North,,Home Office,Electronics,Laptop,6,299,0.15,1524.9,447.34
6891,ORD06891,20-11-2025,East,,Home Office,Electronics,Phone,6,199,0.05,1134.3,69.3
6892,ORD06892,07-06-2025,WEST,,Home Office,Furniture,Tablet,10,149,0.1,1341,68.03
6893,ORD06893,01-07-2025,North,,Home Office,Office Supplies,Monitor,3,299,0.1,807.3,108.58
6894,ORD06894,18-09-2025,East,,Home Office,Electronics,Headphones,3,499,0.15,1272.45,233.03
6895,ORD06895,22-08-2025,north,,Home Office,Furniture,Monitor,7,99,0,693,48.59
6896,ORD06896,08-12-2025,North,CUST1684,Corporate,Furniture,Monitor,9,299,0,2691,583.77
6897,ORD06897,05-02-2024,South,,Corporate,Furniture,Monitor,1,799,0.05,759.05,102.59
6898,ORD06898,20-08-2024,West,,Corporate,Electronics,Phone,3,149,0.1,402.3,97.62
6899,ORD06899,26-02-2025,North,,Home Office,Electronics,Chair,6,199,0.15,1014.9,187.34
6900,ORD06900,09-05-2025,North,CUST1406,Consumer,Office Supplies,Phone,5,999,0,4995,1053.03
6901,ORD06901,01-03-2024,South,CUST1887,Home Office,Electronics,Laptop,1,199,,199,52.36
6902,ORD06902,03-05-2024,WEST,CUST2234,Corporate,Furniture,Laptop,9,99,0.15,757.35,220.22
6903,ORD06903,11-04-2025,north,,Corporate,Furniture,Chair,4,149,,596,67.2
6904,ORD06904,30-12-2025,North,,Consumer,Electronics,Laptop,6,999,0,5994,373.32
6905,ORD06905,06-04-2024,north,CUST2636,Consumer,Office Supplies,Phone,6,199,0,1194,297.08
6906,ORD06906,30-05-2025,WEST,CUST2867,Corporate,Office Supplies,Printer,4,499,,1996,319.34
6907,ORD06907,04-02-2025,West,,Consumer,Office Supplies,Printer,7,199,0.15,1184.05,332.6
6908,ORD06908,16-10-2024,north,,Home Office,Furniture,Tablet,4,499,0.05,1896.2,251.28
6909,ORD06909,06-04-2024,South,,Home Office,Office Supplies,Headphones,9,799,0,7191,1926.88
6910,ORD06910,14-11-2025,East,,Corporate,Furniture,Phone,9,799,0.1,6471.9,1725.29
6911,ORD06911,01-05-2025,West,CUST2823,Corporate,Office Supplies,Tablet,3,799,0,2397,279.44
6912,ORD06912,29-04-2025,West,,Consumer,Electronics,Tablet,8,149,,1192,180.46
6913,ORD06913,23-06-2024,North,CUST2945,Corporate,Electronics,Tablet,6,199,0.15,1014.9,151.26
6914,ORD06914,06-09-2024,north,,Home Office,Office Supplies,Monitor,3,799,0.05,2277.15,525.46
6915,ORD06915,04-04-2025,north,CUST1461,Corporate,Office Supplies,Tablet,3,99,0.05,282.15,15.05
6916,ORD06916,23-06-2024,North,,Home Office,Furniture,Monitor,7,99,0.1,623.7,66.51
6917,ORD06917,27-09-2024,West,,Home Office,Electronics,Laptop,6,999,0.15,5094.9,1289.82
6918,ORD06918,19-07-2024,East,,Consumer,Electronics,Printer,7,799,0.15,4754.05,1224.35
6919,ORD06919,27-08-2024,North,,Consumer,Furniture,Phone,4,499,,1996,112.9
6920,ORD06920,28-12-2025,West,CUST2664,Home Office,Electronics,Headphones,6,149,0,894,203.39
6921,ORD06921,17-03-2025,North,CUST1848,Home Office,Furniture,Printer,4,199,0.1,716.4,180.96
6922,ORD06922,04-02-2025,South,,Home Office,Electronics,Printer,6,99,0.15,504.9,40.13
6923,ORD06923,06-02-2025,North,,Home Office,Furniture,Phone,9,499,0.1,4041.9,647.19
6924,ORD06924,16-01-2024,North,CUST1305,Corporate,Electronics,Tablet,9,999,0.05,8541.45,1783.85
6925,ORD06925,07-12-2024,South,,Consumer,Furniture,Laptop,5,299,0.1,1345.5,397.69
6926,ORD06926,14-05-2025,West,,Consumer,Furniture,Phone,10,199,0,1990,126.27
6927,ORD06927,04-03-2024,West,CUST1240,Consumer,Electronics,Tablet,2,499,0.05,948.1,143.04
6928,ORD06928,01-05-2025,South,,Home Office,Electronics,Laptop,4,99,,396,47.91
6929,ORD06929,09-11-2025,West,CUST2577,Corporate,Office Supplies,Chair,10,149,0,1490,282.27
6930,ORD06930,16-07-2024,East,CUST2253,Consumer,Furniture,Printer,6,199,,1194,256.14
6931,ORD06931,13-06-2024,South,,Consumer,Office Supplies,Chair,10,99,,990,127.36
6932,ORD06932,30-12-2024,South,,Consumer,Furniture,Tablet,7,149,0,1043,257.63
6933,ORD06933,27-09-2024,East,CUST2025,Consumer,Office Supplies,Monitor,2,799,0.1,1438.2,288.02
6934,ORD06934,24-10-2024,South,,Home Office,Office Supplies,Laptop,6,799,0,4794,836.12
6935,ORD06935,20-07-2025,WEST,,Home Office,Furniture,Tablet,3,99,0.15,252.45,31.39
6936,ORD06936,25-04-2025,North,,Home Office,Office Supplies,Printer,4,199,0.1,716.4,77.02
6937,ORD06937,08-04-2025,East,CUST1641,Corporate,Furniture,Laptop,5,299,,1495,105.17
6938,ORD06938,23-02-2024,north,,Home Office,Electronics,Desk,1,149,0.1,134.1,18.08
6939,ORD06939,05-06-2025,West,,Corporate,Electronics,Laptop,5,199,0.05,945.25,157.54
6940,ORD06940,06-05-2025,North,,Consumer,Furniture,Chair,7,149,0.15,886.55,69.11
6941,ORD06941,03-11-2025,South,,Corporate,Furniture,Tablet,5,149,0.1,670.5,59.78
6942,ORD06942,16-06-2025,north,,Home Office,Furniture,Tablet,9,199,0,1791,159.25
6943,ORD06943,15-01-2025,West,,Corporate,Electronics,Chair,9,99,0.15,757.35,96.92
6944,ORD06944,14-10-2024,West,CUST1928,Home Office,Office Supplies,Phone,8,499,,3992,582.78
6945,ORD06945,20-11-2024,WEST,,Home Office,Furniture,Headphones,8,199,0.1,1432.8,239.43
6946,ORD06946,16-01-2024,North,,Corporate,Furniture,Printer,5,199,,995,139.6
6947,ORD06947,11-11-2025,West,,Corporate,Electronics,Laptop,8,149,0,1192,324.83
6948,ORD06948,16-09-2024,West,,Consumer,Office Supplies,Tablet,2,149,0.15,253.3,45.77
6949,ORD06949,30-06-2024,West,,Consumer,Furniture,Laptop,8,999,,7992,598.83
6950,ORD06950,24-07-2025,West,,Home Office,Electronics,Laptop,5,149,0.05,707.75,168.08
6951,ORD06951,09-09-2024,north,CUST2681,Home Office,Office Supplies,Phone,9,999,0.05,8541.45,2290.71
6952,ORD06952,27-01-2025,East,,Consumer,Furniture,Headphones,8,499,0.1,3592.8,300.5
6953,ORD06953,13-10-2025,South,,Corporate,Office Supplies,Headphones,8,499,0.05,3792.4,856.77
6954,ORD06954,16-11-2025,West,CUST2800,Consumer,Electronics,Printer,10,799,,7990,1997.28
6955,ORD06955,02-03-2025,East,CUST1146,Corporate,Furniture,Printer,6,299,0.15,1524.9,448.76
6956,ORD06956,30-06-2024,East,CUST2930,Corporate,Office Supplies,Printer,6,199,,1194,109.1
6957,ORD06957,08-09-2025,South,,Consumer,Office Supplies,Tablet,8,99,0.15,673.2,189.54
6958,ORD06958,10-02-2024,South,,Corporate,Electronics,Chair,5,999,0,4995,391.49
6959,ORD06959,11-07-2025,North,CUST1757,Corporate,Electronics,Monitor,1,499,,499,26.6
6960,ORD06960,22-07-2025,South,,Corporate,Electronics,Monitor,10,99,,990,243.48
6961,ORD06961,02-05-2024,West,,Home Office,Office Supplies,Phone,8,199,0.15,1353.2,318.49
6962,ORD06962,19-03-2025,East,,Home Office,Office Supplies,Chair,7,499,,3493,507.28
6963,ORD06963,20-08-2025,North,,Consumer,Furniture,Monitor,2,999,0.05,1898.1,474.21
6964,ORD06964,30-01-2024,WEST,,Home Office,Electronics,Monitor,6,799,0.1,4314.6,443.26
6965,ORD06965,31-03-2025,north,CUST1644,Consumer,Furniture,Laptop,1,149,0.1,134.1,25.91
6966,ORD06966,08-02-2025,north,CUST2420,Consumer,Office Supplies,Chair,6,999,,5994,1180.3
6967,ORD06967,23-03-2025,West,,Consumer,Furniture,Monitor,3,149,,447,118.26
6968,ORD06968,07-12-2024,East,,Corporate,Furniture,Printer,5,299,0,1495,392.97
6969,ORD06969,26-05-2025,West,,Corporate,Furniture,Headphones,9,299,,2691,630.1
6970,ORD06970,10-08-2024,north,CUST2607,Consumer,Furniture,Headphones,2,799,0.1,1438.2,335.7
6971,ORD06971,14-12-2024,South,,Home Office,Office Supplies,Phone,2,999,,1998,541.32
6972,ORD06972,29-12-2025,WEST,,Consumer,Office Supplies,Laptop,1,99,0.05,94.05,23.83
6973,ORD06973,14-06-2025,South,CUST2738,Consumer,Electronics,Desk,7,149,,1043,67.37
6974,ORD06974,14-06-2025,West,,Home Office,Electronics,Headphones,10,799,,7990,2111.27
6975,ORD06975,12-02-2025,East,,Corporate,Electronics,Desk,8,99,0.05,752.4,205.64
6976,ORD06976,03-05-2025,East,CUST2341,Corporate,Office Supplies,Printer,9,799,,7191,643.37
6977,ORD06977,08-10-2024,West,,Corporate,Office Supplies,Phone,2,199,0.1,358.2,18.63
6978,ORD06978,03-10-2024,north,CUST2355,Home Office,Furniture,Headphones,1,799,,799,182.04
6979,ORD06979,12-06-2024,South,,Consumer,Furniture,Chair,10,149,0.05,1415.5,154.16
6980,ORD06980,29-11-2024,WEST,,Corporate,Office Supplies,Headphones,,999,,8991,1874.31
6981,ORD06981,13-12-2025,South,,Consumer,Furniture,Chair,8,149,0.15,1013.2,263.91
6982,ORD06982,03-09-2025,East,CUST1406,Home Office,Office Supplies,Desk,7,299,0,2093,138.17
6983,ORD06983,08-08-2024,East,,Consumer,Office Supplies,Printer,6,299,0,1794,494.36
6984,ORD06984,10-04-2025,West,CUST1443,Corporate,Electronics,Phone,10,999,0.15,8491.5,2470.03
6985,ORD06985,06-12-2024,WEST,CUST2919,Consumer,Electronics,Monitor,5,299,,1495,208.88
6986,ORD06986,07-01-2025,West,,Consumer,Furniture,Printer,4,999,0.1,3596.4,292.18
6987,ORD06987,02-10-2025,South,,Consumer,Electronics,Chair,3,99,0.1,267.3,39.56
6988,ORD06988,17-10-2025,South,CUST2305,Home Office,Office Supplies,Chair,5,799,0,3995,909.57
6989,ORD06989,07-05-2024,West,,Consumer,Office Supplies,Chair,2,499,0.15,848.3,171.81
6990,ORD06990,18-09-2024,West,CUST1043,Consumer,Office Supplies,Desk,8,299,0,2392,418.44
6991,ORD06991,29-08-2024,East,,Home Office,Furniture,Desk,6,999,0.05,5694.3,1037.29
6992,ORD06992,04-05-2025,West,,Home Office,Electronics,Phone,4,149,,596,109.46
6993,ORD06993,20-09-2025,East,CUST1015,Corporate,Furniture,Chair,1,199,0.1,179.1,43.71
6994,ORD06994,16-04-2024,WEST,,Corporate,Furniture,Desk,10,199,0,1990,123.47
6995,ORD06995,02-02-2025,North,CUST1755,Corporate,Office Supplies,Laptop,8,149,0.1,1072.8,249.03
6996,ORD06996,21-01-2024,West,,Home Office,Office Supplies,Chair,8,799,0,6392,1807.32
6997,ORD06997,21-01-2025,South,,Consumer,Office Supplies,Laptop,1,99,0.15,84.15,24.07
6998,ORD06998,02-03-2025,WEST,CUST2512,Home Office,Electronics,Phone,3,99,0.05,282.15,21.78
6999,ORD06999,24-03-2024,East,CUST2925,Consumer,Furniture,Monitor,5,149,0,745,181.65
7000,ORD07000,22-03-2025,WEST,CUST1003,Consumer,Office Supplies,Laptop,7,299,0.1,1883.7,203.21
7001,ORD07001,04-09-2024,north,CUST1801,Corporate,Electronics,Laptop,4,999,0.15,3396.6,609.27
7002,ORD07002,29-11-2025,East,CUST1311,Corporate,Furniture,Phone,7,799,,5593,1138.68
7003,ORD07003,24-04-2024,South,,Consumer,Furniture,Chair,2,299,,598,35.15
7004,ORD07004,13-10-2024,West,,Consumer,Electronics,Laptop,8,799,0.05,6072.4,549.51
7005,ORD07005,04-03-2024,North,,Corporate,Electronics,Laptop,2,999,0.05,1898.1,474.08
7006,ORD07006,07-06-2025,East,,Corporate,Office Supplies,Headphones,9,99,,891,167.36
7007,ORD07007,11-03-2024,West,,Consumer,Office Supplies,Chair,1,499,,499,75.82
7008,ORD07008,09-10-2024,South,,Home Office,Electronics,Chair,5,149,0.15,633.25,133.15
7009,ORD07009,31-03-2025,East,,Home Office,Office Supplies,Monitor,6,299,0.05,1704.3,211.89
7010,ORD07010,27-09-2024,WEST,,Home Office,Office Supplies,Monitor,,149,,447,29.87
7011,ORD07011,20-01-2025,north,,Consumer,Electronics,Monitor,1,299,0.15,254.15,70.96
7012,ORD07012,08-02-2024,East,CUST2028,Home Office,Electronics,Phone,1,199,0.1,179.1,29.37
7013,ORD07013,28-06-2024,North,CUST1935,Consumer,Electronics,Monitor,4,199,0.1,716.4,138.31
7014,ORD07014,19-02-2025,north,,Home Office,Office Supplies,Phone,5,999,0.05,4745.25,1131.45
7015,ORD07015,01-06-2025,West,CUST2139,Consumer,Electronics,Tablet,6,99,0,594,136.87
7016,ORD07016,09-02-2025,West,,Home Office,Electronics,Chair,5,,0.05,945.25,185.9
7017,ORD07017,22-08-2024,East,,Home Office,Office Supplies,Monitor,2,199,0.15,338.3,58.29
7018,ORD07018,28-05-2024,north,,Consumer,Electronics,Phone,4,299,0.1,1076.4,307.23
7019,ORD07019,28-04-2025,north,,Consumer,Electronics,Laptop,6,999,0.15,5094.9,433.93
7020,ORD07020,26-11-2025,East,,Corporate,Furniture,Headphones,1,199,,199,39.54
7021,ORD07021,25-04-2025,West,,Consumer,Office Supplies,Desk,3,99,0,297,37.01
7022,ORD07022,31-08-2024,West,CUST1232,Home Office,Electronics,Monitor,9,799,0.05,6831.45,1306.62
7023,ORD07023,03-11-2024,WEST,,Home Office,Office Supplies,Desk,4,299,0.05,1136.2,178.85
7024,ORD07024,12-05-2025,East,,Home Office,Electronics,Chair,9,299,0.05,2556.45,297.8
7025,ORD07025,10-11-2025,WEST,,Consumer,Furniture,Desk,8,299,,2392,177.96
7026,ORD07026,22-10-2024,East,CUST1574,Home Office,Office Supplies,Desk,4,149,0.15,506.6,27.32
7027,ORD07027,15-02-2024,north,,Home Office,Office Supplies,Desk,10,149,0.15,1266.5,272.43
7028,ORD07028,25-10-2024,WEST,,Consumer,Electronics,Headphones,6,99,0.1,534.6,138.87
7029,ORD07029,30-11-2024,East,,Consumer,Electronics,Chair,8,299,,2392,431.41
7030,ORD07030,30-09-2025,South,CUST2034,Corporate,Electronics,Monitor,7,999,,6993,895.38
7031,ORD07031,04-01-2024,WEST,CUST1597,Corporate,Office Supplies,Desk,8,799,,6392,1739.84
7032,ORD07032,26-01-2024,South,,Home Office,Furniture,Phone,1,499,0.15,424.15,80.69
7033,ORD07033,06-09-2024,North,,Home Office,Furniture,Chair,6,299,,1794,512.32
7034,ORD07034,21-12-2024,WEST,,Corporate,Electronics,Headphones,1,999,0.1,899.1,84.13
7035,ORD07035,16-05-2025,North,CUST1383,Home Office,Electronics,Laptop,9,99,0,891,215.98
7036,ORD07036,31-08-2024,East,,Consumer,Furniture,Printer,4,499,0.1,1796.4,147.84
7037,ORD07037,11-04-2025,north,,Home Office,Office Supplies,Chair,6,299,,1794,505.02
7038,ORD07038,16-08-2024,South,,Consumer,Electronics,Desk,9,199,0.1,1611.9,146.88
7039,ORD07039,17-10-2025,north,CUST2318,Corporate,Furniture,Laptop,6,149,0.05,849.3,61.39
7040,ORD07040,16-11-2025,East,,Corporate,Furniture,Phone,6,149,0,894,212.21
7041,ORD07041,28-09-2024,north,,Corporate,Electronics,Tablet,5,499,0,2495,166.36
7042,ORD07042,29-09-2025,WEST,,Corporate,Furniture,Headphones,7,199,0,1393,172.59
7043,ORD07043,01-12-2025,WEST,,Home Office,Electronics,Chair,8,999,0.15,6793.2,447.51
7044,ORD07044,30-06-2025,north,CUST2601,Corporate,Furniture,Desk,10,299,0.15,2541.5,215.91
7045,ORD07045,25-07-2024,South,CUST2051,Consumer,Office Supplies,Headphones,8,299,0,2392,361.5
7046,ORD07046,10-06-2024,East,CUST1726,Consumer,Furniture,Monitor,2,99,,198,10.09
7047,ORD07047,24-04-2024,North,,Corporate,Electronics,Desk,5,99,,495,32.02
7048,ORD07048,13-03-2024,North,,Corporate,Office Supplies,Tablet,9,199,0.05,1701.45,136.89
7049,ORD07049,02-06-2025,East,CUST1432,Home Office,Office Supplies,Monitor,6,99,0.15,504.9,69.66
7050,ORD07050,04-03-2024,South,CUST2388,Consumer,Office Supplies,Tablet,4,99,0,396,58.83
7051,ORD07051,20-11-2024,West,,Home Office,Office Supplies,Phone,8,799,0.15,5433.2,1119.1
7052,ORD07052,07-12-2024,East,,Corporate,Electronics,Laptop,8,499,0.1,3592.8,380.79
7053,ORD07053,15-01-2024,East,,Consumer,Office Supplies,Headphones,,499,0.05,2844.3,740.43
7054,ORD07054,28-08-2025,South,,Corporate,Furniture,Desk,9,499,0.15,3817.35,394.3
7055,ORD07055,10-06-2024,North,CUST2619,Consumer,Office Supplies,Printer,5,199,0,995,268.08
7056,ORD07056,05-07-2025,South,,Corporate,Furniture,Laptop,7,499,0.1,3143.7,307.65
7057,ORD07057,05-04-2025,East,,Consumer,Furniture,Printer,8,499,0.15,3393.2,824.2
7058,ORD07058,15-08-2024,East,,Home Office,Office Supplies,Phone,9,799,0.15,6112.35,1622.91
7059,ORD07059,06-12-2025,South,CUST1558,Corporate,Electronics,Phone,2,799,0.1,1438.2,78.67
7060,ORD07060,29-07-2024,WEST,CUST1540,Consumer,Furniture,Headphones,9,199,,1791,201.23
7061,ORD07061,16-02-2025,East,,Consumer,Furniture,Headphones,7,199,0.15,1184.05,243.78
7062,ORD07062,17-02-2024,West,,Consumer,Electronics,Printer,3,499,0.05,1422.15,305.58
7063,ORD07063,29-10-2024,West,,Home Office,Furniture,Phone,3,99,,297,69.04
7064,ORD07064,13-09-2024,South,,Home Office,Furniture,Desk,7,199,,1393,81.44
7065,ORD07065,15-02-2024,East,CUST1793,Home Office,Office Supplies,Desk,5,99,,495,78.24
7066,ORD07066,20-09-2025,WEST,,Consumer,Electronics,Printer,4,149,0.1,536.4,59.96
7067,ORD07067,25-12-2025,North,,Consumer,Office Supplies,Tablet,8,999,0,7992,962.91
7068,ORD07068,28-11-2025,West,,Home Office,Electronics,Monitor,7,499,0.15,2969.05,611.83
7069,ORD07069,02-07-2025,East,,Consumer,Office Supplies,Headphones,3,799,0.1,2157.3,210.33
7070,ORD07070,10-02-2024,WEST,,Home Office,Office Supplies,Desk,6,999,0.1,5394.6,1076.62
7071,ORD07071,25-10-2025,West,CUST2037,Home Office,Furniture,Laptop,3,99,0,297,48.77
7072,ORD07072,12-08-2025,north,,Corporate,Furniture,Desk,6,499,,2994,594.68
7073,ORD07073,09-03-2024,North,CUST1897,Consumer,Office Supplies,Chair,2,199,0.05,378.1,109.27
7074,ORD07074,20-02-2025,South,,Consumer,Electronics,Desk,1,99,0.1,89.1,13.38
7075,ORD07075,18-09-2025,North,CUST2727,Corporate,Electronics,Chair,8,799,0.1,5752.8,1512.73
7076,ORD07076,17-09-2025,WEST,,Corporate,Office Supplies,Chair,8,499,,3992,337.01
7077,ORD07077,22-06-2025,West,CUST1472,Consumer,Office Supplies,Chair,4,499,0.05,1896.2,133.34
7078,ORD07078,17-12-2025,WEST,CUST1360,Corporate,Office Supplies,Phone,2,499,,998,280.03
7079,ORD07079,06-12-2025,West,,Home Office,Office Supplies,Desk,7,799,0,5593,845.6
7080,ORD07080,24-11-2024,West,CUST2870,Consumer,Furniture,Tablet,4,999,,3996,1007.35
7081,ORD07081,24-02-2025,East,,Home Office,Electronics,Monitor,7,999,,6993,356.65
7082,ORD07082,12-09-2024,WEST,,Home Office,Electronics,Headphones,5,199,0.15,845.75,88.14
7083,ORD07083,17-09-2025,North,,Consumer,Furniture,Headphones,4,499,0,1996,174.31
7084,ORD07084,23-05-2025,north,,Home Office,Office Supplies,Tablet,8,,,1592,209.78
7085,ORD07085,23-05-2025,North,,Corporate,Electronics,Phone,1,99,0,99,14.68
7086,ORD07086,13-06-2024,East,,Home Office,Office Supplies,Phone,2,999,0.05,1898.1,234.2
7087,ORD07087,02-06-2025,WEST,,Corporate,Electronics,Headphones,10,199,,1990,360.41
7088,ORD07088,07-02-2024,WEST,,Home Office,Electronics,Monitor,6,99,,594,99.43
7089,ORD07089,29-08-2025,South,CUST2809,Corporate,Electronics,Headphones,5,799,0.15,3395.75,761.37
7090,ORD07090,01-05-2025,north,CUST1846,Home Office,Furniture,Chair,9,499,0.05,4266.45,223.9
7091,ORD07091,17-11-2025,East,,Consumer,Electronics,Phone,3,299,,897,174.04
7092,ORD07092,16-03-2025,East,,Consumer,Furniture,Phone,3,199,0,597,62.81
7093,ORD07093,16-09-2024,north,,Consumer,Furniture,Chair,1,149,,149,37.73
7094,ORD07094,29-02-2024,north,CUST2743,Home Office,Electronics,Headphones,8,149,0.1,1072.8,309.31
7095,ORD07095,12-06-2024,North,CUST1963,Corporate,Office Supplies,Printer,7,799,0.1,5033.7,553.6
7096,ORD07096,03-06-2024,North,CUST1998,Home Office,Furniture,Chair,4,199,0,796,164.26
7097,ORD07097,03-04-2024,East,CUST2462,Home Office,Electronics,Printer,10,299,0,2990,204.27
7098,ORD07098,15-11-2025,north,,Home Office,Furniture,Phone,9,299,0.05,2556.45,480.03
7099,ORD07099,22-06-2024,WEST,,Home Office,Office Supplies,Printer,7,,0.1,6293.7,1659.76
7100,ORD07100,14-08-2024,East,,Corporate,Electronics,Headphones,1,99,0.1,89.1,7.97
7101,ORD07101,17-10-2025,East,,Corporate,Furniture,Headphones,9,199,,1791,95.49
7102,ORD07102,26-12-2025,West,,Consumer,Furniture,Monitor,6,99,0.15,504.9,44.16
7103,ORD07103,16-09-2024,West,,Corporate,Furniture,Chair,10,199,0,1990,289.37
7104,ORD07104,25-04-2024,South,,Corporate,Office Supplies,Tablet,7,149,,1043,267.52
7105,ORD07105,16-06-2025,North,,Consumer,Office Supplies,Monitor,8,999,0.1,7192.8,590.85
7106,ORD07106,01-04-2025,WEST,CUST1865,Home Office,Electronics,Laptop,4,499,0,1996,543.39
7107,ORD07107,18-07-2025,South,CUST2793,Home Office,Furniture,Laptop,6,799,0.15,4074.9,527.06
7108,ORD07108,01-06-2025,South,,Corporate,Office Supplies,Monitor,6,499,0.1,2694.6,653.41
7109,ORD07109,19-12-2024,East,,Corporate,Furniture,Headphones,6,799,0.05,4554.3,264.83
7110,ORD07110,12-09-2024,East,CUST2895,Home Office,Electronics,Headphones,3,299,,897,169.74
7111,ORD07111,07-05-2025,West,CUST2218,Home Office,Furniture,Headphones,8,299,0,2392,311.39
7112,ORD07112,05-06-2025,South,,Home Office,Electronics,Tablet,6,499,,2994,764.3
7113,ORD07113,16-10-2024,South,,Corporate,Office Supplies,Phone,9,299,0.1,2421.9,227.98
7114,ORD07114,02-03-2024,WEST,CUST2942,Consumer,Furniture,Desk,4,99,0.05,376.2,109.26
7115,ORD07115,12-05-2024,WEST,CUST1569,Home Office,Electronics,Chair,3,199,0.05,567.15,91.74
7116,ORD07116,21-11-2024,West,CUST2394,Consumer,Furniture,Laptop,10,199,0.05,1890.5,458.94
7117,ORD07117,19-12-2024,West,,Corporate,Office Supplies,Tablet,7,149,0.05,990.85,271.06
7118,ORD07118,14-02-2025,East,,Corporate,Furniture,Tablet,2,149,0.05,283.1,76.07
7119,ORD07119,21-05-2024,WEST,,Corporate,Office Supplies,Phone,9,499,0,4491,1144.04
7120,ORD07120,09-08-2024,WEST,CUST1129,Corporate,Office Supplies,Chair,5,99,0,495,30.47
7121,ORD07121,08-12-2025,East,,Corporate,Electronics,Monitor,4,799,0.15,2716.6,366.69
7122,ORD07122,10-12-2025,North,,Consumer,Furniture,Laptop,1,199,0.1,179.1,15.63
7123,ORD07123,31-10-2024,North,,Consumer,Electronics,Desk,1,149,0.05,141.55,29.89
7124,ORD07124,29-09-2025,north,,Home Office,Office Supplies,Printer,10,149,0.15,1266.5,141.05
7125,ORD07125,16-03-2025,East,CUST2002,Corporate,Furniture,Headphones,5,149,0.15,633.25,54.39
7126,ORD07126,03-12-2025,South,,Corporate,Furniture,Printer,3,99,0.1,267.3,47.59
7127,ORD07127,08-01-2025,North,,Home Office,Furniture,Phone,10,199,0,1990,506.01
7128,ORD07128,30-12-2024,north,,Home Office,Electronics,Phone,6,499,0.15,2544.9,733.6
7129,ORD07129,17-02-2025,South,,Corporate,Office Supplies,Tablet,5,799,0.1,3595.5,951.96
7130,ORD07130,06-11-2024,north,,Corporate,Furniture,Desk,2,299,0.15,508.3,53.1
7131,ORD07131,15-10-2024,north,,Home Office,Electronics,Headphones,9,499,0.15,3817.35,738.85
7132,ORD07132,20-01-2025,South,CUST2845,Home Office,Furniture,Laptop,7,499,,3493,1025.27
7133,ORD07133,10-03-2025,East,,Home Office,Office Supplies,Desk,2,,,1998,119.46
7134,ORD07134,19-07-2024,WEST,CUST2033,Home Office,Office Supplies,Monitor,8,299,0.05,2272.4,322.06
7135,ORD07135,13-11-2024,WEST,CUST1793,Corporate,Office Supplies,Headphones,7,149,0.15,886.55,253.8
7136,ORD07136,24-07-2024,north,,Consumer,Office Supplies,Phone,8,149,0.05,1132.4,212.51
7137,ORD07137,04-07-2024,West,CUST1804,Consumer,Electronics,Chair,10,299,0,2990,582.14
7138,ORD07138,13-01-2025,West,CUST2116,Corporate,Office Supplies,Phone,8,199,0.05,1512.4,359.71
7139,ORD07139,26-07-2024,West,CUST1124,Home Office,Furniture,Laptop,3,149,0.05,424.65,93.77
7140,ORD07140,21-03-2025,South,,Corporate,Electronics,Printer,6,999,0.15,5094.9,426.09
7141,ORD07141,21-03-2024,north,,Home Office,Furniture,Chair,10,999,0.05,9490.5,2260.8
7142,ORD07142,22-03-2024,North,CUST2185,Corporate,Electronics,Headphones,8,149,0,1192,312.65
7143,ORD07143,24-07-2024,north,,Corporate,Electronics,Laptop,2,99,0.1,178.2,46.75
7144,ORD07144,12-02-2025,north,,Corporate,Electronics,Laptop,3,299,0,897,130.94
7145,ORD07145,08-01-2024,East,,Consumer,Office Supplies,Phone,4,499,0.1,1796.4,454.19
7146,ORD07146,26-03-2024,East,,Corporate,Furniture,Laptop,2,799,0,1598,316.51
7147,ORD07147,08-04-2024,WEST,,Consumer,Furniture,Phone,3,199,0.05,567.15,94
7148,ORD07148,13-02-2025,North,CUST1001,Home Office,Office Supplies,Tablet,6,799,0.05,4554.3,684.4
7149,ORD07149,04-12-2025,West,,Consumer,Office Supplies,Headphones,10,999,,9990,2220.18
7150,ORD07150,15-06-2025,north,,Corporate,Electronics,Tablet,5,999,,4995,446.04
7151,ORD07151,07-03-2024,West,,Consumer,Office Supplies,Tablet,8,199,0.1,1432.8,211.77
7152,ORD07152,08-07-2024,North,,Home Office,Furniture,Phone,2,299,0.1,538.2,77.1
7153,ORD07153,12-11-2024,South,,Consumer,Furniture,Chair,9,499,0.1,4041.9,1192.99
7154,ORD07154,09-02-2024,WEST,CUST1044,Consumer,Office Supplies,Laptop,8,199,0.05,1512.4,125.21
7155,ORD07155,25-02-2024,WEST,,Corporate,Office Supplies,Headphones,8,99,0.15,673.2,152.67
7156,ORD07156,06-06-2024,north,,Corporate,Office Supplies,Phone,7,799,0,5593,1235.93
7157,ORD07157,28-07-2024,West,CUST2757,Home Office,Furniture,Tablet,8,99,0.1,712.8,79.79
7158,ORD07158,09-04-2025,East,CUST1328,Home Office,Electronics,Chair,9,299,0.1,2421.9,227.94
7159,ORD07159,05-11-2024,North,CUST2743,Consumer,Electronics,Monitor,4,199,0.1,716.4,51.96
7160,ORD07160,15-01-2024,North,,Consumer,Furniture,Tablet,8,149,0.05,1132.4,61.98
7161,ORD07161,04-07-2024,East,CUST2501,Home Office,Furniture,Chair,8,149,0.15,1013.2,284.47
7162,ORD07162,15-04-2025,West,,Corporate,Furniture,Tablet,9,99,,891,109.43
7163,ORD07163,25-11-2024,East,CUST2604,Consumer,Office Supplies,Headphones,1,149,0.15,126.65,33.08
7164,ORD07164,25-02-2025,East,CUST1581,Corporate,Electronics,Tablet,6,299,0.1,1614.6,203.06
7165,ORD07165,29-11-2024,South,,Consumer,Office Supplies,Monitor,9,149,0.15,1139.85,298.89
7166,ORD07166,29-08-2024,WEST,,Consumer,Electronics,Desk,8,299,0.15,2033.2,289.54
7167,ORD07167,15-10-2025,East,,Home Office,Office Supplies,Printer,10,299,0.15,2541.5,450.25
7168,ORD07168,27-05-2024,West,,Consumer,Electronics,Headphones,7,499,0.15,2969.05,408.02
7169,ORD07169,12-06-2025,West,CUST1397,Consumer,Furniture,Phone,4,799,,3196,237.23
7170,ORD07170,16-11-2024,WEST,CUST1533,Corporate,Electronics,Monitor,2,799,0.15,1358.3,216.76
7171,ORD07171,16-04-2024,East,CUST2776,Home Office,Electronics,Headphones,3,999,0,2997,436.45
7172,ORD07172,06-05-2025,North,,Corporate,Furniture,Printer,7,499,0.1,3143.7,729.54
7173,ORD07173,04-01-2025,WEST,CUST1763,Consumer,Furniture,Printer,9,199,0.1,1611.9,240.98
7174,ORD07174,08-03-2024,East,,Corporate,Furniture,Chair,4,499,0,1996,440.68
7175,ORD07175,20-01-2024,South,CUST1884,Consumer,Furniture,Phone,9,799,0.1,6471.9,1263.54
7176,ORD07176,16-02-2024,North,,Home Office,Furniture,Tablet,8,199,,1592,248.35
7177,ORD07177,09-01-2024,north,,Home Office,Electronics,Monitor,9,199,0,1791,448.19
7178,ORD07178,16-09-2024,north,CUST1541,Corporate,Office Supplies,Tablet,10,999,0.1,8991,2417.85
7179,ORD07179,25-03-2025,East,,Corporate,Office Supplies,Monitor,10,199,0.15,1691.5,499.02
7180,ORD07180,02-09-2024,WEST,CUST1849,Consumer,Furniture,Chair,,499,0.05,1896.2,99.61
7181,ORD07181,19-09-2024,East,CUST1782,Consumer,Office Supplies,Headphones,6,99,0.15,504.9,94.92
7182,ORD07182,15-03-2024,West,,Consumer,Furniture,Monitor,2,499,0.15,848.3,143.28
7183,ORD07183,24-03-2024,East,,Home Office,Electronics,Printer,9,149,0,1341,77.42
7184,ORD07184,28-12-2025,north,CUST2609,Home Office,Office Supplies,Chair,8,499,0.1,3592.8,504.56
7185,ORD07185,29-05-2024,East,,Corporate,Furniture,Tablet,1,299,,299,85.94
7186,ORD07186,26-09-2024,East,,Corporate,Electronics,Monitor,8,99,0.1,712.8,74.1
7187,ORD07187,01-07-2024,East,CUST2006,Corporate,Electronics,Chair,3,,,2997,729.59
7188,ORD07188,13-09-2025,West,CUST1460,Home Office,Electronics,Phone,3,799,0.1,2157.3,237.23
7189,ORD07189,19-02-2024,West,,Home Office,Electronics,Headphones,9,499,0.1,4041.9,467.71
7190,ORD07190,08-10-2024,East,,Corporate,Electronics,Phone,4,199,0,796,192.9
7191,ORD07191,04-02-2024,East,,Home Office,Electronics,Chair,5,799,0,3995,887.43
7192,ORD07192,23-07-2025,north,,Consumer,Furniture,Laptop,1,99,,99,13.67
7193,ORD07193,27-04-2024,WEST,,Consumer,Office Supplies,Phone,9,149,0,1341,278.97
7194,ORD07194,13-06-2025,South,CUST2813,Consumer,Office Supplies,Phone,6,999,0.1,5394.6,317.75
7195,ORD07195,13-08-2025,East,,Corporate,Furniture,Tablet,4,999,0,3996,625.29
7196,ORD07196,05-05-2024,East,,Corporate,Furniture,Headphones,7,99,0.05,658.35,34.14
7197,ORD07197,27-03-2024,North,,Home Office,Electronics,Desk,9,99,0,891,138.5
7198,ORD07198,02-09-2025,north,,Consumer,Furniture,Tablet,1,149,0.1,134.1,35.53
7199,ORD07199,08-01-2025,South,CUST2997,Home Office,Furniture,Printer,10,149,0,1490,169.71
7200,ORD07200,20-09-2024,East,,Corporate,Electronics,Monitor,6,99,0.05,564.3,139.99
7201,ORD07201,20-09-2025,WEST,,Home Office,Furniture,Chair,3,99,0,297,60.69
7202,ORD07202,26-10-2024,WEST,,Consumer,Electronics,Printer,,199,0.15,845.75,126.28
7203,ORD07203,28-07-2024,East,CUST1218,Consumer,Electronics,Printer,9,799,,7191,825.85
7204,ORD07204,28-08-2024,West,CUST2598,Consumer,Electronics,Printer,2,299,0,598,94.51
7205,ORD07205,02-09-2024,South,,Home Office,Furniture,Chair,9,199,0,1791,140.33
7206,ORD07206,08-12-2025,South,,Home Office,Office Supplies,Tablet,3,999,0,2997,494.88
7207,ORD07207,20-10-2025,north,,Corporate,Electronics,Printer,7,799,0.15,4754.05,816.99
7208,ORD07208,12-08-2025,West,,Home Office,Furniture,Monitor,2,999,0,1998,231.7
7209,ORD07209,09-09-2024,north,,Home Office,Furniture,Phone,1,999,0.05,949.05,266.01
7210,ORD07210,12-07-2024,West,CUST1580,Corporate,Office Supplies,Monitor,6,799,0.05,4554.3,373.92
7211,ORD07211,17-10-2025,South,,Consumer,Office Supplies,Printer,2,149,0.05,283.1,52.18
7212,ORD07212,07-05-2025,South,,Consumer,Electronics,Phone,1,999,0.1,899.1,105.84
7213,ORD07213,09-12-2024,North,,Consumer,Office Supplies,Phone,7,999,0,6993,1755.32
7214,ORD07214,18-12-2024,North,,Consumer,Furniture,Phone,3,299,,897,201.68
7215,ORD07215,21-12-2025,WEST,,Home Office,Office Supplies,Printer,4,149,,596,59.36
7216,ORD07216,22-10-2025,South,,Corporate,Furniture,Phone,10,149,0.1,1341,208.63
7217,ORD07217,27-06-2025,WEST,,Corporate,Furniture,Laptop,3,149,0.15,379.95,108.25
7218,ORD07218,28-03-2025,South,CUST1794,Home Office,Electronics,Printer,8,799,,6392,519.21
7219,ORD07219,06-02-2024,WEST,CUST2773,Corporate,Electronics,Monitor,4,499,0.1,1796.4,351.37
7220,ORD07220,17-04-2024,East,,Home Office,Furniture,Desk,1,99,0.1,89.1,6.99
7221,ORD07221,14-07-2025,North,,Home Office,Electronics,Desk,10,799,0.1,7191,415.52
7222,ORD07222,11-08-2024,north,,Home Office,Electronics,Desk,9,799,0.05,6831.45,1434.01
7223,ORD07223,07-11-2024,East,CUST2893,Consumer,Office Supplies,Tablet,3,799,0,2397,246.58
7224,ORD07224,20-09-2024,East,CUST2431,Home Office,Office Supplies,Desk,9,799,0.15,6112.35,667.42
7225,ORD07225,15-09-2024,north,,Corporate,Office Supplies,Desk,5,149,0.05,707.75,61.26
7226,ORD07226,08-10-2025,WEST,CUST2131,Home Office,Electronics,Laptop,6,499,0.15,2544.9,188.43
7227,ORD07227,18-03-2025,north,CUST1651,Home Office,Office Supplies,Headphones,7,299,0.15,1779.05,212.2
7228,ORD07228,07-12-2025,WEST,,Home Office,Electronics,Headphones,,499,0,2495,739.46
7229,ORD07229,07-09-2025,West,CUST1682,Corporate,Electronics,Headphones,5,199,0.15,845.75,230.36
7230,ORD07230,08-08-2024,WEST,,Corporate,Office Supplies,Laptop,3,149,0.05,424.65,50.34
7231,ORD07231,27-12-2024,West,,Consumer,Electronics,Monitor,6,199,0.05,1134.3,130.14
7232,ORD07232,13-09-2024,WEST,,Consumer,Office Supplies,Desk,2,999,0.15,1698.3,358.48
7233,ORD07233,15-06-2025,north,CUST1763,Corporate,Office Supplies,Tablet,6,99,,594,174.92
7234,ORD07234,13-12-2024,West,,Consumer,Office Supplies,Phone,1,299,0,299,85.12
7235,ORD07235,10-11-2025,WEST,,Home Office,Electronics,Desk,,149,0.15,506.6,144.14
7236,ORD07236,01-03-2025,South,CUST2495,Home Office,Office Supplies,Headphones,4,149,0.05,566.2,30.32
7237,ORD07237,10-02-2025,WEST,,Consumer,Office Supplies,Laptop,6,199,0.1,1074.6,292.96
7238,ORD07238,03-11-2025,East,,Consumer,Electronics,Printer,4,999,0.05,3796.2,454.12
7239,ORD07239,21-03-2025,WEST,,Corporate,Office Supplies,Headphones,7,199,0,1393,136.12
7240,ORD07240,12-02-2024,West,,Home Office,Electronics,Laptop,5,999,0.1,4495.5,329.21
7241,ORD07241,11-08-2025,East,CUST1202,Home Office,Office Supplies,Laptop,2,999,0,1998,570.51
7242,ORD07242,28-07-2025,north,CUST1273,Home Office,Furniture,Desk,2,149,,298,82.26
7243,ORD07243,26-11-2024,South,,Consumer,Furniture,Laptop,10,299,0.05,2840.5,723.99
7244,ORD07244,07-05-2024,north,,Corporate,Electronics,Monitor,9,799,0.15,6112.35,782.66
7245,ORD07245,12-05-2024,South,,Consumer,Furniture,Laptop,7,499,0.1,3143.7,880.71
7246,ORD07246,13-01-2025,north,,Consumer,Furniture,Tablet,2,299,0,598,38.99
7247,ORD07247,17-10-2024,South,,Consumer,Furniture,Printer,8,299,0,2392,377.76
7248,ORD07248,30-08-2025,West,,Corporate,Office Supplies,Phone,8,499,0.1,3592.8,1022.13
7249,ORD07249,11-10-2025,South,,Home Office,Electronics,Printer,10,999,0.05,9490.5,788.18
7250,ORD07250,20-10-2024,South,CUST2790,Consumer,Furniture,Headphones,4,499,,1996,428.88
7251,ORD07251,29-12-2024,East,CUST2134,Corporate,Office Supplies,Desk,8,499,0.1,3592.8,305.24
7252,ORD07252,25-05-2025,West,,Home Office,Furniture,Tablet,3,149,,447,33.15
7253,ORD07253,16-03-2025,North,CUST1698,Home Office,Electronics,Printer,6,299,,1794,203.56
7254,ORD07254,26-06-2025,South,CUST2207,Corporate,Office Supplies,Tablet,8,99,0.05,752.4,147.76
7255,ORD07255,06-11-2024,north,CUST1678,Corporate,Electronics,Phone,4,499,0.15,1696.6,142.28
7256,ORD07256,04-03-2025,WEST,CUST2603,Corporate,Office Supplies,Printer,9,199,0,1791,259.51
7257,ORD07257,08-01-2025,north,CUST1181,Home Office,Office Supplies,Laptop,7,499,0.15,2969.05,508.4
7258,ORD07258,26-02-2025,WEST,CUST1985,Corporate,Office Supplies,Chair,4,299,,1196,327.94
7259,ORD07259,09-04-2024,South,,Home Office,Furniture,Desk,5,149,,745,73.56
7260,ORD07260,05-06-2025,West,,Consumer,Office Supplies,Tablet,3,499,,1497,174.49
7261,ORD07261,21-09-2025,WEST,,Consumer,Furniture,Tablet,2,799,0,1598,253.31
7262,ORD07262,19-05-2024,South,,Corporate,Furniture,Phone,8,499,0,3992,327.16
7263,ORD07263,15-03-2024,South,,Home Office,Furniture,Desk,9,149,0.15,1139.85,164.57
7264,ORD07264,10-10-2024,South,,Consumer,Electronics,Desk,6,199,0.15,1014.9,77.15
7265,ORD07265,15-08-2025,WEST,,Corporate,Office Supplies,Chair,4,99,0.05,376.2,46.62
7266,ORD07266,05-09-2025,north,,Home Office,Furniture,Phone,9,999,0.15,7642.35,1613.19
7267,ORD07267,12-09-2024,East,CUST1604,Home Office,Office Supplies,Phone,8,199,,1592,249.7
7268,ORD07268,03-07-2025,North,CUST1340,Home Office,Office Supplies,Headphones,6,199,,1194,294.17
7269,ORD07269,10-12-2025,East,,Home Office,Furniture,Monitor,3,999,0.1,2697.3,637.44
7270,ORD07270,31-05-2025,north,,Corporate,Office Supplies,Desk,8,199,0.05,1512.4,142.63
7271,ORD07271,02-02-2025,North,CUST2232,Consumer,Furniture,Monitor,4,199,0.05,756.2,140.25
7272,ORD07272,10-11-2024,WEST,,Home Office,Office Supplies,Chair,7,299,0.05,1988.35,101.13
7273,ORD07273,17-04-2024,West,CUST2394,Corporate,Electronics,Printer,5,299,0,1495,214.74
7274,ORD07274,22-04-2024,North,,Home Office,Office Supplies,Tablet,5,499,0.15,2120.75,409.46
7275,ORD07275,21-06-2024,South,CUST2994,Corporate,Furniture,Tablet,8,999,0.05,7592.4,574.56
7276,ORD07276,25-08-2025,north,CUST2757,Consumer,Office Supplies,Monitor,10,299,,2990,174.37
7277,ORD07277,21-05-2024,North,,Consumer,Furniture,Monitor,5,149,0.15,633.25,180.71
7278,ORD07278,27-12-2025,West,,Consumer,Electronics,Tablet,5,99,0,495,123.72
7279,ORD07279,24-08-2025,North,,Consumer,Office Supplies,Tablet,9,149,0,1341,80.07
7280,ORD07280,06-01-2025,South,CUST1733,Consumer,Electronics,Printer,7,999,,6993,706.67
7281,ORD07281,27-10-2024,WEST,,Corporate,Office Supplies,Desk,9,499,,4491,644.89
7282,ORD07282,15-09-2024,West,,Consumer,Electronics,Monitor,,799,0.1,1438.2,400.84
7283,ORD07283,08-11-2024,West,,Corporate,Electronics,Laptop,8,999,0.15,6793.2,992.39
7284,ORD07284,13-03-2024,West,CUST2744,Consumer,Furniture,Laptop,1,999,0,999,256.44
7285,ORD07285,14-10-2025,West,,Corporate,Office Supplies,Monitor,6,299,,1794,375.61
7286,ORD07286,01-01-2024,East,CUST2793,Corporate,Office Supplies,Monitor,6,299,,1794,219.93
7287,ORD07287,17-10-2024,South,,Home Office,Electronics,Chair,5,99,0,495,90.72
7288,ORD07288,16-04-2025,South,,Corporate,Office Supplies,Phone,2,199,,398,93.67
7289,ORD07289,23-05-2024,West,,Consumer,Office Supplies,Laptop,2,299,0,598,107.44
7290,ORD07290,11-10-2025,West,,Corporate,Office Supplies,Monitor,10,199,0.1,1791,420.55
7291,ORD07291,15-03-2024,East,CUST2776,Consumer,Office Supplies,Laptop,4,299,0,1196,340.02
7292,ORD07292,17-06-2024,South,CUST2037,Corporate,Electronics,Printer,8,299,,2392,408.59
7293,ORD07293,10-08-2024,West,,Home Office,Electronics,Desk,4,299,0.05,1136.2,293.77
7294,ORD07294,28-04-2024,north,,Consumer,Office Supplies,Desk,7,799,0.15,4754.05,572.62
7295,ORD07295,30-09-2025,North,,Corporate,Electronics,Phone,10,199,0.15,1691.5,231.68
7296,ORD07296,20-05-2025,north,CUST2031,Corporate,Electronics,Laptop,6,199,0.15,1014.9,293.9
7297,ORD07297,25-06-2025,West,,Corporate,Electronics,Headphones,1,199,0.05,189.05,23.9
7298,ORD07298,14-09-2025,East,,Consumer,Office Supplies,Tablet,8,199,0.05,1512.4,144.3
7299,ORD07299,27-10-2024,East,,Corporate,Furniture,Tablet,7,299,0.15,1779.05,398.51
7300,ORD07300,23-01-2024,East,,Corporate,Furniture,Tablet,2,799,,1598,340.17
7301,ORD07301,02-12-2024,East,,Corporate,Furniture,Tablet,8,199,0.15,1353.2,319.79
7302,ORD07302,01-01-2025,South,CUST1529,Home Office,Furniture,Tablet,2,799,0.15,1358.3,115.57
7303,ORD07303,23-06-2024,WEST,CUST2257,Home Office,Office Supplies,Chair,3,799,0.05,2277.15,355.6
7304,ORD07304,28-10-2025,North,,Consumer,Electronics,Headphones,5,999,,4995,1449.99
7305,ORD07305,23-05-2025,north,CUST1904,Corporate,Electronics,Phone,4,199,,796,40.86
7306,ORD07306,09-09-2024,East,CUST2964,Home Office,Electronics,Phone,8,199,0.1,1432.8,115.46
7307,ORD07307,16-05-2024,WEST,,Home Office,Furniture,Monitor,10,149,0.15,1266.5,140.04
7308,ORD07308,13-01-2025,East,,Corporate,Furniture,Chair,10,99,0.05,940.5,183.73
7309,ORD07309,14-04-2025,north,CUST1703,Corporate,Electronics,Printer,9,999,0.1,8091.9,692.98
7310,ORD07310,24-07-2025,East,,Home Office,Electronics,Tablet,9,299,0,2691,467.85
7311,ORD07311,13-10-2024,East,,Home Office,Furniture,Printer,10,999,0.05,9490.5,1015.33
7312,ORD07312,13-10-2025,WEST,,Home Office,Electronics,Tablet,8,799,0.15,5433.2,1600.96
7313,ORD07313,05-02-2024,East,,Consumer,Electronics,Desk,5,999,0.05,4745.25,1062.51
7314,ORD07314,08-06-2024,WEST,,Home Office,Furniture,Headphones,9,99,0.05,846.45,201
7315,ORD07315,19-07-2025,north,,Home Office,Electronics,Phone,3,799,0.05,2277.15,382.8
7316,ORD07316,08-08-2024,South,CUST1981,Consumer,Furniture,Monitor,6,499,0.1,2694.6,173.5
7317,ORD07317,13-01-2025,South,,Home Office,Furniture,Chair,9,99,,891,156.11
7318,ORD07318,11-04-2024,WEST,CUST2326,Home Office,Office Supplies,Printer,4,999,0.15,3396.6,228.7
7319,ORD07319,14-08-2024,north,,Corporate,Electronics,Phone,2,149,,298,18.45
7320,ORD07320,16-12-2024,WEST,CUST1220,Consumer,Furniture,Printer,10,799,,7990,1692.7
7321,ORD07321,09-01-2024,West,CUST1633,Corporate,Office Supplies,Printer,8,149,,1192,135.27
7322,ORD07322,28-12-2025,North,,Home Office,Electronics,Printer,9,299,0.1,2421.9,298.95
7323,ORD07323,10-02-2024,South,,Consumer,Office Supplies,Desk,9,999,0,8991,2355.79
7324,ORD07324,02-06-2025,North,,Home Office,Office Supplies,Headphones,2,799,0.1,1438.2,360.05
7325,ORD07325,01-06-2024,north,,Consumer,Furniture,Monitor,6,999,0.05,5694.3,1622.63
7326,ORD07326,01-08-2024,West,CUST1837,Consumer,Office Supplies,Chair,3,99,0.1,267.3,29.98
7327,ORD07327,22-07-2025,West,,Home Office,Electronics,Chair,8,299,0,2392,463.9
7328,ORD07328,04-04-2025,North,CUST2965,Home Office,Electronics,Monitor,3,299,0,897,252.94
7329,ORD07329,01-10-2024,north,CUST2433,Home Office,Furniture,Headphones,4,999,0.1,3596.4,571.3
7330,ORD07330,28-12-2024,East,CUST1250,Home Office,Electronics,Phone,6,299,0.15,1524.9,392.85
7331,ORD07331,04-06-2025,north,,Home Office,Office Supplies,Phone,10,99,0.05,940.5,153.52
7332,ORD07332,23-08-2024,North,,Consumer,Furniture,Printer,1,199,0.15,169.15,42.78
7333,ORD07333,02-04-2025,WEST,CUST1623,Corporate,Furniture,Desk,3,799,0.1,2157.3,432.94
7334,ORD07334,24-12-2025,West,,Home Office,Electronics,Tablet,1,99,,99,5.4
7335,ORD07335,19-06-2024,North,CUST2416,Consumer,Office Supplies,Laptop,2,99,0.05,188.1,35.13
7336,ORD07336,04-10-2024,WEST,CUST1856,Home Office,Electronics,Headphones,4,799,,3196,748.64
7337,ORD07337,14-10-2025,North,,Corporate,Furniture,Monitor,4,499,0.05,1896.2,302.58
7338,ORD07338,29-09-2025,north,,Corporate,Office Supplies,Desk,10,499,0.15,4241.5,744.82
7339,ORD07339,19-01-2024,North,CUST1342,Corporate,Furniture,Tablet,6,499,0.1,2694.6,714.62
7340,ORD07340,16-10-2025,East,CUST1276,Home Office,Office Supplies,Printer,10,199,0,1990,347.99
7341,ORD07341,23-06-2024,WEST,,Home Office,Furniture,Chair,4,,0.05,3036.2,713.58
7342,ORD07342,02-04-2025,East,,Home Office,Electronics,Monitor,6,149,0.15,759.9,43
7343,ORD07343,09-04-2025,North,CUST2266,Home Office,Electronics,Monitor,4,999,0.15,3396.6,367.64
7344,ORD07344,09-12-2024,East,,Home Office,Office Supplies,Printer,4,299,0.15,1016.6,275.48
7345,ORD07345,22-03-2024,north,CUST1065,Consumer,Furniture,Headphones,3,799,0.1,2157.3,301.89
7346,ORD07346,24-11-2024,East,CUST2065,Home Office,Furniture,Desk,7,499,,3493,999.91
7347,ORD07347,08-05-2025,WEST,CUST2339,Consumer,Furniture,Monitor,1,149,,149,27.77
7348,ORD07348,19-12-2024,East,,Corporate,Office Supplies,Monitor,10,299,0.15,2541.5,460.07
7349,ORD07349,23-01-2024,WEST,CUST2083,Consumer,Office Supplies,Headphones,5,199,0.1,895.5,114.06
7350,ORD07350,19-11-2025,North,CUST2695,Home Office,Furniture,Desk,2,149,0.15,253.3,72.28
7351,ORD07351,23-03-2025,north,,Home Office,Electronics,Chair,6,499,0.05,2844.3,310.2
7352,ORD07352,12-05-2024,South,,Consumer,Furniture,Desk,8,99,0.15,673.2,141.25
7353,ORD07353,18-06-2025,South,CUST2307,Consumer,Furniture,Headphones,7,149,,1043,66.01
7354,ORD07354,25-03-2024,South,CUST1153,Home Office,Furniture,Headphones,6,149,0.15,759.9,166.72
7355,ORD07355,17-06-2024,East,CUST1039,Corporate,Furniture,Desk,10,,,2990,207.65
7356,ORD07356,23-06-2025,north,CUST1943,Consumer,Furniture,Desk,7,299,,2093,107.86
7357,ORD07357,24-10-2025,East,,Consumer,Electronics,Desk,3,499,0.05,1422.15,132.33
7358,ORD07358,21-02-2025,WEST,,Corporate,Electronics,Tablet,10,199,0.1,1791,504.62
7359,ORD07359,03-11-2025,North,,Home Office,Electronics,Phone,8,799,0.15,5433.2,840.95
7360,ORD07360,05-05-2024,North,,Home Office,Furniture,Laptop,7,199,0.05,1323.35,229.02
7361,ORD07361,03-04-2025,West,CUST1234,Consumer,Furniture,Desk,4,799,0.05,3036.2,582.07
7362,ORD07362,12-01-2024,West,CUST1806,Consumer,Furniture,Chair,6,799,0.1,4314.6,279.21
7363,ORD07363,09-12-2024,South,,Corporate,Furniture,Printer,10,299,0,2990,448.69
7364,ORD07364,11-11-2024,East,,Corporate,Furniture,Monitor,2,499,0.1,898.2,255.37
7365,ORD07365,28-08-2025,north,CUST2709,Corporate,Electronics,Monitor,9,799,0.05,6831.45,454.4
7366,ORD07366,14-04-2025,West,,Home Office,Office Supplies,Headphones,7,199,0.05,1323.35,391.59
7367,ORD07367,06-02-2024,East,CUST1869,Home Office,Office Supplies,Phone,2,299,,598,43.02
7368,ORD07368,30-12-2024,north,,Consumer,Electronics,Laptop,4,99,0,396,23.83
7369,ORD07369,12-05-2025,WEST,,Consumer,Electronics,Laptop,9,999,0.05,8541.45,1893.61
7370,ORD07370,13-03-2024,WEST,,Home Office,Electronics,Printer,3,499,0.05,1422.15,313.84
7371,ORD07371,10-12-2024,North,CUST2924,Corporate,Electronics,Monitor,4,149,0.1,536.4,127
7372,ORD07372,05-02-2024,West,,Corporate,Office Supplies,Desk,8,299,0.15,2033.2,557.27
7373,ORD07373,21-07-2024,North,CUST1113,Home Office,Office Supplies,Phone,10,149,,1490,304.62
7374,ORD07374,09-10-2024,East,,Corporate,Electronics,Laptop,2,799,0.1,1438.2,152.34
7375,ORD07375,08-10-2024,WEST,,Consumer,Electronics,Headphones,3,99,0.15,252.45,63.75
7376,ORD07376,04-08-2024,South,,Consumer,Electronics,Phone,3,299,,897,134.72
7377,ORD07377,26-12-2025,WEST,,Home Office,Electronics,Laptop,3,799,0.1,2157.3,116.65
7378,ORD07378,31-03-2024,North,,Home Office,Furniture,Monitor,9,299,0,2691,271.85
7379,ORD07379,03-10-2024,WEST,,Consumer,Furniture,Desk,8,99,,792,207.82
7380,ORD07380,27-08-2024,East,CUST1029,Corporate,Furniture,Tablet,9,499,0.05,4266.45,440.55
7381,ORD07381,28-11-2024,WEST,,Home Office,Office Supplies,Desk,2,499,0,998,171.73
7382,ORD07382,29-01-2024,WEST,,Corporate,Office Supplies,Phone,6,999,0.15,5094.9,537.56
7383,ORD07383,22-03-2024,South,,Home Office,Furniture,Printer,7,299,0,2093,617.82
7384,ORD07384,09-07-2025,East,,Consumer,Office Supplies,Desk,8,99,0.1,712.8,63.13
7385,ORD07385,30-03-2024,North,,Consumer,Furniture,Tablet,4,799,0.1,2876.4,762.5
7386,ORD07386,26-12-2025,WEST,,Corporate,Office Supplies,Tablet,3,499,0.05,1422.15,404.12
7387,ORD07387,29-02-2024,WEST,CUST2448,Home Office,Furniture,Chair,8,199,0.1,1432.8,334.61
7388,ORD07388,27-03-2024,WEST,,Corporate,Furniture,Phone,4,499,0.05,1896.2,552.1
7389,ORD07389,15-05-2024,North,,Corporate,Office Supplies,Tablet,6,199,0.1,1074.6,185.5
7390,ORD07390,20-10-2024,West,CUST2730,Home Office,Furniture,Headphones,4,799,,3196,818.71
7391,ORD07391,17-10-2025,East,,Corporate,Furniture,Phone,2,999,0.05,1898.1,457.94
7392,ORD07392,28-05-2025,East,,Consumer,Electronics,Headphones,8,999,0,7992,1873.1
7393,ORD07393,21-10-2025,North,,Corporate,Furniture,Laptop,9,199,0.05,1701.45,352.02
7394,ORD07394,27-05-2024,North,,Corporate,Electronics,Desk,10,99,0.1,891,204.37
7395,ORD07395,01-08-2025,north,,Home Office,Electronics,Laptop,6,499,0.05,2844.3,588.69
7396,ORD07396,21-01-2024,WEST,CUST1970,Home Office,Office Supplies,Chair,8,499,0.05,3792.4,800.71
7397,ORD07397,19-06-2024,East,,Corporate,Furniture,Monitor,5,99,0.1,445.5,35.82
7398,ORD07398,26-05-2024,East,,Consumer,Office Supplies,Tablet,2,199,0.15,338.3,61.67
7399,ORD07399,17-12-2024,South,,Home Office,Furniture,Chair,4,999,0.15,3396.6,967.9
7400,ORD07400,16-02-2025,East,CUST2321,Consumer,Electronics,Monitor,10,149,0.05,1415.5,288.09
7401,ORD07401,25-12-2024,West,,Consumer,Furniture,Chair,1,799,0,799,186.5
7402,ORD07402,24-08-2025,WEST,,Corporate,Electronics,Tablet,8,299,,2392,654.55
7403,ORD07403,02-05-2024,North,CUST2290,Corporate,Electronics,Headphones,7,799,0.15,4754.05,1235.65
7404,ORD07404,07-10-2025,North,,Home Office,Furniture,Printer,10,199,0.15,1691.5,305.05
7405,ORD07405,19-03-2025,South,CUST1067,Home Office,Office Supplies,Headphones,9,299,0.05,2556.45,309.75
7406,ORD07406,29-07-2025,South,CUST2983,Home Office,Electronics,Phone,9,499,0,4491,1261.36
7407,ORD07407,07-08-2024,north,CUST1429,Home Office,Electronics,Monitor,9,799,0.05,6831.45,901.93
7408,ORD07408,26-10-2025,north,,Home Office,Office Supplies,Tablet,1,149,0,149,37.03
7409,ORD07409,19-07-2025,North,,Consumer,Furniture,Chair,9,199,0.1,1611.9,245.27
7410,ORD07410,16-08-2024,North,CUST1028,Consumer,Office Supplies,Printer,7,149,0,1043,310.9
7411,ORD07411,08-12-2025,WEST,,Consumer,Office Supplies,Tablet,4,499,,1996,530.55
7412,ORD07412,23-04-2024,North,,Consumer,Electronics,Desk,7,199,0.15,1184.05,97.5
7413,ORD07413,06-10-2024,WEST,CUST2031,Home Office,Electronics,Tablet,4,299,0.15,1016.6,65.4
7414,ORD07414,10-11-2025,East,,Corporate,Office Supplies,Monitor,3,999,0,2997,891.52
7415,ORD07415,07-04-2025,South,,Consumer,Furniture,Tablet,10,799,,7990,990.36
7416,ORD07416,13-01-2025,East,,Corporate,Furniture,Headphones,4,499,,1996,341.05
7417,ORD07417,26-12-2025,East,,Consumer,Furniture,Phone,10,499,0.15,4241.5,1072.66
7418,ORD07418,22-06-2025,South,CUST1864,Home Office,Furniture,Laptop,3,799,0,2397,450.59
7419,ORD07419,26-11-2024,West,,Corporate,Office Supplies,Laptop,7,499,0.15,2969.05,377.68
7420,ORD07420,28-11-2024,East,,Consumer,Electronics,Monitor,8,299,,2392,227.22
7421,ORD07421,31-05-2025,north,,Consumer,Electronics,Monitor,5,149,0.05,707.75,123.36
7422,ORD07422,01-11-2025,north,,Corporate,Furniture,Desk,8,999,0.15,6793.2,1016.55
7423,ORD07423,14-12-2025,WEST,,Home Office,Office Supplies,Chair,10,99,,990,129.6
7424,ORD07424,05-05-2025,north,CUST1855,Home Office,Office Supplies,Laptop,7,999,0.05,6643.35,385.62
7425,ORD07425,02-12-2024,north,CUST1885,Home Office,Furniture,Tablet,6,299,0.1,1614.6,299.19
7426,ORD07426,20-07-2025,north,CUST2283,Corporate,Electronics,Desk,2,199,0.15,338.3,96.53
7427,ORD07427,13-10-2025,North,,Corporate,Office Supplies,Tablet,7,149,0.1,938.7,225.58
7428,ORD07428,27-11-2024,WEST,,Home Office,Office Supplies,Desk,6,149,0.15,759.9,183.6
7429,ORD07429,11-07-2025,East,CUST2347,Consumer,Electronics,Printer,10,,,7990,1948.47
7430,ORD07430,26-12-2025,North,,Home Office,Office Supplies,Monitor,2,149,0.1,268.2,15.44
7431,ORD07431,10-11-2025,WEST,CUST1154,Corporate,Furniture,Phone,10,149,0.1,1341,144.54
7432,ORD07432,23-11-2024,West,,Corporate,Electronics,Printer,3,199,0,597,61.53
7433,ORD07433,26-05-2025,north,,Corporate,Furniture,Desk,3,149,0.15,379.95,91.45
7434,ORD07434,20-12-2025,WEST,,Corporate,Furniture,Printer,10,299,0.05,2840.5,399.26
7435,ORD07435,12-05-2025,South,,Home Office,Electronics,Phone,4,99,0,396,84.84
7436,ORD07436,28-04-2025,north,,Home Office,Furniture,Laptop,7,499,,3493,603.56
7437,ORD07437,07-08-2025,East,,Consumer,Electronics,Laptop,1,299,,299,41.97
7438,ORD07438,09-01-2024,North,,Home Office,Furniture,Desk,3,99,0.05,282.15,82.27
7439,ORD07439,27-09-2025,north,,Home Office,Electronics,Laptop,1,149,0.15,126.65,24.61
7440,ORD07440,13-01-2024,North,,Corporate,Furniture,Laptop,9,299,0,2691,574.3
7441,ORD07441,13-09-2025,North,CUST2447,Consumer,Furniture,Printer,6,299,0,1794,149.26
7442,ORD07442,03-12-2024,West,CUST1983,Corporate,Furniture,Monitor,9,149,0.05,1273.95,379.81
7443,ORD07443,16-04-2024,West,,Home Office,Furniture,Desk,8,,0.1,7192.8,1915.3
7444,ORD07444,20-09-2025,north,,Consumer,Furniture,Tablet,6,199,0.05,1134.3,192.28
7445,ORD07445,21-01-2024,West,CUST2460,Consumer,Office Supplies,Printer,8,149,0.05,1132.4,328.59
7446,ORD07446,11-04-2025,South,,Consumer,Office Supplies,Desk,6,99,0.1,534.6,48.7
7447,ORD07447,06-01-2025,WEST,CUST2948,Consumer,Office Supplies,Printer,5,499,,2495,318.53
7448,ORD07448,24-10-2025,South,,Home Office,Office Supplies,Chair,1,99,0,99,19.08
7449,ORD07449,22-09-2024,WEST,CUST2110,Home Office,Furniture,Laptop,10,999,0,9990,2744.12
7450,ORD07450,01-12-2025,north,,Home Office,Furniture,Printer,6,799,0,4794,1296.77
7451,ORD07451,20-08-2025,WEST,,Home Office,Electronics,Laptop,,999,0.05,949.05,62.27
7452,ORD07452,06-01-2025,South,,Home Office,Office Supplies,Desk,9,149,0.05,1273.95,104.14
7453,ORD07453,13-11-2025,WEST,CUST2672,Consumer,Office Supplies,Printer,1,149,0.15,126.65,27.67
7454,ORD07454,18-06-2024,WEST,,Corporate,Furniture,Tablet,1,99,0,99,7.49
7455,ORD07455,14-09-2024,north,,Home Office,Furniture,Chair,2,999,0.15,1698.3,291.66
7456,ORD07456,10-12-2025,WEST,CUST2712,Corporate,Electronics,Phone,5,299,0.05,1420.25,91.04
7457,ORD07457,04-10-2025,East,CUST1728,Corporate,Electronics,Tablet,6,149,0,894,71.35
7458,ORD07458,29-12-2024,South,,Home Office,Office Supplies,Chair,3,499,0,1497,238.39
7459,ORD07459,08-06-2024,South,,Consumer,Furniture,Headphones,3,799,,2397,236.46
7460,ORD07460,19-01-2024,West,CUST1507,Home Office,Office Supplies,Headphones,10,799,0.05,7590.5,731
7461,ORD07461,17-10-2025,South,,Corporate,Electronics,Tablet,6,199,0.1,1074.6,113.16
7462,ORD07462,14-09-2024,North,,Corporate,Office Supplies,Monitor,1,999,0.15,849.15,46.3
7463,ORD07463,30-01-2025,WEST,,Consumer,Office Supplies,Chair,2,499,0.1,898.2,158.25
7464,ORD07464,21-06-2025,North,CUST1513,Consumer,Electronics,Printer,1,999,0.1,899.1,199.01
7465,ORD07465,27-11-2024,South,,Home Office,Furniture,Tablet,8,499,0.15,3393.2,484.43
7466,ORD07466,09-06-2024,North,,Home Office,Office Supplies,Headphones,3,499,0.15,1272.45,98.22
7467,ORD07467,01-04-2025,North,CUST2400,Consumer,Furniture,Phone,9,149,0.1,1206.9,97.31
7468,ORD07468,20-07-2025,North,CUST1511,Home Office,Furniture,Laptop,10,499,0.1,4491,542.38
7469,ORD07469,10-04-2024,East,,Home Office,Furniture,Printer,1,199,0.15,169.15,46.54
7470,ORD07470,30-09-2024,West,,Consumer,Office Supplies,Chair,2,149,0.1,268.2,45.95
7471,ORD07471,19-03-2025,West,,Home Office,Electronics,Laptop,5,799,0.05,3795.25,1058.29
7472,ORD07472,09-10-2025,North,,Home Office,Electronics,Headphones,1,499,0.05,474.05,134.9
7473,ORD07473,01-10-2024,north,CUST2713,Corporate,Office Supplies,Desk,7,299,0,2093,504.67
7474,ORD07474,25-09-2025,WEST,,Consumer,Office Supplies,Laptop,1,99,0,99,8.48
7475,ORD07475,27-08-2024,East,CUST1515,Home Office,Office Supplies,Monitor,10,199,0,1990,458.87
7476,ORD07476,21-06-2025,West,,Home Office,Furniture,Headphones,3,199,0.15,507.45,92.32
7477,ORD07477,25-02-2025,North,,Consumer,Electronics,Phone,3,299,0.15,762.45,216.73
7478,ORD07478,14-07-2025,East,,Corporate,Furniture,Printer,4,999,0.1,3596.4,240.39
7479,ORD07479,13-10-2024,West,CUST1763,Consumer,Furniture,Laptop,9,499,0,4491,1214.49
7480,ORD07480,29-11-2025,North,CUST2693,Corporate,Electronics,Tablet,7,499,,3493,1013.77
7481,ORD07481,08-10-2024,West,,Corporate,Furniture,Tablet,9,99,0,891,52.72
7482,ORD07482,06-05-2025,South,CUST2510,Corporate,Office Supplies,Printer,1,199,0.1,179.1,16.65
7483,ORD07483,08-01-2024,North,,Home Office,Furniture,Phone,1,299,,299,47.06
7484,ORD07484,26-06-2025,WEST,CUST2991,Consumer,Furniture,Headphones,1,999,0.1,899.1,142.25
7485,ORD07485,02-01-2024,north,CUST2210,Home Office,Office Supplies,Phone,4,299,0.15,1016.6,117.95
7486,ORD07486,26-07-2024,East,CUST2385,Home Office,Office Supplies,Headphones,5,199,0.05,945.25,52.32
7487,ORD07487,13-01-2025,WEST,CUST2111,Consumer,Office Supplies,Laptop,2,99,0,198,33.89
7488,ORD07488,18-02-2024,WEST,CUST1042,Corporate,Electronics,Printer,3,99,0.15,252.45,16.72
7489,ORD07489,27-03-2025,South,CUST1726,Corporate,Furniture,Phone,4,99,0,396,86.32
7490,ORD07490,27-05-2024,North,,Home Office,Furniture,Tablet,10,799,0.15,6791.5,937.51
7491,ORD07491,12-04-2025,South,CUST2950,Corporate,Office Supplies,Tablet,8,299,0.05,2272.4,156.03
7492,ORD07492,18-01-2025,WEST,,Home Office,Furniture,Laptop,,149,0.05,1415.5,286.92
7493,ORD07493,25-09-2025,South,,Corporate,Electronics,Tablet,2,199,0,398,114.46
7494,ORD07494,24-09-2024,West,,Home Office,Office Supplies,Headphones,,299,0.1,807.3,100.25
7495,ORD07495,09-12-2024,north,,Consumer,Furniture,Printer,1,999,0,999,52.44
7496,ORD07496,02-09-2024,East,,Home Office,Office Supplies,Monitor,6,499,0.15,2544.9,316.3
7497,ORD07497,08-05-2025,West,,Home Office,Furniture,Headphones,,99,0.05,94.05,13.95
7498,ORD07498,10-11-2025,WEST,,Consumer,Furniture,Desk,1,799,0.05,759.05,222.62
7499,ORD07499,25-10-2025,North,,Consumer,Electronics,Desk,1,99,0.1,89.1,25.01
7500,ORD07500,11-01-2025,East,CUST2486,Corporate,Furniture,Headphones,4,199,,796,177.87
7501,ORD07501,18-05-2024,WEST,,Corporate,Electronics,Headphones,8,999,0.05,7592.4,504.73
7502,ORD07502,05-12-2024,South,,Home Office,Furniture,Chair,9,999,0.15,7642.35,1150.08
7503,ORD07503,18-06-2024,South,CUST1597,Consumer,Furniture,Desk,9,149,0,1341,207.67
7504,ORD07504,01-06-2025,WEST,,Consumer,Office Supplies,Chair,10,499,0.15,4241.5,772.97
7505,ORD07505,16-10-2024,WEST,CUST2740,Consumer,Electronics,Monitor,9,999,0,8991,2361.51
7506,ORD07506,06-06-2025,north,CUST2843,Corporate,Furniture,Monitor,4,299,,1196,279.33
7507,ORD07507,22-05-2025,West,,Consumer,Furniture,Monitor,10,199,0,1990,269.64
7508,ORD07508,18-06-2024,WEST,CUST1991,Home Office,Furniture,Desk,10,299,,2990,627.93
7509,ORD07509,17-06-2025,West,,Home Office,Office Supplies,Printer,6,799,0.05,4554.3,679.61
7510,ORD07510,05-04-2024,West,,Consumer,Electronics,Laptop,1,199,0,199,57.75
7511,ORD07511,26-12-2025,South,,Consumer,Electronics,Printer,2,199,0.05,378.1,91.6
7512,ORD07512,08-12-2025,WEST,,Consumer,Office Supplies,Chair,10,499,0.15,4241.5,726.09
7513,ORD07513,30-04-2025,WEST,,Corporate,Furniture,Printer,8,799,,6392,484.32
7514,ORD07514,27-11-2025,South,,Home Office,Electronics,Laptop,8,149,0.05,1132.4,235.29
7515,ORD07515,28-12-2024,West,,Home Office,Furniture,Chair,2,99,0.15,168.3,44.33
7516,ORD07516,28-01-2024,South,,Home Office,Electronics,Tablet,9,799,0.1,6471.9,671.1
7517,ORD07517,14-05-2025,WEST,CUST2348,Corporate,Electronics,Printer,5,799,0.05,3795.25,1100.82
7518,ORD07518,15-02-2024,South,CUST2937,Home Office,Electronics,Monitor,7,499,0.1,3143.7,565.03
7519,ORD07519,06-11-2024,South,CUST1034,Consumer,Electronics,Headphones,3,199,,597,95.71
7520,ORD07520,14-07-2024,north,CUST2228,Home Office,Furniture,Chair,5,499,0.15,2120.75,159.86
7521,ORD07521,18-06-2025,North,CUST2465,Corporate,Furniture,Tablet,1,199,0.1,179.1,29.57
7522,ORD07522,19-02-2024,WEST,CUST1505,Consumer,Furniture,Printer,2,149,0.15,253.3,20.87
7523,ORD07523,24-02-2025,South,CUST1929,Consumer,Furniture,Desk,4,499,,1996,217.33
7524,ORD07524,10-06-2024,WEST,CUST2288,Corporate,Office Supplies,Laptop,9,499,0.15,3817.35,914.58
7525,ORD07525,14-12-2025,East,,Home Office,Furniture,Printer,9,149,0.05,1273.95,310.04
7526,ORD07526,01-10-2024,North,CUST1725,Home Office,Furniture,Monitor,6,149,0,894,232.87
7527,ORD07527,09-06-2025,north,CUST1702,Home Office,Furniture,Monitor,10,499,0,4990,1304.16
7528,ORD07528,05-01-2024,East,CUST1033,Home Office,Office Supplies,Desk,10,149,0,1490,314.49
7529,ORD07529,14-09-2024,South,,Consumer,Electronics,Tablet,3,299,0.1,807.3,183.12
7530,ORD07530,01-04-2024,East,CUST2322,Corporate,Office Supplies,Desk,5,799,,3995,789.85
7531,ORD07531,16-11-2025,WEST,CUST1074,Home Office,Office Supplies,Phone,3,999,0.15,2547.45,492.52
7532,ORD07532,17-06-2025,West,,Home Office,Office Supplies,Chair,6,299,0.1,1614.6,255.9
7533,ORD07533,31-12-2024,East,,Home Office,Furniture,Monitor,4,499,0,1996,469.41
7534,ORD07534,02-04-2025,East,,Home Office,Office Supplies,Printer,8,199,0.15,1353.2,381.82
7535,ORD07535,09-09-2024,WEST,,Home Office,Electronics,Phone,8,999,,7992,618.58
7536,ORD07536,22-12-2025,WEST,,Home Office,Office Supplies,Chair,10,499,0,4990,1406.24
7537,ORD07537,05-10-2025,South,CUST1731,Home Office,Electronics,Laptop,10,499,,4990,1284.41
7538,ORD07538,01-09-2024,East,,Corporate,Office Supplies,Printer,8,99,0.15,673.2,171.55
7539,ORD07539,01-05-2025,South,CUST2816,Home Office,Office Supplies,Monitor,7,299,0.15,1779.05,371.26
7540,ORD07540,20-02-2024,South,,Consumer,Furniture,Chair,10,999,0.15,8491.5,1383.27
7541,ORD07541,19-05-2024,East,CUST1993,Corporate,Furniture,Printer,5,299,0.15,1270.75,77.36
7542,ORD07542,03-06-2025,north,,Consumer,Furniture,Laptop,8,499,0,3992,855.63
7543,ORD07543,25-02-2024,WEST,,Corporate,Furniture,Laptop,7,499,0.05,3318.35,423.79
7544,ORD07544,21-03-2024,north,,Consumer,Furniture,Phone,6,999,0.05,5694.3,1124.85
7545,ORD07545,28-01-2025,North,,Corporate,Furniture,Printer,8,149,0,1192,215.49
7546,ORD07546,05-05-2025,WEST,,Corporate,Electronics,Monitor,10,499,0.05,4740.5,303.67
7547,ORD07547,16-07-2024,north,,Corporate,Furniture,Desk,8,999,0,7992,434.42
7548,ORD07548,08-02-2024,West,CUST1890,Home Office,Furniture,Chair,4,299,0.15,1016.6,163.53
7549,ORD07549,31-07-2024,South,,Corporate,Furniture,Headphones,,99,0.15,420.75,125.19
7550,ORD07550,14-02-2024,North,,Corporate,Office Supplies,Tablet,5,499,0.15,2120.75,610.29
7551,ORD07551,03-05-2025,WEST,,Consumer,Furniture,Monitor,7,149,0.1,938.7,274.13
7552,ORD07552,29-07-2025,West,,Consumer,Furniture,Desk,4,,,3996,244.57
7553,ORD07553,17-12-2025,South,,Consumer,Office Supplies,Chair,6,299,0.05,1704.3,133.35
7554,ORD07554,26-07-2025,West,,Corporate,Furniture,Printer,4,499,0,1996,561.5
7555,ORD07555,28-01-2024,East,,Consumer,Office Supplies,Desk,8,149,0.15,1013.2,198.53
7556,ORD07556,31-12-2025,WEST,,Corporate,Furniture,Tablet,2,149,0,298,18.17
7557,ORD07557,16-08-2025,West,,Home Office,Office Supplies,Laptop,4,299,0.1,1076.4,247.76
7558,ORD07558,14-06-2025,north,CUST2907,Home Office,Electronics,Tablet,5,199,0.1,895.5,174.14
7559,ORD07559,17-11-2025,WEST,,Consumer,Furniture,Phone,2,149,0.1,268.2,27.49
7560,ORD07560,11-03-2025,West,,Consumer,Electronics,Headphones,3,99,,297,56.16
7561,ORD07561,13-07-2024,North,,Corporate,Furniture,Tablet,9,299,,2691,719.18
7562,ORD07562,29-01-2024,West,,Home Office,Office Supplies,Printer,8,499,0,3992,890.36
7563,ORD07563,08-09-2025,North,,Corporate,Office Supplies,Laptop,10,999,0.15,8491.5,1378.46
7564,ORD07564,05-09-2024,North,,Home Office,Office Supplies,Desk,4,99,0.1,356.4,86.61
7565,ORD07565,28-11-2024,North,,Home Office,Electronics,Monitor,10,149,0.15,1266.5,173.4
7566,ORD07566,31-12-2024,WEST,,Consumer,Electronics,Laptop,3,799,0.1,2157.3,445.39
7567,ORD07567,28-04-2024,East,CUST1003,Home Office,Electronics,Desk,9,799,0.1,6471.9,1099.73
7568,ORD07568,04-02-2025,West,CUST2706,Corporate,Furniture,Headphones,4,149,0.1,536.4,39.28
7569,ORD07569,02-05-2024,East,,Home Office,Furniture,Monitor,5,299,0.05,1420.25,392.13
7570,ORD07570,07-09-2025,West,CUST1386,Consumer,Electronics,Headphones,7,499,0.15,2969.05,553.41
7571,ORD07571,20-04-2025,West,CUST1954,Consumer,Electronics,Headphones,1,299,0.15,254.15,66.2
7572,ORD07572,01-06-2025,North,,Corporate,Furniture,Printer,4,99,0.15,336.6,52.94
7573,ORD07573,07-10-2025,WEST,,Corporate,Electronics,Chair,9,999,0.05,8541.45,600.63
7574,ORD07574,31-01-2025,WEST,,Home Office,Electronics,Chair,4,149,0.15,506.6,74.92
7575,ORD07575,28-12-2024,north,,Consumer,Office Supplies,Monitor,9,99,0.1,801.9,132.99
7576,ORD07576,19-03-2024,East,,Corporate,Electronics,Printer,2,149,0.1,268.2,18.38
7577,ORD07577,14-08-2024,West,,Corporate,Electronics,Monitor,2,199,,398,42.11
7578,ORD07578,12-11-2025,north,CUST1252,Home Office,Office Supplies,Desk,7,299,0.15,1779.05,183.74
7579,ORD07579,30-08-2025,North,CUST2206,Home Office,Furniture,Tablet,6,999,0.1,5394.6,659.71
7580,ORD07580,08-12-2025,South,,Home Office,Electronics,Phone,3,99,0.05,282.15,54.84
7581,ORD07581,28-07-2025,West,CUST1021,Home Office,Office Supplies,Phone,4,299,,1196,300.78
7582,ORD07582,24-02-2024,East,,Consumer,Office Supplies,Printer,8,99,0.15,673.2,42.91
7583,ORD07583,15-09-2025,West,CUST1837,Corporate,Electronics,Desk,1,99,0,99,8.55
7584,ORD07584,24-08-2024,WEST,,Consumer,Furniture,Headphones,1,999,0,999,118.83
7585,ORD07585,05-12-2025,north,,Corporate,Furniture,Desk,10,149,0.1,1341,233.38
7586,ORD07586,31-01-2025,north,,Consumer,Electronics,Printer,2,149,0.1,268.2,48.35
7587,ORD07587,21-10-2024,West,CUST1849,Consumer,Office Supplies,Headphones,9,99,0.15,757.35,39.43
7588,ORD07588,10-02-2025,South,CUST1349,Corporate,Electronics,Monitor,4,299,0.05,1136.2,183.67
7589,ORD07589,25-10-2024,WEST,,Consumer,Office Supplies,Headphones,5,299,,1495,285.32
7590,ORD07590,24-05-2025,North,,Consumer,Office Supplies,Tablet,5,999,0,4995,1416.98
7591,ORD07591,17-07-2024,WEST,CUST2473,Corporate,Furniture,Desk,6,299,0.05,1704.3,453.78
7592,ORD07592,30-10-2025,north,CUST2420,Consumer,Electronics,Phone,8,799,0,6392,1565.34
7593,ORD07593,19-04-2024,East,CUST2646,Home Office,Furniture,Headphones,9,149,0,1341,175.36
7594,ORD07594,17-08-2024,East,,Corporate,Furniture,Headphones,1,99,,99,20.47
7595,ORD07595,02-06-2024,South,CUST2314,Consumer,Electronics,Printer,3,149,,447,50.98
7596,ORD07596,07-04-2025,South,,Consumer,Electronics,Phone,4,999,0.1,3596.4,829.39
7597,ORD07597,02-06-2024,north,,Corporate,Furniture,Tablet,3,149,0.05,424.65,92.68
7598,ORD07598,12-03-2024,north,,Corporate,Electronics,Desk,6,99,0.15,504.9,142.64
7599,ORD07599,08-09-2024,South,,Home Office,Furniture,Desk,4,799,0.05,3036.2,207.28
7600,ORD07600,31-07-2024,North,,Home Office,Office Supplies,Headphones,5,499,0,2495,330.8
7601,ORD07601,07-07-2025,north,,Corporate,Furniture,Chair,4,,0.1,716.4,95.26
7602,ORD07602,17-08-2025,north,,Consumer,Electronics,Tablet,2,149,0.15,253.3,72.81
7603,ORD07603,06-08-2025,East,,Home Office,Furniture,Monitor,4,299,0.15,1016.6,127.34
7604,ORD07604,02-08-2024,North,,Home Office,Electronics,Desk,2,99,0,198,23.53
7605,ORD07605,05-06-2024,North,CUST2833,Corporate,Furniture,Desk,3,799,0.1,2157.3,558.22
7606,ORD07606,17-04-2024,north,,Consumer,Office Supplies,Headphones,7,299,0,2093,372.89
7607,ORD07607,09-01-2024,East,CUST2869,Consumer,Electronics,Laptop,1,999,,999,157.37
7608,ORD07608,03-05-2024,West,,Home Office,Electronics,Desk,5,999,,4995,772.7
7609,ORD07609,30-07-2025,North,,Corporate,Electronics,Printer,9,299,0.05,2556.45,533.76
7610,ORD07610,03-06-2024,South,,Consumer,Furniture,Laptop,6,99,0.15,504.9,50.26
7611,ORD07611,04-02-2025,East,,Corporate,Electronics,Desk,5,499,0.15,2120.75,466.75
7612,ORD07612,10-01-2024,East,CUST1231,Home Office,Office Supplies,Laptop,8,299,0.1,2152.8,602.81
7613,ORD07613,04-04-2024,East,,Home Office,Furniture,Printer,3,799,0.05,2277.15,577.75
7614,ORD07614,22-10-2024,north,CUST1012,Corporate,Office Supplies,Laptop,4,299,,1196,230.39
7615,ORD07615,08-06-2025,WEST,CUST1313,Consumer,Furniture,Headphones,3,999,,2997,779.07
7616,ORD07616,21-01-2025,north,,Home Office,Office Supplies,Phone,8,149,0.1,1072.8,93.73
7617,ORD07617,27-04-2025,North,,Corporate,Electronics,Chair,9,199,0.1,1611.9,410.23
7618,ORD07618,13-11-2024,North,,Home Office,Furniture,Printer,6,149,0.15,759.9,210.28
7619,ORD07619,08-06-2024,WEST,,Consumer,Electronics,Monitor,2,149,0.05,283.1,76.42
7620,ORD07620,21-02-2025,South,,Consumer,Electronics,Laptop,8,999,0.05,7592.4,543.67
7621,ORD07621,27-07-2025,north,,Home Office,Electronics,Phone,10,799,,7990,889.18
7622,ORD07622,04-06-2024,West,,Consumer,Furniture,Monitor,6,799,0,4794,1380.47
7623,ORD07623,31-10-2025,WEST,CUST1299,Consumer,Office Supplies,Monitor,6,999,0.05,5694.3,400.2
7624,ORD07624,07-06-2025,East,,Corporate,Electronics,Desk,1,999,0.15,849.15,185.19
7625,ORD07625,17-09-2024,north,,Home Office,Furniture,Monitor,3,299,0.05,852.15,61.87
7626,ORD07626,14-04-2024,North,,Consumer,Office Supplies,Printer,7,149,0.15,886.55,184.51
7627,ORD07627,19-11-2024,WEST,CUST2349,Corporate,Office Supplies,Desk,7,999,0.1,6293.7,1793.08
7628,ORD07628,14-06-2024,north,,Home Office,Office Supplies,Headphones,8,149,,1192,300.26
7629,ORD07629,26-10-2024,East,,Home Office,Electronics,Printer,7,199,0.1,1253.7,275.11
7630,ORD07630,31-01-2024,West,,Consumer,Electronics,Chair,5,199,0,995,216.29
7631,ORD07631,14-11-2024,WEST,,Consumer,Furniture,Chair,6,799,0.1,4314.6,310.94
7632,ORD07632,17-02-2025,north,,Consumer,Office Supplies,Desk,7,99,0.1,623.7,66.25
7633,ORD07633,16-08-2025,South,CUST2649,Consumer,Electronics,Chair,2,299,0.15,508.3,39.66
7634,ORD07634,17-05-2025,north,,Consumer,Office Supplies,Printer,1,149,0,149,14.34
7635,ORD07635,22-06-2024,north,,Home Office,Office Supplies,Desk,7,149,0,1043,302.47
7636,ORD07636,19-08-2025,north,,Corporate,Electronics,Tablet,3,149,,447,119.61
7637,ORD07637,17-06-2024,East,,Corporate,Office Supplies,Headphones,3,199,0.1,537.3,87.08
7638,ORD07638,28-06-2025,South,,Home Office,Electronics,Laptop,4,149,0.1,536.4,155.28
7639,ORD07639,17-04-2024,East,,Corporate,Office Supplies,Chair,6,999,0.15,5094.9,752.43
7640,ORD07640,12-01-2024,East,,Corporate,Furniture,Chair,10,99,0.05,940.5,69.7
7641,ORD07641,20-12-2025,North,,Home Office,Office Supplies,Phone,2,499,,998,84.55
7642,ORD07642,10-07-2024,East,,Consumer,Electronics,Headphones,8,799,0,6392,1379.79
7643,ORD07643,15-02-2024,North,CUST2097,Home Office,Office Supplies,Monitor,5,999,0.1,4495.5,1317.26
7644,ORD07644,09-08-2024,South,,Home Office,Electronics,Chair,4,799,0.05,3036.2,876.03
7645,ORD07645,16-07-2025,South,CUST1594,Home Office,Office Supplies,Headphones,4,499,0.1,1796.4,184.42
7646,ORD07646,07-01-2025,North,,Home Office,Electronics,Chair,1,799,0.15,679.15,58.11
7647,ORD07647,08-03-2025,North,,Home Office,Furniture,Tablet,1,499,0.15,424.15,95.04
7648,ORD07648,03-06-2025,East,CUST1052,Home Office,Office Supplies,Laptop,5,149,0,745,98.69
7649,ORD07649,20-01-2025,West,,Corporate,Furniture,Tablet,10,999,0.05,9490.5,1510.2
7650,ORD07650,22-03-2025,West,,Home Office,Office Supplies,Monitor,7,999,0.15,5944.05,1084.87
7651,ORD07651,21-01-2024,East,,Home Office,Furniture,Headphones,5,149,0.05,707.75,147.16
7652,ORD07652,08-01-2024,West,,Home Office,Office Supplies,Laptop,4,199,0.05,756.2,115.1
7653,ORD07653,11-07-2025,West,,Consumer,Office Supplies,Monitor,9,149,0.1,1206.9,205.94
7654,ORD07654,04-05-2025,South,,Consumer,Furniture,Tablet,3,299,0.15,762.45,111.31
7655,ORD07655,04-04-2024,South,,Consumer,Electronics,Laptop,7,499,0,3493,652.07
7656,ORD07656,02-05-2025,South,CUST2040,Consumer,Furniture,Tablet,2,199,,398,108.6
7657,ORD07657,23-12-2025,East,,Corporate,Electronics,Printer,10,149,,1490,412.09
7658,ORD07658,06-05-2024,East,CUST1774,Corporate,Furniture,Laptop,4,149,0,596,130.3
7659,ORD07659,26-09-2024,north,CUST1889,Corporate,Electronics,Phone,7,99,0,693,151.69
7660,ORD07660,15-08-2024,East,,Corporate,Electronics,Printer,10,799,0,7990,1314.12
7661,ORD07661,15-01-2024,West,,Corporate,Furniture,Monitor,8,199,0,1592,386.94
7662,ORD07662,27-03-2025,South,,Corporate,Furniture,Chair,4,499,0.15,1696.6,260.02
7663,ORD07663,09-07-2025,North,,Home Office,Office Supplies,Monitor,7,799,0.05,5313.35,1226.11
7664,ORD07664,10-09-2025,East,CUST2454,Corporate,Office Supplies,Printer,9,299,,2691,314.31
7665,ORD07665,16-04-2024,South,,Corporate,Furniture,Chair,7,299,0,2093,411.38
7666,ORD07666,18-10-2024,north,,Consumer,Electronics,Desk,2,299,0.15,508.3,67.59
7667,ORD07667,30-04-2024,north,,Consumer,Furniture,Laptop,10,149,0.15,1266.5,190.83
7668,ORD07668,12-11-2024,North,CUST2591,Consumer,Office Supplies,Headphones,1,799,0,799,93.63
7669,ORD07669,18-03-2025,East,CUST1381,Home Office,Office Supplies,Monitor,2,799,,1598,134.38
7670,ORD07670,05-12-2025,north,,Consumer,Furniture,Desk,3,149,0.1,402.3,81.23
7671,ORD07671,25-05-2024,north,CUST1535,Consumer,Office Supplies,Monitor,5,299,0,1495,78.61
7672,ORD07672,19-10-2024,North,,Home Office,Electronics,Tablet,10,799,0.05,7590.5,1718.23
7673,ORD07673,06-08-2024,WEST,,Home Office,Office Supplies,Chair,,299,0,2691,172.13
7674,ORD07674,22-06-2024,West,,Home Office,Office Supplies,Phone,7,999,0.05,6643.35,1721.26
7675,ORD07675,15-02-2024,West,CUST1211,Home Office,Office Supplies,Headphones,6,99,0.05,564.3,89.22
7676,ORD07676,21-10-2025,East,,Home Office,Office Supplies,Laptop,1,149,0,149,11.7
7677,ORD07677,14-04-2025,South,,Consumer,Furniture,Tablet,1,999,0.1,899.1,242.12
7678,ORD07678,13-12-2024,North,CUST2953,Corporate,Furniture,Tablet,9,149,0.1,1206.9,203.83
7679,ORD07679,06-04-2025,North,,Corporate,Electronics,Laptop,10,149,,1490,159.63
7680,ORD07680,02-01-2024,West,,Home Office,Furniture,Laptop,1,,0,299,84.77
7681,ORD07681,04-09-2024,South,CUST2997,Consumer,Furniture,Tablet,10,999,0,9990,2097.53
7682,ORD07682,19-01-2025,WEST,,Home Office,Furniture,Tablet,5,99,,495,121.84
7683,ORD07683,07-06-2024,WEST,,Corporate,Furniture,Printer,7,299,0.05,1988.35,137.98
7684,ORD07684,05-05-2024,West,,Corporate,Furniture,Printer,2,,0.15,1358.3,386.43
7685,ORD07685,03-09-2025,north,,Home Office,Office Supplies,Phone,2,99,0.15,168.3,25.62
7686,ORD07686,18-02-2025,South,,Consumer,Furniture,Chair,1,199,0.05,189.05,40.89
7687,ORD07687,11-12-2024,South,CUST2840,Home Office,Furniture,Monitor,7,999,0.1,6293.7,1655.88
7688,ORD07688,26-08-2025,West,CUST1513,Home Office,Office Supplies,Printer,4,999,,3996,380.36
7689,ORD07689,17-11-2025,North,,Corporate,Electronics,Monitor,8,999,0.05,7592.4,2043.22
7690,ORD07690,03-04-2025,North,,Consumer,Office Supplies,Printer,2,149,0.05,283.1,53.84
7691,ORD07691,28-12-2025,West,,Home Office,Electronics,Tablet,8,999,0.15,6793.2,1506.08
7692,ORD07692,05-01-2024,north,,Home Office,Electronics,Laptop,4,149,0.15,506.6,40.08
7693,ORD07693,23-01-2025,East,,Consumer,Office Supplies,Monitor,4,149,0.1,536.4,87.63
7694,ORD07694,05-05-2025,West,,Consumer,Office Supplies,Headphones,8,199,0,1592,421.29
7695,ORD07695,03-01-2025,WEST,,Consumer,Office Supplies,Chair,8,199,,1592,291.73
7696,ORD07696,03-08-2025,West,,Corporate,Office Supplies,Laptop,9,999,,8991,1370.22
7697,ORD07697,09-08-2025,East,,Home Office,Electronics,Tablet,5,799,0.05,3795.25,195.56
7698,ORD07698,16-01-2024,West,,Corporate,Furniture,Headphones,2,199,0.05,378.1,48.62
7699,ORD07699,12-05-2025,West,CUST2286,Home Office,Electronics,Desk,5,199,0,995,213.29
7700,ORD07700,29-05-2024,north,CUST2681,Consumer,Office Supplies,Chair,2,799,0,1598,426.76
7701,ORD07701,25-04-2025,WEST,,Consumer,Furniture,Desk,1,999,0,999,64.82
7702,ORD07702,13-05-2025,North,CUST1652,Corporate,Electronics,Tablet,8,499,0.1,3592.8,787.45
7703,ORD07703,18-11-2025,north,,Corporate,Furniture,Printer,1,299,0.05,284.05,69.5
7704,ORD07704,12-07-2025,north,CUST1365,Consumer,Office Supplies,Monitor,7,99,0.15,589.05,132.81
7705,ORD07705,20-06-2024,WEST,CUST2529,Consumer,Furniture,Laptop,8,149,0.1,1072.8,207.42
7706,ORD07706,26-06-2024,north,,Corporate,Office Supplies,Phone,1,499,0.15,424.15,124.99
7707,ORD07707,27-07-2025,WEST,CUST2942,Consumer,Furniture,Headphones,3,149,,447,95.84
7708,ORD07708,16-04-2024,WEST,CUST1166,Consumer,Furniture,Desk,2,99,0,198,29.7
7709,ORD07709,29-02-2024,South,,Home Office,Furniture,Printer,10,999,0.15,8491.5,1557.18
7710,ORD07710,21-07-2024,West,,Corporate,Electronics,Tablet,5,999,,4995,1476.84
7711,ORD07711,19-08-2025,South,,Corporate,Furniture,Desk,8,799,0.1,5752.8,1104.8
7712,ORD07712,28-11-2024,North,,Corporate,Furniture,Monitor,8,99,0.05,752.4,220.07
7713,ORD07713,10-12-2025,North,,Corporate,Office Supplies,Chair,6,99,0.15,504.9,83.66
7714,ORD07714,18-10-2025,East,,Consumer,Electronics,Desk,1,99,,99,28.86
7715,ORD07715,01-02-2025,WEST,,Consumer,Office Supplies,Phone,5,499,,2495,700.98
7716,ORD07716,13-10-2024,North,CUST2014,Corporate,Office Supplies,Printer,4,149,0.15,506.6,148.89
7717,ORD07717,06-07-2025,West,,Home Office,Furniture,Tablet,3,299,,897,126.2
7718,ORD07718,18-04-2025,East,,Consumer,Furniture,Printer,8,999,0.1,7192.8,538.4
7719,ORD07719,18-01-2025,WEST,CUST1723,Home Office,Furniture,Laptop,3,499,,1497,84.99
7720,ORD07720,18-12-2024,West,,Home Office,Furniture,Laptop,7,99,0,693,138.59
7721,ORD07721,11-08-2024,North,,Consumer,Office Supplies,Chair,8,149,0.05,1132.4,296.39
7722,ORD07722,06-12-2025,North,,Corporate,Electronics,Phone,4,299,0.15,1016.6,61.31
7723,ORD07723,30-10-2024,South,,Consumer,Furniture,Tablet,8,999,,7992,898.72
7724,ORD07724,01-08-2025,WEST,,Home Office,Office Supplies,Chair,4,99,0,396,39.01
7725,ORD07725,02-06-2025,East,CUST1168,Consumer,Office Supplies,Headphones,9,499,0.05,4266.45,249.57
7726,ORD07726,26-04-2024,West,,Home Office,Office Supplies,Chair,4,149,0,596,41.38
7727,ORD07727,04-09-2025,WEST,,Corporate,Electronics,Chair,4,99,0.15,336.6,64.11
7728,ORD07728,06-02-2024,South,,Corporate,Electronics,Monitor,2,299,0.05,568.1,129.57
7729,ORD07729,23-04-2024,East,,Consumer,Electronics,Laptop,9,999,0.15,7642.35,975.24
7730,ORD07730,03-01-2025,north,,Corporate,Electronics,Tablet,5,99,0.05,470.25,71.12
7731,ORD07731,27-07-2024,West,CUST2053,Home Office,Furniture,Chair,1,799,0.15,679.15,130.67
7732,ORD07732,30-03-2024,North,,Corporate,Furniture,Desk,4,299,0.1,1076.4,271.04
7733,ORD07733,27-04-2024,East,,Consumer,Furniture,Desk,3,149,0,447,80.1
7734,ORD07734,03-09-2024,WEST,,Consumer,Office Supplies,Phone,1,,0.1,134.1,34.14
7735,ORD07735,01-06-2024,north,,Consumer,Furniture,Headphones,2,999,,1998,311.06
7736,ORD07736,01-12-2025,West,,Corporate,Office Supplies,Monitor,4,999,,3996,481.06
7737,ORD07737,10-04-2024,West,,Consumer,Electronics,Phone,3,199,0.15,507.45,77.84
7738,ORD07738,27-01-2024,north,,Corporate,Office Supplies,Laptop,9,799,0.15,6112.35,1244.77
7739,ORD07739,17-12-2024,East,,Home Office,Furniture,Printer,2,149,0.05,283.1,28.66
7740,ORD07740,03-02-2025,South,CUST1806,Consumer,Furniture,Printer,10,999,0.15,8491.5,2226.04
7741,ORD07741,14-10-2025,WEST,,Home Office,Furniture,Monitor,6,299,0,1794,364.73
7742,ORD07742,20-05-2024,WEST,,Corporate,Electronics,Phone,7,299,0,2093,386.81
7743,ORD07743,11-11-2024,North,,Home Office,Electronics,Laptop,9,499,0.05,4266.45,948.19
7744,ORD07744,02-09-2024,West,CUST2403,Home Office,Office Supplies,Chair,2,99,0.15,168.3,41.42
7745,ORD07745,10-10-2025,north,,Consumer,Electronics,Laptop,8,999,0,7992,522.36
7746,ORD07746,16-09-2024,West,,Consumer,Electronics,Tablet,10,999,,9990,2629.93
7747,ORD07747,16-02-2024,WEST,,Corporate,Office Supplies,Laptop,,499,0.1,4491,1180.73
7748,ORD07748,26-12-2024,South,CUST1313,Consumer,Electronics,Laptop,1,499,0.1,449.1,79.44
7749,ORD07749,08-06-2025,East,,Corporate,Furniture,Laptop,5,299,0.05,1420.25,260.09
7750,ORD07750,26-02-2025,East,,Corporate,Furniture,Monitor,5,999,0.15,4245.75,427.79
7751,ORD07751,25-01-2025,South,,Consumer,Office Supplies,Monitor,10,799,,7990,1392.25
7752,ORD07752,08-09-2025,South,,Consumer,Furniture,Phone,3,149,0.1,402.3,92.54
7753,ORD07753,25-06-2024,North,,Consumer,Electronics,Headphones,3,199,0,597,164.82
7754,ORD07754,03-10-2024,South,,Home Office,Electronics,Printer,5,799,0.15,3395.75,506.31
7755,ORD07755,29-10-2024,North,CUST1549,Consumer,Electronics,Chair,6,999,0.15,5094.9,667.94
7756,ORD07756,23-01-2024,North,CUST1806,Home Office,Electronics,Tablet,6,499,0.1,2694.6,460.84
7757,ORD07757,30-01-2024,South,,Home Office,Office Supplies,Chair,10,199,0,1990,359.39
7758,ORD07758,21-04-2025,north,,Corporate,Furniture,Laptop,4,299,0,1196,152.13
7759,ORD07759,21-11-2024,East,,Corporate,Electronics,Headphones,4,299,,1196,115.94
7760,ORD07760,10-07-2024,WEST,,Home Office,Electronics,Laptop,5,149,0.1,670.5,52.93
7761,ORD07761,03-11-2024,West,,Home Office,Electronics,Printer,9,149,0,1341,67.74
7762,ORD07762,09-05-2025,South,,Corporate,Electronics,Laptop,2,149,,298,80.62
7763,ORD07763,05-02-2024,WEST,,Consumer,Furniture,Chair,9,199,0.05,1701.45,141.62
7764,ORD07764,19-03-2024,WEST,,Corporate,Furniture,Desk,3,299,0.15,762.45,50.25
7765,ORD07765,03-11-2025,West,,Corporate,Furniture,Phone,4,299,0.05,1136.2,322.89
7766,ORD07766,16-06-2024,north,,Consumer,Office Supplies,Chair,3,99,0.1,267.3,53.48
7767,ORD07767,09-12-2024,East,,Consumer,Electronics,Phone,6,999,0.15,5094.9,618.37
7768,ORD07768,27-04-2025,North,,Consumer,Office Supplies,Laptop,10,999,,9990,1463.26
7769,ORD07769,09-12-2024,North,,Corporate,Electronics,Printer,6,199,0.1,1074.6,217.65
7770,ORD07770,08-04-2025,north,,Home Office,Office Supplies,Headphones,10,299,0,2990,239.4
7771,ORD07771,25-09-2025,South,,Consumer,Furniture,Tablet,5,799,0.05,3795.25,465.36
7772,ORD07772,23-12-2025,East,CUST2246,Corporate,Furniture,Monitor,8,99,,792,178.42
7773,ORD07773,18-05-2025,north,CUST1942,Home Office,Furniture,Chair,5,299,,1495,165.01
7774,ORD07774,01-06-2025,north,,Home Office,Office Supplies,Headphones,4,99,0.1,356.4,79.49
7775,ORD07775,29-08-2024,East,CUST1683,Consumer,Furniture,Desk,10,299,0.05,2840.5,359.43
7776,ORD07776,09-05-2025,South,,Corporate,Furniture,Phone,9,799,,7191,521.35
7777,ORD07777,23-06-2024,WEST,CUST2992,Home Office,Office Supplies,Chair,4,99,0.15,336.6,68.47
7778,ORD07778,01-07-2024,South,CUST2324,Corporate,Office Supplies,Laptop,4,299,0.05,1136.2,326.59
7779,ORD07779,19-06-2024,South,CUST1929,Home Office,Electronics,Monitor,9,499,0.15,3817.35,425.94
7780,ORD07780,05-08-2024,South,CUST1524,Corporate,Office Supplies,Headphones,8,799,,6392,995.48
7781,ORD07781,18-05-2025,East,CUST2089,Consumer,Office Supplies,Monitor,3,499,0.1,1347.3,134.9
7782,ORD07782,01-04-2024,East,,Home Office,Furniture,Headphones,2,,0.05,1898.1,518.43
7783,ORD07783,04-12-2025,West,,Home Office,Furniture,Desk,7,99,0.15,589.05,92.76
7784,ORD07784,21-04-2024,WEST,,Home Office,Office Supplies,Desk,9,99,0.05,846.45,43.25
7785,ORD07785,28-11-2024,East,,Consumer,Electronics,Phone,4,99,0.1,356.4,47.91
7786,ORD07786,08-03-2024,north,,Corporate,Furniture,Phone,3,799,0.1,2157.3,378.11
7787,ORD07787,06-08-2024,North,,Home Office,Furniture,Headphones,6,799,0.05,4554.3,942.61
7788,ORD07788,18-04-2024,West,,Home Office,Office Supplies,Laptop,1,299,0.1,269.1,48.75
7789,ORD07789,15-09-2024,north,,Home Office,Office Supplies,Tablet,6,199,0.1,1074.6,307.9
7790,ORD07790,23-02-2024,North,,Home Office,Furniture,Headphones,9,499,,4491,1065.84
7791,ORD07791,11-03-2025,North,,Consumer,Furniture,Laptop,6,99,0.15,504.9,103.05
7792,ORD07792,03-10-2024,WEST,,Home Office,Office Supplies,Tablet,7,199,0,1393,225.78
7793,ORD07793,10-09-2024,South,,Home Office,Furniture,Tablet,3,99,0.1,267.3,15.97
7794,ORD07794,26-08-2024,WEST,,Corporate,Electronics,Chair,10,99,,990,130.06
7795,ORD07795,09-01-2024,WEST,,Consumer,Furniture,Monitor,10,999,0.05,9490.5,2255.52
7796,ORD07796,12-03-2024,South,CUST1268,Home Office,Furniture,Tablet,9,199,,1791,214.41
7797,ORD07797,12-01-2024,WEST,,Home Office,Electronics,Printer,8,149,0.05,1132.4,294.75
7798,ORD07798,27-03-2024,South,,Home Office,Office Supplies,Desk,7,799,,5593,1440.08
7799,ORD07799,16-03-2024,WEST,,Corporate,Furniture,Desk,8,799,0.1,5752.8,976.6
7800,ORD07800,05-04-2024,East,,Consumer,Electronics,Printer,7,799,0.05,5313.35,1121.96
7801,ORD07801,31-01-2025,East,,Home Office,Furniture,Phone,7,799,0,5593,649.51
7802,ORD07802,13-11-2024,East,,Corporate,Furniture,Headphones,10,149,,1490,435.38
7803,ORD07803,31-10-2024,north,CUST2825,Home Office,Furniture,Desk,2,999,0,1998,581.42
7804,ORD07804,17-02-2025,West,,Home Office,Furniture,Printer,4,799,,3196,554.5
7805,ORD07805,30-09-2024,East,,Home Office,Office Supplies,Monitor,4,149,0,596,62.85
7806,ORD07806,03-11-2025,WEST,,Consumer,Furniture,Tablet,1,799,0,799,69.39
7807,ORD07807,18-09-2025,north,,Corporate,Electronics,Phone,10,799,0.1,7191,919.66
7808,ORD07808,21-09-2024,South,,Consumer,Furniture,Tablet,2,99,,198,19.06
7809,ORD07809,05-02-2024,North,,Consumer,Office Supplies,Printer,5,499,0.1,2245.5,432.53
7810,ORD07810,28-02-2024,West,,Corporate,Electronics,Laptop,1,149,0.05,141.55,19.62
7811,ORD07811,04-07-2025,North,,Corporate,Furniture,Desk,8,149,0.1,1072.8,313.69
7812,ORD07812,17-02-2024,north,,Consumer,Electronics,Chair,5,999,0.05,4745.25,1184.28
7813,ORD07813,01-05-2024,West,,Corporate,Furniture,Printer,2,999,0.15,1698.3,201.89
7814,ORD07814,28-11-2024,north,,Home Office,Electronics,Headphones,2,799,0,1598,217.73
7815,ORD07815,24-12-2024,North,,Home Office,Electronics,Headphones,10,299,0.15,2541.5,204.21
7816,ORD07816,14-05-2024,South,,Consumer,Furniture,Chair,5,99,,495,93.44
7817,ORD07817,19-10-2024,WEST,CUST1422,Consumer,Office Supplies,Monitor,3,199,,597,38.39
7818,ORD07818,04-05-2024,north,,Consumer,Furniture,Desk,9,799,0.15,6112.35,1592.11
7819,ORD07819,21-11-2024,South,,Home Office,Furniture,Desk,6,299,,1794,209.98
7820,ORD07820,21-01-2025,WEST,CUST2931,Home Office,Electronics,Desk,1,99,0.1,89.1,9.06
7821,ORD07821,26-09-2024,North,,Corporate,Furniture,Phone,4,799,0.05,3036.2,902.98
7822,ORD07822,06-02-2024,West,,Consumer,Furniture,Phone,1,499,0.15,424.15,122.88
7823,ORD07823,15-08-2025,North,,Consumer,Furniture,Chair,5,,0,1495,323.99
7824,ORD07824,17-04-2025,north,,Consumer,Furniture,Desk,7,499,0,3493,805.68
7825,ORD07825,29-08-2025,North,CUST1118,Home Office,Office Supplies,Laptop,4,999,0.1,3596.4,958.71
7826,ORD07826,10-07-2025,East,CUST2411,Consumer,Office Supplies,Phone,4,199,0.15,676.6,132.39
7827,ORD07827,13-11-2025,North,CUST2652,Home Office,Electronics,Phone,1,149,0.1,134.1,25.75
7828,ORD07828,03-01-2025,WEST,,Corporate,Furniture,Desk,8,299,0.05,2272.4,197.63
7829,ORD07829,05-09-2024,WEST,,Consumer,Furniture,Phone,8,799,0.15,5433.2,626.82
7830,ORD07830,26-03-2024,north,,Corporate,Furniture,Headphones,6,99,0.1,534.6,95.57
7831,ORD07831,09-10-2024,West,CUST1508,Home Office,Office Supplies,Phone,4,999,0.15,3396.6,867.28
7832,ORD07832,30-12-2025,North,,Consumer,Furniture,Laptop,4,999,,3996,216.89
7833,ORD07833,12-10-2024,East,,Home Office,Furniture,Laptop,5,499,0.1,2245.5,641.46
7834,ORD07834,20-11-2025,East,CUST1952,Home Office,Office Supplies,Chair,6,499,0,2994,581.46
7835,ORD07835,30-06-2025,East,CUST2643,Home Office,Electronics,Tablet,8,299,0.15,2033.2,604.22
7836,ORD07836,15-09-2024,West,,Corporate,Office Supplies,Phone,10,799,0,7990,1394.95
7837,ORD07837,08-01-2024,South,,Corporate,Electronics,Monitor,3,149,0.1,402.3,36.14
7838,ORD07838,17-08-2024,WEST,,Consumer,Office Supplies,Desk,3,149,0.15,379.95,57.57
7839,ORD07839,25-01-2024,South,,Home Office,Electronics,Desk,10,799,0,7990,1149.51
7840,ORD07840,02-09-2024,North,,Consumer,Electronics,Chair,3,999,0.15,2547.45,537.39
7841,ORD07841,21-03-2024,North,CUST2802,Corporate,Office Supplies,Laptop,5,99,0.05,470.25,74.24
7842,ORD07842,22-01-2025,WEST,CUST1179,Consumer,Electronics,Phone,2,199,0.1,358.2,53.73
7843,ORD07843,08-02-2025,South,CUST1817,Consumer,Office Supplies,Monitor,9,99,,891,123.99
7844,ORD07844,18-06-2024,East,CUST2261,Consumer,Furniture,Headphones,9,99,0,891,103.88
7845,ORD07845,03-06-2025,north,,Consumer,Furniture,Headphones,4,199,0.15,676.6,66.48
7846,ORD07846,10-06-2025,West,,Consumer,Office Supplies,Tablet,10,149,0.1,1341,386.46
7847,ORD07847,05-10-2024,South,,Home Office,Office Supplies,Monitor,1,499,0.15,424.15,114.8
7848,ORD07848,18-09-2025,South,CUST1087,Consumer,Electronics,Tablet,7,199,0,1393,202.44
7849,ORD07849,04-09-2025,WEST,CUST1522,Corporate,Furniture,Laptop,1,199,0.1,179.1,14.63
7850,ORD07850,26-03-2024,East,,Consumer,Electronics,Phone,4,99,0.1,356.4,40.91
7851,ORD07851,06-03-2025,North,,Corporate,Electronics,Phone,5,199,0.1,895.5,114.71
7852,ORD07852,07-06-2024,West,,Corporate,Office Supplies,Printer,6,99,0.05,564.3,100.36
7853,ORD07853,28-03-2024,East,,Corporate,Electronics,Tablet,6,299,0,1794,385.84
7854,ORD07854,17-10-2025,East,,Consumer,Furniture,Tablet,7,299,0.05,1988.35,451.62
7855,ORD07855,08-11-2024,West,CUST2836,Corporate,Office Supplies,Desk,7,499,0,3493,733.84
7856,ORD07856,05-04-2024,East,,Home Office,Electronics,Laptop,2,499,0.05,948.1,86.91
7857,ORD07857,04-11-2025,South,,Consumer,Furniture,Phone,3,799,,2397,510.4
7858,ORD07858,28-05-2024,West,,Corporate,Office Supplies,Tablet,6,199,,1194,102.28
7859,ORD07859,19-04-2024,East,CUST1226,Consumer,Electronics,Printer,2,199,0.1,358.2,45.16
7860,ORD07860,24-01-2024,WEST,,Consumer,Furniture,Monitor,6,299,0.15,1524.9,298.94
7861,ORD07861,25-03-2025,East,,Consumer,Electronics,Headphones,2,99,0.15,168.3,8.67
7862,ORD07862,18-04-2025,South,,Corporate,Furniture,Phone,3,999,,2997,437.2
7863,ORD07863,11-11-2025,West,CUST2798,Home Office,Electronics,Laptop,5,499,0.05,2370.25,555.54
7864,ORD07864,12-08-2025,South,,Consumer,Office Supplies,Tablet,1,,0.1,269.1,61.67
7865,ORD07865,15-01-2025,West,CUST2593,Consumer,Office Supplies,Phone,3,499,0.05,1422.15,299.41
7866,ORD07866,25-05-2025,WEST,,Home Office,Furniture,Tablet,5,199,,995,271.51
7867,ORD07867,13-04-2025,East,,Consumer,Office Supplies,Printer,3,999,0.15,2547.45,585.9
7868,ORD07868,14-09-2024,East,,Corporate,Furniture,Monitor,8,299,0,2392,240.73
7869,ORD07869,09-02-2024,north,CUST1852,Corporate,Office Supplies,Desk,9,149,0.05,1273.95,143.44
7870,ORD07870,07-05-2025,East,,Corporate,Furniture,Monitor,8,99,,792,141.54
7871,ORD07871,23-12-2024,WEST,,Corporate,Office Supplies,Tablet,2,299,0.1,538.2,102.34
7872,ORD07872,12-06-2025,South,,Home Office,Office Supplies,Chair,10,149,,1490,75.39
7873,ORD07873,06-08-2025,West,,Consumer,Office Supplies,Phone,2,299,0.05,568.1,51.19
7874,ORD07874,01-12-2025,South,,Home Office,Furniture,Monitor,10,299,0.15,2541.5,220.47
7875,ORD07875,25-05-2024,North,CUST1527,Corporate,Electronics,Monitor,6,499,0.15,2544.9,366.64
7876,ORD07876,31-05-2025,north,,Corporate,Electronics,Chair,7,299,,2093,127.78
7877,ORD07877,04-09-2025,WEST,,Corporate,Furniture,Chair,3,199,0.05,567.15,113.1
7878,ORD07878,21-04-2024,West,CUST2065,Corporate,Office Supplies,Desk,1,999,0.05,949.05,161.43
7879,ORD07879,29-11-2024,North,,Corporate,Office Supplies,Desk,5,999,0.1,4495.5,833.17
7880,ORD07880,28-11-2024,WEST,,Consumer,Office Supplies,Monitor,5,99,0,495,61.81
7881,ORD07881,16-06-2025,North,CUST2868,Consumer,Office Supplies,Desk,8,299,0,2392,189.45
7882,ORD07882,29-02-2024,WEST,,Home Office,Furniture,Monitor,2,99,0.05,188.1,33.4
7883,ORD07883,21-05-2025,East,,Home Office,Furniture,Monitor,5,199,0.15,845.75,138.77
7884,ORD07884,21-06-2024,West,,Home Office,Office Supplies,Chair,3,999,0.15,2547.45,549.93
7885,ORD07885,25-04-2024,South,CUST1990,Home Office,Furniture,Laptop,4,149,0.1,536.4,153.58
7886,ORD07886,06-05-2024,East,,Consumer,Electronics,Tablet,8,999,0,7992,2226.4
7887,ORD07887,13-04-2024,WEST,,Home Office,Electronics,Monitor,5,149,0.05,707.75,52.87
7888,ORD07888,09-06-2024,North,CUST1626,Consumer,Furniture,Monitor,4,199,,796,175.24
7889,ORD07889,10-10-2025,West,,Consumer,Office Supplies,Chair,5,149,0.15,633.25,80.45
7890,ORD07890,30-03-2025,East,,Corporate,Furniture,Laptop,10,799,0.15,6791.5,1752.71
7891,ORD07891,19-08-2024,East,,Consumer,Electronics,Laptop,8,149,0.15,1013.2,129.24
7892,ORD07892,03-03-2025,North,,Corporate,Electronics,Chair,8,99,,792,78.42
7893,ORD07893,10-03-2024,East,CUST2270,Consumer,Electronics,Tablet,1,99,0.05,94.05,7.96
7894,ORD07894,15-10-2024,north,,Home Office,Office Supplies,Desk,2,499,0.05,948.1,161.88
7895,ORD07895,30-08-2024,West,,Consumer,Office Supplies,Tablet,,299,0,1196,263.02
7896,ORD07896,18-10-2025,north,CUST2160,Home Office,Office Supplies,Chair,9,799,0.1,6471.9,469.5
7897,ORD07897,13-08-2024,West,CUST2951,Corporate,Furniture,Headphones,8,799,0.15,5433.2,509.04
7898,ORD07898,22-06-2025,North,CUST1366,Corporate,Office Supplies,Tablet,6,99,0,594,63.42
7899,ORD07899,01-08-2025,East,,Corporate,Furniture,Desk,1,149,0.1,134.1,16.07
7900,ORD07900,02-12-2025,East,CUST2441,Home Office,Electronics,Phone,1,299,,299,34.73
7901,ORD07901,11-12-2024,West,,Corporate,Electronics,Tablet,3,199,0.15,507.45,102.92
7902,ORD07902,05-12-2025,West,,Home Office,Office Supplies,Laptop,10,299,0.1,2691,139.16
7903,ORD07903,16-02-2024,West,CUST1817,Corporate,Furniture,Chair,6,499,0.05,2844.3,215.63
7904,ORD07904,07-02-2024,West,CUST2992,Corporate,Electronics,Headphones,8,999,0.05,7592.4,1029.43
7905,ORD07905,21-03-2025,West,,Home Office,Office Supplies,Monitor,10,199,0.15,1691.5,154.61
7906,ORD07906,05-03-2024,West,,Consumer,Office Supplies,Phone,7,999,0.05,6643.35,1916.81
7907,ORD07907,17-04-2024,East,,Home Office,Office Supplies,Printer,10,799,0.05,7590.5,2095.73
7908,ORD07908,16-09-2024,north,,Corporate,Office Supplies,Monitor,7,199,0.05,1323.35,245.51
7909,ORD07909,01-11-2024,WEST,,Home Office,Office Supplies,Desk,7,999,,6993,420.34
7910,ORD07910,22-09-2024,North,CUST2089,Home Office,Electronics,Monitor,8,499,0.15,3393.2,637.57
7911,ORD07911,04-12-2024,north,,Home Office,Office Supplies,Monitor,4,299,0.15,1016.6,180.6
7912,ORD07912,08-10-2025,north,CUST1564,Consumer,Office Supplies,Printer,10,149,0.05,1415.5,262.74
7913,ORD07913,14-01-2024,West,,Home Office,Office Supplies,Headphones,10,149,0.05,1415.5,379.87
7914,ORD07914,31-05-2025,South,,Corporate,Electronics,Phone,2,149,0.15,253.3,17.7
7915,ORD07915,11-06-2025,West,,Corporate,Electronics,Laptop,4,499,,1996,205.23
7916,ORD07916,30-11-2025,north,CUST1410,Consumer,Furniture,Phone,3,999,,2997,861.46
7917,ORD07917,14-05-2025,South,,Consumer,Furniture,Tablet,4,499,,1996,181.11
7918,ORD07918,14-11-2024,South,,Corporate,Furniture,Laptop,8,149,0.05,1132.4,302.36
7919,ORD07919,28-03-2025,North,,Home Office,Furniture,Laptop,5,99,0.1,445.5,23.85
7920,ORD07920,12-06-2024,South,CUST1750,Home Office,Electronics,Laptop,2,99,0.1,178.2,12.95
7921,ORD07921,04-04-2025,East,,Home Office,Furniture,Desk,9,999,0.1,8091.9,1456.43
7922,ORD07922,16-04-2024,West,,Home Office,Electronics,Tablet,9,499,,4491,566.83
7923,ORD07923,29-10-2024,WEST,CUST2412,Consumer,Furniture,Desk,9,99,,891,44.65
7924,ORD07924,13-02-2024,North,,Corporate,Electronics,Tablet,3,799,,2397,369.11
7925,ORD07925,05-11-2024,South,,Consumer,Electronics,Printer,3,199,0.15,507.45,103.21
7926,ORD07926,12-11-2024,north,CUST1266,Home Office,Furniture,Monitor,2,999,0.15,1698.3,314.17
7927,ORD07927,24-05-2024,WEST,CUST2978,Home Office,Furniture,Phone,8,199,0.1,1432.8,314.88
7928,ORD07928,20-03-2025,South,,Corporate,Office Supplies,Phone,8,99,0.15,673.2,155.3
7929,ORD07929,07-09-2025,East,,Home Office,Furniture,Headphones,2,499,0,998,115.65
7930,ORD07930,02-10-2024,North,CUST2653,Home Office,Electronics,Phone,,149,,1192,131.98
7931,ORD07931,10-09-2025,north,,Consumer,Furniture,Phone,10,799,0.05,7590.5,1106.28
7932,ORD07932,24-05-2025,West,CUST1629,Home Office,Office Supplies,Headphones,8,99,,792,116.87
7933,ORD07933,22-05-2024,north,,Corporate,Office Supplies,Tablet,5,99,,495,65.15
7934,ORD07934,20-01-2025,West,,Home Office,Furniture,Monitor,2,199,0.15,338.3,22.49
7935,ORD07935,11-07-2025,West,,Home Office,Furniture,Chair,,799,0,7990,2045.23
7936,ORD07936,07-01-2025,north,CUST2635,Corporate,Furniture,Tablet,5,799,0,3995,836.42
7937,ORD07937,24-11-2024,West,,Home Office,Electronics,Chair,9,99,,891,62.16
7938,ORD07938,12-01-2024,East,CUST1065,Home Office,Office Supplies,Printer,8,299,0.15,2033.2,145.54
7939,ORD07939,21-10-2024,WEST,,Consumer,Office Supplies,Tablet,3,299,0.05,852.15,86.67
7940,ORD07940,06-03-2024,north,,Consumer,Office Supplies,Phone,3,499,0.15,1272.45,331.08
7941,ORD07941,29-02-2024,WEST,,Corporate,Office Supplies,Phone,9,299,,2691,678.95
7942,ORD07942,18-09-2025,West,,Home Office,Office Supplies,Tablet,2,499,0.05,948.1,154.58
7943,ORD07943,15-03-2024,East,CUST1583,Consumer,Electronics,Desk,3,799,,2397,139.67
7944,ORD07944,28-01-2025,West,CUST1579,Consumer,Office Supplies,Headphones,2,499,0,998,140.76
7945,ORD07945,05-03-2025,WEST,,Consumer,Electronics,Desk,6,299,0.05,1704.3,325.1
7946,ORD07946,13-05-2024,WEST,,Home Office,Office Supplies,Laptop,6,99,0.05,564.3,98.29
7947,ORD07947,19-08-2024,South,CUST1680,Consumer,Office Supplies,Chair,2,,0.15,1358.3,105.05
7948,ORD07948,12-11-2024,north,CUST2390,Home Office,Furniture,Monitor,8,999,,7992,2106.36
7949,ORD07949,12-08-2024,north,,Consumer,Furniture,Phone,4,199,0,796,232.38
7950,ORD07950,29-06-2025,West,,Consumer,Furniture,Tablet,4,149,0,596,81.08
7951,ORD07951,19-08-2025,North,,Home Office,Furniture,Desk,8,999,0,7992,414.7
7952,ORD07952,19-04-2024,north,,Home Office,Electronics,Printer,9,499,0.05,4266.45,375.56
7953,ORD07953,16-06-2024,West,,Consumer,Electronics,Headphones,2,149,0,298,43.26
7954,ORD07954,16-10-2024,South,,Home Office,Electronics,Phone,8,999,,7992,2340.98
7955,ORD07955,27-08-2025,West,CUST2381,Consumer,Office Supplies,Monitor,9,199,,1791,328.76
7956,ORD07956,24-10-2024,North,CUST1810,Home Office,Office Supplies,Desk,8,999,,7992,1212.61
7957,ORD07957,06-09-2024,WEST,,Home Office,Electronics,Phone,9,499,0,4491,947.58
7958,ORD07958,11-06-2025,South,,Corporate,Furniture,Laptop,4,799,,3196,897.44
7959,ORD07959,02-08-2025,WEST,,Home Office,Office Supplies,Chair,2,999,,1998,495.21
7960,ORD07960,29-04-2025,north,,Home Office,Electronics,Printer,9,799,0.15,6112.35,828.21
7961,ORD07961,14-02-2025,north,,Home Office,Furniture,Laptop,1,149,0.1,134.1,20.26
7962,ORD07962,29-06-2025,North,,Consumer,Office Supplies,Printer,6,999,0.1,5394.6,922.89
7963,ORD07963,13-10-2025,East,CUST2638,Consumer,Office Supplies,Tablet,5,149,0.15,633.25,126.33
7964,ORD07964,20-12-2025,West,,Home Office,Office Supplies,Printer,5,799,0.05,3795.25,398.95
7965,ORD07965,31-01-2025,South,,Corporate,Electronics,Monitor,6,999,,5994,1236.68
7966,ORD07966,02-08-2024,East,,Corporate,Electronics,Printer,5,99,0.1,445.5,106.03
7967,ORD07967,03-09-2024,WEST,,Home Office,Furniture,Headphones,5,999,0.15,4245.75,248.9
7968,ORD07968,11-11-2025,north,,Consumer,Office Supplies,Desk,3,299,0,897,227.6
7969,ORD07969,15-01-2024,South,,Consumer,Electronics,Headphones,6,99,0.05,564.3,84.83
7970,ORD07970,27-10-2025,South,,Corporate,Furniture,Desk,3,199,0.05,567.15,64.7
7971,ORD07971,02-09-2025,north,,Home Office,Electronics,Monitor,2,999,0.15,1698.3,294.6
7972,ORD07972,31-12-2025,East,,Consumer,Office Supplies,Chair,3,99,,297,88.38
7973,ORD07973,27-03-2024,north,CUST1026,Consumer,Office Supplies,Phone,4,149,0,596,94.73
7974,ORD07974,05-07-2024,South,,Corporate,Electronics,Laptop,6,499,0.15,2544.9,154.14
7975,ORD07975,30-10-2024,north,,Corporate,Office Supplies,Tablet,3,799,,2397,273.88
7976,ORD07976,11-03-2024,north,,Consumer,Office Supplies,Monitor,10,299,,2990,432.3
7977,ORD07977,31-10-2025,West,CUST1851,Consumer,Electronics,Laptop,1,149,0,149,16.17
7978,ORD07978,13-03-2025,North,CUST2851,Home Office,Electronics,Phone,2,149,0.05,283.1,40
7979,ORD07979,21-10-2024,north,,Consumer,Electronics,Tablet,9,199,0.05,1701.45,91.96
7980,ORD07980,12-09-2025,West,,Home Office,Furniture,Phone,6,299,0.15,1524.9,306.34
7981,ORD07981,12-08-2024,West,,Home Office,Furniture,Monitor,4,199,,796,55.31
7982,ORD07982,17-12-2024,East,,Home Office,Office Supplies,Tablet,5,199,0.1,895.5,189.34
7983,ORD07983,29-04-2025,West,CUST2018,Corporate,Furniture,Monitor,4,799,0,3196,908.78
7984,ORD07984,11-10-2024,West,,Corporate,Office Supplies,Laptop,7,99,0.05,658.35,166.9
7985,ORD07985,30-05-2024,South,,Consumer,Furniture,Desk,6,99,0.05,564.3,30.58
7986,ORD07986,03-03-2025,West,,Home Office,Office Supplies,Laptop,5,149,,745,195.08
7987,ORD07987,03-06-2025,WEST,,Consumer,Office Supplies,Monitor,9,999,0,8991,703.38
7988,ORD07988,05-04-2024,WEST,,Consumer,Electronics,Chair,9,499,0.15,3817.35,995.46
7989,ORD07989,15-11-2024,WEST,,Home Office,Furniture,Tablet,6,149,0.15,759.9,98.45
7990,ORD07990,18-01-2025,West,CUST1951,Corporate,Office Supplies,Desk,10,199,0.05,1890.5,195.11
7991,ORD07991,30-11-2024,West,,Corporate,Electronics,Headphones,2,,,198,20.74
7992,ORD07992,04-08-2025,North,,Corporate,Furniture,Tablet,9,799,,7191,2101.07
7993,ORD07993,28-02-2024,North,,Corporate,Office Supplies,Laptop,5,999,0.05,4745.25,861.99
7994,ORD07994,27-02-2024,WEST,,Corporate,Furniture,Chair,2,999,0,1998,337.12
7995,ORD07995,27-08-2024,East,,Home Office,Furniture,Monitor,5,99,0.05,470.25,67.17
7996,ORD07996,08-05-2025,north,,Consumer,Furniture,Printer,7,99,,693,46.35
7997,ORD07997,12-07-2024,South,,Consumer,Electronics,Tablet,5,499,0,2495,240.29
7998,ORD07998,25-01-2024,North,,Consumer,Furniture,Headphones,3,299,0.15,762.45,56.02
7999,ORD07999,03-09-2025,north,CUST2585,Home Office,Furniture,Tablet,8,149,0.05,1132.4,285.3
8000,ORD08000,09-02-2024,north,,Consumer,Electronics,Phone,3,799,,2397,169.6
8001,ORD08001,19-08-2024,North,,Consumer,Office Supplies,Printer,4,499,0,1996,183.99
8002,ORD08002,02-10-2025,East,,Home Office,Furniture,Laptop,8,199,0,1592,225.75
8003,ORD08003,21-10-2024,East,CUST2658,Corporate,Office Supplies,Printer,1,,0,299,18.72
8004,ORD08004,02-10-2024,WEST,CUST1396,Consumer,Furniture,Monitor,4,199,,796,214.52
8005,ORD08005,06-01-2025,East,,Consumer,Electronics,Monitor,10,149,0,1490,221.78
8006,ORD08006,19-01-2024,South,,Consumer,Electronics,Printer,3,299,0,897,244.3
8007,ORD08007,08-04-2025,WEST,,Corporate,Electronics,Laptop,6,149,0.15,759.9,143.88
8008,ORD08008,15-03-2024,West,CUST2720,Home Office,Furniture,Monitor,4,999,0.1,3596.4,669.97
8009,ORD08009,31-07-2024,North,CUST1075,Corporate,Electronics,Headphones,2,99,,198,32.42
8010,ORD08010,18-09-2025,North,,Corporate,Office Supplies,Monitor,7,499,0.1,3143.7,204.57
8011,ORD08011,13-08-2024,North,,Home Office,Electronics,Desk,3,999,,2997,205.46
8012,ORD08012,15-11-2024,South,,Corporate,Electronics,Printer,9,299,0.15,2287.35,392.1
8013,ORD08013,04-09-2025,north,,Home Office,Furniture,Headphones,9,99,,891,188.15
8014,ORD08014,16-09-2025,North,CUST1778,Home Office,Office Supplies,Phone,7,299,0.05,1988.35,103.32
8015,ORD08015,19-07-2025,north,,Home Office,Furniture,Laptop,6,499,0.1,2694.6,430.91
8016,ORD08016,05-11-2025,North,CUST2048,Home Office,Electronics,Printer,5,149,0.05,707.75,172.71
8017,ORD08017,26-05-2024,East,CUST2494,Corporate,Office Supplies,Printer,9,999,0.15,7642.35,528.23
8018,ORD08018,20-04-2025,WEST,,Corporate,Electronics,Monitor,8,499,0.15,3393.2,677.18
8019,ORD08019,10-04-2024,East,CUST1652,Home Office,Office Supplies,Monitor,9,999,0.1,8091.9,1493.02
8020,ORD08020,13-11-2024,West,,Consumer,Electronics,Monitor,10,199,,1990,263.77
8021,ORD08021,14-10-2024,East,,Consumer,Office Supplies,Tablet,8,99,,792,226.02
8022,ORD08022,17-09-2025,South,,Corporate,Furniture,Phone,2,499,,998,205.09
8023,ORD08023,01-11-2025,North,,Home Office,Office Supplies,Tablet,5,299,0,1495,364.04
8024,ORD08024,06-05-2025,West,CUST1067,Corporate,Office Supplies,Laptop,6,999,0,5994,1483.98
8025,ORD08025,14-05-2025,north,,Consumer,Furniture,Laptop,4,499,0.05,1896.2,388.06
8026,ORD08026,07-08-2024,South,CUST2011,Corporate,Office Supplies,Desk,8,,0,6392,1275.27
8027,ORD08027,05-03-2025,North,,Consumer,Electronics,Phone,9,199,0.1,1611.9,184.28
8028,ORD08028,23-09-2025,WEST,,Consumer,Office Supplies,Headphones,4,799,,3196,681.63
8029,ORD08029,19-03-2025,East,CUST1546,Home Office,Furniture,Desk,6,149,0.15,759.9,127.08
8030,ORD08030,07-10-2025,West,CUST2730,Corporate,Office Supplies,Desk,1,,0.15,679.15,121.49
8031,ORD08031,04-05-2024,WEST,CUST2420,Home Office,Furniture,Monitor,5,299,0,1495,107.82
8032,ORD08032,22-05-2024,north,,Corporate,Office Supplies,Phone,7,199,0.15,1184.05,317.39
8033,ORD08033,19-07-2024,East,,Home Office,Electronics,Monitor,6,199,0.05,1134.3,138.95
8034,ORD08034,14-02-2024,West,CUST1905,Corporate,Office Supplies,Monitor,9,999,0.1,8091.9,1541.18
8035,ORD08035,22-08-2025,South,,Corporate,Electronics,Headphones,7,799,0.1,5033.7,1188.6
8036,ORD08036,08-12-2024,WEST,CUST2231,Consumer,Furniture,Tablet,3,499,0.15,1272.45,285.84
8037,ORD08037,17-06-2025,South,CUST1945,Home Office,Furniture,Tablet,3,499,0,1497,154.4
8038,ORD08038,07-05-2025,north,,Corporate,Furniture,Monitor,10,199,0.1,1791,335.56
8039,ORD08039,22-10-2025,East,,Corporate,Office Supplies,Monitor,7,999,0.15,5944.05,1723.4
8040,ORD08040,17-06-2025,South,,Home Office,Furniture,Headphones,4,499,0.1,1796.4,234.18
8041,ORD08041,16-02-2024,WEST,,Consumer,Office Supplies,Chair,1,499,0.05,474.05,119.01
8042,ORD08042,24-02-2025,north,CUST1085,Consumer,Furniture,Desk,5,799,0,3995,360.46
8043,ORD08043,27-03-2025,North,,Consumer,Office Supplies,Printer,7,999,0,6993,827.05
8044,ORD08044,12-11-2025,East,,Consumer,Electronics,Desk,,99,0.1,534.6,97.5
8045,ORD08045,27-02-2025,East,CUST1816,Corporate,Electronics,Chair,2,199,0.15,338.3,43.78
8046,ORD08046,03-11-2025,East,,Home Office,Electronics,Monitor,8,499,0,3992,277.64
8047,ORD08047,06-02-2024,South,,Home Office,Office Supplies,Tablet,2,999,,1998,491.5
8048,ORD08048,29-05-2024,East,,Consumer,Office Supplies,Chair,3,299,0.15,762.45,105.87
8049,ORD08049,31-08-2024,South,,Home Office,Office Supplies,Headphones,1,199,0.15,169.15,26.61
8050,ORD08050,23-01-2025,West,,Consumer,Office Supplies,Desk,7,299,0.05,1988.35,494.22
8051,ORD08051,10-10-2025,North,,Consumer,Furniture,Phone,7,299,0.15,1779.05,385.62
8052,ORD08052,08-07-2025,north,,Corporate,Furniture,Laptop,3,999,,2997,787.92
8053,ORD08053,08-07-2024,north,CUST2609,Home Office,Furniture,Tablet,4,499,0.1,1796.4,383.31
8054,ORD08054,30-12-2025,north,CUST1640,Corporate,Electronics,Desk,10,499,0.05,4740.5,290.83
8055,ORD08055,19-07-2024,West,CUST1850,Consumer,Office Supplies,Tablet,7,199,0,1393,399.43
8056,ORD08056,17-12-2024,East,,Corporate,Furniture,Desk,2,999,0.15,1698.3,259.17
8057,ORD08057,11-08-2024,WEST,,Consumer,Office Supplies,Headphones,7,299,,2093,292.62
8058,ORD08058,06-09-2025,South,,Corporate,Furniture,Laptop,6,149,,894,94.15
8059,ORD08059,17-09-2024,north,,Home Office,Furniture,Chair,2,149,,298,80.5
8060,ORD08060,23-12-2025,north,CUST2267,Corporate,Electronics,Headphones,6,299,0.1,1614.6,163
8061,ORD08061,17-04-2024,North,CUST1953,Consumer,Electronics,Printer,7,99,0.05,658.35,146.87
8062,ORD08062,06-04-2025,North,,Corporate,Office Supplies,Monitor,1,799,0.05,759.05,96.14
8063,ORD08063,28-09-2024,WEST,CUST2353,Home Office,Furniture,Phone,3,799,0,2397,156.38
8064,ORD08064,11-09-2024,North,,Consumer,Furniture,Headphones,6,149,0.05,849.3,213.97
8065,ORD08065,02-05-2024,South,,Home Office,Furniture,Desk,8,499,,3992,1025.38
8066,ORD08066,23-11-2024,North,CUST1187,Consumer,Electronics,Tablet,10,299,0.15,2541.5,596.46
8067,ORD08067,21-03-2024,North,CUST1833,Consumer,Electronics,Monitor,5,499,0,2495,298.1
8068,ORD08068,05-09-2024,South,,Consumer,Furniture,Desk,5,149,0,745,90.48
8069,ORD08069,07-01-2024,WEST,,Corporate,Electronics,Headphones,3,499,0.1,1347.3,176.26
8070,ORD08070,04-04-2024,East,CUST2602,Corporate,Office Supplies,Desk,7,499,0,3493,703.81
8071,ORD08071,10-04-2025,South,CUST1434,Home Office,Electronics,Laptop,1,499,0.15,424.15,49.54
8072,ORD08072,15-07-2025,WEST,,Consumer,Furniture,Headphones,8,299,,2392,544.28
8073,ORD08073,07-12-2025,West,,Home Office,Electronics,Monitor,6,149,0.15,759.9,120.68
8074,ORD08074,01-03-2025,North,CUST2010,Home Office,Office Supplies,Headphones,1,99,0.15,84.15,24.07
8075,ORD08075,11-07-2024,WEST,,Home Office,Electronics,Tablet,3,299,,897,123.08
8076,ORD08076,22-01-2025,West,,Corporate,Office Supplies,Desk,9,299,0,2691,520.56
8077,ORD08077,06-09-2025,north,,Home Office,Office Supplies,Desk,5,149,0.15,633.25,102.89
8078,ORD08078,23-10-2025,South,CUST2718,Home Office,Furniture,Desk,9,499,0.15,3817.35,375.21
8079,ORD08079,17-10-2024,West,CUST2533,Consumer,Electronics,Phone,8,499,0.1,3592.8,926.16
8080,ORD08080,14-07-2025,West,,Home Office,Furniture,Chair,7,799,0.15,4754.05,370.52
8081,ORD08081,02-10-2024,South,CUST2016,Consumer,Electronics,Phone,6,199,0.15,1014.9,271.15
8082,ORD08082,12-09-2024,North,CUST1778,Home Office,Furniture,Headphones,2,299,0.15,508.3,106.71
8083,ORD08083,22-07-2024,WEST,,Consumer,Furniture,Tablet,6,99,0.05,564.3,150.15
8084,ORD08084,19-12-2025,North,CUST2093,Corporate,Office Supplies,Phone,6,799,0.05,4554.3,822.46
8085,ORD08085,29-12-2024,West,CUST2902,Corporate,Furniture,Chair,1,299,,299,89.37
8086,ORD08086,27-06-2024,north,,Corporate,Electronics,Tablet,5,149,0.15,633.25,140.15
8087,ORD08087,01-06-2024,South,CUST1580,Home Office,Office Supplies,Printer,5,299,,1495,261.95
8088,ORD08088,27-12-2024,West,CUST1723,Home Office,Furniture,Headphones,9,499,0.05,4266.45,960.55
8089,ORD08089,18-08-2024,East,,Home Office,Electronics,Chair,8,199,0.1,1432.8,282.57
8090,ORD08090,11-02-2024,North,,Consumer,Office Supplies,Laptop,9,99,0.05,846.45,216.61
8091,ORD08091,05-12-2025,North,CUST1528,Consumer,Electronics,Phone,9,499,0,4491,1281.54
8092,ORD08092,06-06-2024,north,,Home Office,Electronics,Laptop,7,149,0.05,990.85,151.16
8093,ORD08093,05-03-2025,WEST,,Consumer,Office Supplies,Laptop,5,999,0.15,4245.75,1117.17
8094,ORD08094,19-08-2025,north,CUST2317,Home Office,Electronics,Phone,3,999,0.1,2697.3,394.48
8095,ORD08095,23-02-2024,North,CUST1697,Consumer,Office Supplies,Desk,7,499,0,3493,466.04
8096,ORD08096,21-03-2025,North,,Consumer,Office Supplies,Monitor,7,999,0,6993,1883.28
8097,ORD08097,10-08-2025,North,,Home Office,Office Supplies,Monitor,6,499,0.05,2844.3,684.13
8098,ORD08098,25-12-2025,WEST,,Home Office,Electronics,Headphones,8,999,,7992,1793.04
8099,ORD08099,22-04-2025,South,,Corporate,Furniture,Printer,9,99,0.1,801.9,85.9
8100,ORD08100,03-11-2024,South,,Consumer,Electronics,Tablet,6,999,0.05,5694.3,402.43
8101,ORD08101,25-09-2025,north,,Home Office,Office Supplies,Desk,2,199,0,398,116.03
8102,ORD08102,15-08-2024,South,,Corporate,Electronics,Monitor,9,99,0.1,801.9,219.58
8103,ORD08103,11-05-2024,North,,Home Office,Furniture,Headphones,8,149,0,1192,265.24
8104,ORD08104,19-03-2024,north,CUST1536,Home Office,Office Supplies,Chair,10,799,,7990,1234.9
8105,ORD08105,27-06-2025,West,,Consumer,Furniture,Tablet,3,799,0.05,2277.15,234.83
8106,ORD08106,19-02-2024,north,CUST2716,Home Office,Electronics,Monitor,3,799,,2397,319.92
8107,ORD08107,01-12-2025,South,,Corporate,Furniture,Headphones,6,799,0.1,4314.6,1094.03
8108,ORD08108,17-09-2025,North,CUST2884,Home Office,Furniture,Chair,3,299,0.1,807.3,132.05
8109,ORD08109,04-09-2025,north,,Corporate,Furniture,Laptop,7,499,,3493,946.97
8110,ORD08110,23-01-2024,South,,Corporate,Office Supplies,Printer,6,999,0.1,5394.6,766.78
8111,ORD08111,12-02-2024,north,,Home Office,Furniture,Laptop,5,149,0.1,670.5,113.87
8112,ORD08112,28-01-2024,North,,Home Office,Electronics,Desk,5,499,0.05,2370.25,392.67
8113,ORD08113,17-09-2024,North,,Corporate,Office Supplies,Tablet,3,99,0.1,267.3,13.93
8114,ORD08114,22-08-2024,West,,Consumer,Furniture,Monitor,1,499,0.1,449.1,121.83
8115,ORD08115,17-11-2024,West,,Corporate,Office Supplies,Desk,3,99,0.15,252.45,36.95
8116,ORD08116,16-12-2024,East,,Consumer,Electronics,Printer,9,299,0.05,2556.45,552.92
8117,ORD08117,20-06-2025,North,,Home Office,Office Supplies,Tablet,1,999,0.15,849.15,174.44
8118,ORD08118,19-10-2024,East,,Consumer,Furniture,Laptop,5,499,0.15,2120.75,587.75
8119,ORD08119,17-09-2025,north,,Corporate,Electronics,Monitor,6,999,,5994,1008.77
8120,ORD08120,24-03-2024,north,CUST1125,Home Office,Furniture,Chair,3,199,,597,102.92
8121,ORD08121,06-12-2025,West,CUST2829,Home Office,Office Supplies,Chair,7,799,0.1,5033.7,1353.5
8122,ORD08122,24-02-2025,north,,Home Office,Office Supplies,Chair,6,199,0.1,1074.6,216.2
8123,ORD08123,26-11-2025,South,CUST1500,Corporate,Office Supplies,Chair,7,799,0,5593,1601.42
8124,ORD08124,20-03-2025,East,,Consumer,Furniture,Printer,7,149,,1043,85.07
8125,ORD08125,05-12-2025,North,CUST2841,Consumer,Furniture,Desk,6,499,,2994,156.19
8126,ORD08126,13-04-2024,North,,Corporate,Electronics,Headphones,5,149,,745,103.85
8127,ORD08127,04-11-2025,East,,Corporate,Electronics,Tablet,6,999,0,5994,409.63
8128,ORD08128,14-09-2024,north,,Corporate,Office Supplies,Monitor,6,799,,4794,823.49
8129,ORD08129,13-12-2025,WEST,,Corporate,Office Supplies,Printer,4,999,0,3996,360.73
8130,ORD08130,12-09-2025,West,CUST1350,Corporate,Electronics,Desk,3,799,0.15,2037.45,555.66
8131,ORD08131,05-11-2025,South,,Home Office,Furniture,Chair,3,99,0.1,267.3,69.64
8132,ORD08132,13-03-2024,North,,Home Office,Electronics,Desk,7,,0.15,1184.05,85
8133,ORD08133,07-02-2024,South,CUST2980,Corporate,Electronics,Chair,7,,,6993,1794.42
8134,ORD08134,16-10-2025,South,,Corporate,Office Supplies,Printer,5,199,0.15,845.75,89.71
8135,ORD08135,01-04-2025,north,CUST2281,Home Office,Furniture,Printer,10,499,0.1,4491,1161.78
8136,ORD08136,21-07-2024,South,CUST1445,Consumer,Furniture,Printer,10,199,0.05,1890.5,390.4
8137,ORD08137,12-12-2024,WEST,,Consumer,Furniture,Headphones,7,199,0.15,1184.05,120.48
8138,ORD08138,16-08-2025,West,,Consumer,Furniture,Chair,2,999,0.05,1898.1,353.93
8139,ORD08139,12-06-2025,north,CUST1000,Corporate,Office Supplies,Phone,10,149,0.15,1266.5,191.2
8140,ORD08140,26-07-2024,East,,Corporate,Furniture,Desk,5,499,0.05,2370.25,245.28
8141,ORD08141,05-06-2024,South,CUST2404,Corporate,Office Supplies,Phone,4,299,0,1196,75.05
8142,ORD08142,07-09-2025,WEST,CUST1944,Corporate,Electronics,Tablet,8,799,,6392,972.65
8143,ORD08143,26-06-2025,South,,Home Office,Furniture,Chair,3,99,,297,37.56
8144,ORD08144,31-07-2025,WEST,,Consumer,Electronics,Desk,7,499,0.1,3143.7,627.37
8145,ORD08145,30-04-2024,East,,Corporate,Office Supplies,Chair,5,149,0.05,707.75,99.82
8146,ORD08146,13-11-2025,North,,Home Office,Office Supplies,Headphones,7,149,0.05,990.85,81.9
8147,ORD08147,27-09-2025,WEST,,Consumer,Furniture,Monitor,6,149,0,894,76.11
8148,ORD08148,28-03-2025,East,CUST2847,Home Office,Electronics,Monitor,1,299,0.15,254.15,27.46
8149,ORD08149,19-04-2024,North,,Corporate,Office Supplies,Monitor,,499,0.1,4041.9,1170.12
8150,ORD08150,19-10-2024,West,CUST2694,Corporate,Furniture,Laptop,9,99,,891,70.25
8151,ORD08151,09-02-2024,WEST,,Home Office,Office Supplies,Tablet,1,299,0,299,35.64
8152,ORD08152,06-02-2024,North,,Home Office,Electronics,Tablet,10,149,0.1,1341,148.47
8153,ORD08153,06-12-2024,East,,Corporate,Furniture,Laptop,1,149,0.1,134.1,31.84
8154,ORD08154,05-04-2024,South,,Home Office,Furniture,Headphones,10,199,0.1,1791,252.31
8155,ORD08155,22-04-2025,East,CUST2398,Home Office,Furniture,Phone,10,99,0.05,940.5,169.24
8156,ORD08156,28-10-2025,North,CUST2282,Corporate,Electronics,Laptop,2,499,0.05,948.1,212.4
8157,ORD08157,28-11-2024,north,CUST1312,Home Office,Electronics,Tablet,1,149,0,149,10.74
8158,ORD08158,20-04-2024,South,CUST2092,Home Office,Electronics,Headphones,9,,0.05,4266.45,519.42
8159,ORD08159,01-12-2025,West,CUST2334,Consumer,Office Supplies,Laptop,4,499,,1996,536.98
8160,ORD08160,21-07-2025,South,CUST1183,Consumer,Office Supplies,Tablet,1,199,0.15,169.15,28.81
8161,ORD08161,05-12-2024,East,,Home Office,Office Supplies,Laptop,6,199,0.1,1074.6,291.18
8162,ORD08162,23-02-2025,South,,Consumer,Office Supplies,Monitor,10,99,0.1,891,226.72
8163,ORD08163,23-06-2024,North,CUST1485,Consumer,Electronics,Phone,8,199,0.1,1432.8,239.14
8164,ORD08164,15-08-2024,East,,Consumer,Office Supplies,Headphones,10,799,,7990,1969.53
8165,ORD08165,26-05-2025,north,,Home Office,Electronics,Chair,7,299,0.1,1883.7,309.59
8166,ORD08166,18-02-2025,West,CUST2348,Consumer,Electronics,Headphones,4,199,0,796,193.06
8167,ORD08167,01-02-2024,South,CUST1222,Corporate,Office Supplies,Chair,6,799,0.15,4074.9,1057.56
8168,ORD08168,10-03-2025,WEST,,Corporate,Furniture,Phone,3,999,0,2997,567.04
8169,ORD08169,29-03-2025,WEST,,Corporate,Office Supplies,Chair,7,299,0.05,1988.35,441.5
8170,ORD08170,28-04-2025,north,CUST1547,Corporate,Electronics,Tablet,10,799,0.15,6791.5,449.81
8171,ORD08171,09-04-2025,North,CUST2571,Corporate,Office Supplies,Printer,9,149,,1341,154.65
8172,ORD08172,10-06-2025,West,,Corporate,Electronics,Monitor,2,199,0.05,378.1,106.85
8173,ORD08173,04-04-2025,East,CUST2772,Corporate,Furniture,Printer,3,299,,897,134.83
8174,ORD08174,10-10-2025,north,,Consumer,Furniture,Chair,5,799,0.1,3595.5,988.54
8175,ORD08175,12-02-2025,north,,Home Office,Electronics,Desk,10,149,0.15,1266.5,351.62
8176,ORD08176,03-03-2025,West,,Home Office,Electronics,Laptop,6,499,0.05,2844.3,727.28
8177,ORD08177,23-04-2025,North,,Consumer,Furniture,Monitor,3,499,0,1497,232.38
8178,ORD08178,25-10-2024,West,,Home Office,Office Supplies,Chair,6,799,0.05,4554.3,426.61
8179,ORD08179,28-09-2025,East,CUST1849,Corporate,Office Supplies,Laptop,2,149,0,298,77.22
8180,ORD08180,26-05-2024,north,,Corporate,Electronics,Printer,2,499,0.15,848.3,152.66
8181,ORD08181,01-04-2025,West,,Corporate,Furniture,Printer,7,999,0.05,6643.35,1498.55
8182,ORD08182,21-02-2024,North,,Corporate,Furniture,Phone,5,799,,3995,1047.84
8183,ORD08183,27-01-2025,South,CUST1716,Consumer,Furniture,Monitor,2,299,,598,57.58
8184,ORD08184,10-02-2024,South,,Corporate,Furniture,Chair,1,799,0,799,211.7
8185,ORD08185,23-02-2024,north,,Home Office,Electronics,Tablet,6,799,,4794,880.11
8186,ORD08186,12-10-2025,north,,Corporate,Electronics,Laptop,8,149,0.1,1072.8,92.41
8187,ORD08187,29-09-2024,north,,Consumer,Electronics,Monitor,8,99,,792,159.67
8188,ORD08188,25-08-2025,north,CUST1262,Corporate,Office Supplies,Desk,10,99,0.15,841.5,220.29
8189,ORD08189,26-02-2024,South,,Corporate,Electronics,Phone,9,149,0,1341,130.15
8190,ORD08190,28-06-2025,north,,Consumer,Electronics,Printer,9,499,,4491,540.71
8191,ORD08191,26-12-2025,West,,Consumer,Electronics,Chair,7,499,0.1,3143.7,329.24
8192,ORD08192,09-09-2025,north,CUST2852,Consumer,Electronics,Desk,10,499,0.1,4491,971.96
8193,ORD08193,09-10-2024,North,,Home Office,Office Supplies,Desk,10,999,0.1,8991,2299.78
8194,ORD08194,28-12-2025,WEST,CUST2533,Home Office,Electronics,Printer,5,149,,745,204.87
8195,ORD08195,29-12-2025,North,,Consumer,Furniture,Desk,1,149,0.1,134.1,34.48
8196,ORD08196,07-05-2024,north,,Home Office,Office Supplies,Printer,8,499,0.1,3592.8,1042.43
8197,ORD08197,17-03-2024,East,,Consumer,Office Supplies,Desk,4,149,0.15,506.6,119.37
8198,ORD08198,20-03-2025,South,,Consumer,Electronics,Printer,1,499,0,499,64.02
8199,ORD08199,29-07-2025,West,,Consumer,Electronics,Monitor,9,999,0.1,8091.9,2412.44
8200,ORD08200,01-05-2024,North,,Consumer,Electronics,Laptop,2,99,0.15,168.3,26.45
8201,ORD08201,01-01-2024,north,,Consumer,Office Supplies,Phone,7,499,0,3493,304.04
8202,ORD08202,27-02-2025,South,,Consumer,Office Supplies,Tablet,9,149,0.15,1139.85,247.77
8203,ORD08203,04-12-2024,South,,Home Office,Electronics,Monitor,2,149,,298,71.99
8204,ORD08204,08-09-2025,north,CUST1583,Consumer,Office Supplies,Printer,7,,0.05,6643.35,582.41
8205,ORD08205,04-08-2024,North,,Home Office,Furniture,Monitor,5,199,0.15,845.75,211.66
8206,ORD08206,11-08-2024,South,,Corporate,Office Supplies,Monitor,8,499,0.05,3792.4,1002.52
8207,ORD08207,05-01-2025,West,,Corporate,Electronics,Chair,8,99,0.1,712.8,192.76
8208,ORD08208,13-07-2024,north,,Consumer,Electronics,Printer,4,999,0.05,3796.2,889.3
8209,ORD08209,27-04-2024,WEST,,Home Office,Office Supplies,Phone,3,149,0.15,379.95,27.95
8210,ORD08210,09-05-2025,WEST,,Consumer,Office Supplies,Monitor,8,149,0.1,1072.8,218.25
8211,ORD08211,08-06-2024,West,,Consumer,Furniture,Tablet,2,999,,1998,121.16
8212,ORD08212,17-07-2024,West,CUST1225,Home Office,Electronics,Desk,2,199,0.05,378.1,41.73
8213,ORD08213,20-09-2025,WEST,CUST1030,Corporate,Furniture,Laptop,4,999,0.15,3396.6,240.03
8214,ORD08214,31-07-2025,North,,Corporate,Office Supplies,Monitor,4,99,0.15,336.6,38.6
8215,ORD08215,25-04-2025,East,,Home Office,Office Supplies,Laptop,8,499,,3992,958.07
8216,ORD08216,09-10-2025,West,,Home Office,Office Supplies,Phone,2,499,0,998,171.7
8217,ORD08217,15-01-2024,West,CUST1441,Consumer,Furniture,Monitor,3,299,0,897,153.65
8218,ORD08218,22-12-2025,north,,Corporate,Electronics,Laptop,1,999,0,999,52.64
8219,ORD08219,12-06-2024,North,,Consumer,Electronics,Laptop,6,299,0.15,1524.9,249.57
8220,ORD08220,19-09-2024,north,,Consumer,Electronics,Desk,9,799,,7191,437.7
8221,ORD08221,27-05-2025,North,CUST2133,Corporate,Office Supplies,Laptop,7,199,0,1393,209.55
8222,ORD08222,24-10-2025,West,CUST1793,Corporate,Electronics,Chair,4,199,0.15,676.6,150.94
8223,ORD08223,10-01-2024,north,,Consumer,Electronics,Monitor,1,999,,999,129.88
8224,ORD08224,10-03-2024,East,CUST1318,Corporate,Furniture,Tablet,6,499,0.05,2844.3,275.32
8225,ORD08225,07-10-2025,West,,Home Office,Furniture,Phone,8,99,0.05,752.4,70.62
8226,ORD08226,01-12-2024,WEST,,Consumer,Furniture,Chair,2,799,0.15,1358.3,205.87
8227,ORD08227,09-11-2025,West,CUST2588,Corporate,Office Supplies,Phone,1,99,0.1,89.1,5.43
8228,ORD08228,22-02-2025,North,CUST1620,Corporate,Office Supplies,Headphones,5,99,,495,68.45
8229,ORD08229,21-09-2024,South,CUST2524,Corporate,Furniture,Chair,3,99,0.15,252.45,23.79
8230,ORD08230,13-08-2024,East,,Corporate,Furniture,Headphones,6,149,,894,203.91
8231,ORD08231,02-12-2024,South,,Corporate,Electronics,Monitor,2,499,0,998,190.85
8232,ORD08232,28-02-2025,north,CUST1383,Consumer,Electronics,Phone,8,199,0.05,1512.4,169.91
8233,ORD08233,22-05-2025,WEST,CUST2597,Home Office,Furniture,Tablet,8,799,,6392,1111.51
8234,ORD08234,13-08-2024,West,,Consumer,Office Supplies,Headphones,4,499,0.15,1696.6,309.43
8235,ORD08235,27-12-2024,north,,Home Office,Electronics,Printer,8,999,0.1,7192.8,1313.02
8236,ORD08236,26-03-2025,north,,Consumer,Furniture,Headphones,5,149,,745,130.72
8237,ORD08237,31-12-2024,South,,Consumer,Office Supplies,Chair,3,149,,447,90.32
8238,ORD08238,11-07-2024,East,,Corporate,Furniture,Laptop,3,499,,1497,402.94
8239,ORD08239,06-06-2025,WEST,,Consumer,Office Supplies,Phone,5,149,0.1,670.5,81.01
8240,ORD08240,20-11-2024,West,,Corporate,Furniture,Tablet,1,199,,199,33.49
8241,ORD08241,06-11-2025,South,CUST1740,Consumer,Office Supplies,Laptop,7,149,0.05,990.85,52.31
8242,ORD08242,06-08-2025,West,CUST1643,Corporate,Office Supplies,Headphones,8,149,,1192,302.34
8243,ORD08243,19-12-2024,WEST,,Consumer,Furniture,Monitor,5,99,0.15,420.75,77.93
8244,ORD08244,23-04-2025,West,CUST1468,Home Office,Electronics,Desk,3,999,0.05,2847.15,384.31
8245,ORD08245,03-12-2025,South,CUST1068,Home Office,Office Supplies,Monitor,8,299,0,2392,637.49
8246,ORD08246,05-10-2025,north,CUST2278,Corporate,Furniture,Phone,8,799,,6392,994.74
8247,ORD08247,05-10-2025,North,,Home Office,Office Supplies,Tablet,5,149,,745,201.86
8248,ORD08248,14-09-2024,West,,Home Office,Electronics,Laptop,5,99,0,495,129.11
8249,ORD08249,07-06-2025,WEST,,Corporate,Electronics,Headphones,2,99,0,198,58.76
8250,ORD08250,17-09-2024,North,,Corporate,Furniture,Desk,4,149,,596,178.41
8251,ORD08251,13-07-2025,north,CUST1043,Home Office,Office Supplies,Tablet,3,299,0,897,47.3
8252,ORD08252,05-09-2024,WEST,CUST2156,Consumer,Electronics,Tablet,3,799,0.15,2037.45,270.7
8253,ORD08253,25-08-2025,West,CUST1475,Corporate,Office Supplies,Chair,4,999,,3996,528.06
8254,ORD08254,18-09-2024,South,CUST2705,Home Office,Furniture,Printer,4,499,0.1,1796.4,417.08
8255,ORD08255,11-07-2025,West,,Consumer,Electronics,Monitor,1,149,0.15,126.65,36.38
8256,ORD08256,20-09-2025,north,,Corporate,Office Supplies,Laptop,,799,0,6392,764.61
8257,ORD08257,07-01-2024,South,,Corporate,Office Supplies,Headphones,7,299,0.1,1883.7,139.56
8258,ORD08258,05-08-2024,WEST,CUST1570,Corporate,Electronics,Laptop,10,999,0.05,9490.5,2186.86
8259,ORD08259,18-06-2024,WEST,,Home Office,Office Supplies,Monitor,10,799,0.05,7590.5,1563.74
8260,ORD08260,06-06-2025,WEST,,Consumer,Electronics,Phone,8,199,0.05,1512.4,239.4
8261,ORD08261,25-11-2025,North,,Consumer,Furniture,Monitor,7,149,0.05,990.85,116.61
8262,ORD08262,26-08-2025,north,,Home Office,Office Supplies,Chair,4,799,0.15,2716.6,296.87
8263,ORD08263,08-09-2024,West,,Corporate,Office Supplies,Tablet,4,99,0.15,336.6,17.39
8264,ORD08264,24-01-2024,West,,Corporate,Electronics,Monitor,3,999,,2997,813.75
8265,ORD08265,28-09-2024,West,,Corporate,Furniture,Printer,2,799,,1598,132.25
8266,ORD08266,22-02-2024,north,,Home Office,Furniture,Monitor,5,999,,4995,691.72
8267,ORD08267,16-02-2024,North,CUST2116,Corporate,Electronics,Printer,4,999,,3996,1141.43
8268,ORD08268,18-11-2025,north,,Consumer,Furniture,Tablet,3,99,0.05,282.15,66.06
8269,ORD08269,24-09-2024,West,CUST1498,Home Office,Office Supplies,Tablet,8,299,0.1,2152.8,434.7
8270,ORD08270,16-12-2025,West,,Corporate,Office Supplies,Phone,9,149,0.1,1206.9,141.1
8271,ORD08271,19-01-2025,north,CUST1222,Consumer,Office Supplies,Printer,6,299,0.05,1704.3,211.83
8272,ORD08272,17-05-2025,South,CUST1524,Corporate,Office Supplies,Monitor,1,299,0.15,254.15,21.54
8273,ORD08273,25-04-2024,WEST,,Consumer,Electronics,Phone,2,999,0,1998,399.22
8274,ORD08274,07-09-2024,South,,Consumer,Furniture,Headphones,3,999,0.05,2847.15,639.84
8275,ORD08275,03-11-2024,East,CUST2664,Consumer,Furniture,Desk,10,499,0.15,4241.5,243.93
8276,ORD08276,03-04-2024,North,,Corporate,Office Supplies,Phone,5,149,0.15,633.25,54.05
8277,ORD08277,27-03-2025,West,,Corporate,Electronics,Monitor,3,499,0.05,1422.15,179.59
8278,ORD08278,25-02-2024,West,,Home Office,Furniture,Headphones,1,99,0.15,84.15,24.13
8279,ORD08279,13-09-2024,North,,Home Office,Electronics,Chair,9,499,0.15,3817.35,587.48
8280,ORD08280,04-01-2024,South,CUST1165,Consumer,Office Supplies,Phone,1,499,0,499,103.91
8281,ORD08281,23-04-2024,north,,Corporate,Furniture,Chair,6,99,,594,73.65
8282,ORD08282,23-04-2025,WEST,,Home Office,Furniture,Laptop,8,299,0.1,2152.8,290.58
8283,ORD08283,29-06-2024,North,,Home Office,Electronics,Chair,3,999,,2997,678.54
8284,ORD08284,11-04-2024,West,CUST1349,Consumer,Office Supplies,Tablet,1,99,,99,18.49
8285,ORD08285,08-10-2024,East,CUST2475,Consumer,Furniture,Monitor,8,199,0.05,1512.4,318.86
8286,ORD08286,27-11-2025,WEST,,Consumer,Furniture,Desk,8,99,0.15,673.2,151.59
8287,ORD08287,05-03-2024,WEST,CUST1163,Corporate,Electronics,Phone,4,149,0.1,536.4,113.8
8288,ORD08288,11-10-2025,East,,Consumer,Office Supplies,Tablet,5,299,0.1,1345.5,141.06
8289,ORD08289,16-02-2024,South,,Corporate,Electronics,Chair,7,299,0.05,1988.35,317.14
8290,ORD08290,20-12-2024,North,,Corporate,Office Supplies,Phone,9,799,0.15,6112.35,905.16
8291,ORD08291,15-10-2024,West,,Consumer,Office Supplies,Monitor,8,299,0.1,2152.8,457.81
8292,ORD08292,13-11-2025,West,CUST1824,Corporate,Electronics,Monitor,9,99,0.1,801.9,204.68
8293,ORD08293,02-02-2024,West,CUST2498,Corporate,Electronics,Laptop,2,149,0.05,283.1,18.91
8294,ORD08294,08-04-2025,South,,Home Office,Office Supplies,Monitor,9,99,0.15,757.35,73.77
8295,ORD08295,24-06-2025,East,,Consumer,Electronics,Laptop,5,199,0.15,845.75,139.47
8296,ORD08296,12-09-2024,West,,Home Office,Electronics,Monitor,6,999,,5994,1606.03
8297,ORD08297,18-02-2025,East,,Consumer,Furniture,Laptop,2,999,,1998,180.56
8298,ORD08298,11-06-2024,north,,Consumer,Electronics,Headphones,4,199,0.05,756.2,221.51
8299,ORD08299,02-01-2024,West,,Corporate,Furniture,Headphones,7,799,0.15,4754.05,1133.71
8300,ORD08300,06-06-2024,North,,Corporate,Office Supplies,Tablet,10,149,0.05,1415.5,214.55
8301,ORD08301,15-11-2025,East,,Consumer,Office Supplies,Monitor,10,999,0.15,8491.5,888.84
8302,ORD08302,17-01-2025,East,,Home Office,Office Supplies,Monitor,2,199,0.1,358.2,60.98
8303,ORD08303,05-02-2025,East,CUST2899,Consumer,Office Supplies,Desk,,199,0.15,1691.5,396.42
8304,ORD08304,15-06-2025,north,,Corporate,Electronics,Printer,10,799,0.15,6791.5,927.14
8305,ORD08305,26-11-2025,north,,Home Office,Furniture,Laptop,9,149,0.15,1139.85,69.41
8306,ORD08306,15-03-2024,North,,Corporate,Furniture,Desk,10,799,0,7990,2020.28
8307,ORD08307,20-07-2025,North,,Home Office,Office Supplies,Phone,8,99,0.15,673.2,71.63
8308,ORD08308,01-06-2024,north,,Consumer,Office Supplies,Monitor,5,499,,2495,643.62
8309,ORD08309,22-07-2025,West,,Corporate,Office Supplies,Desk,10,999,0,9990,1692.82
8310,ORD08310,17-01-2024,East,,Home Office,Furniture,Phone,10,499,0.15,4241.5,605.58
8311,ORD08311,10-07-2025,South,,Home Office,Furniture,Printer,10,149,,1490,370.47
8312,ORD08312,19-04-2025,North,,Corporate,Furniture,Tablet,1,499,0,499,96.28
8313,ORD08313,26-12-2025,East,,Home Office,Electronics,Phone,9,99,0,891,266.1
8314,ORD08314,23-08-2025,East,,Home Office,Electronics,Headphones,7,149,0.1,938.7,102.9
8315,ORD08315,30-08-2025,WEST,,Home Office,Office Supplies,Printer,5,499,0.1,2245.5,117.51
8316,ORD08316,03-09-2025,north,,Consumer,Furniture,Phone,1,299,0.15,254.15,46.93
8317,ORD08317,24-02-2025,north,CUST2839,Consumer,Office Supplies,Headphones,2,149,0.15,253.3,49.91
8318,ORD08318,24-09-2024,East,CUST1892,Corporate,Furniture,Headphones,1,799,0.1,719.1,200.59
8319,ORD08319,24-03-2024,WEST,CUST1534,Corporate,Electronics,Laptop,2,149,0.1,268.2,40.81
8320,ORD08320,03-01-2025,West,CUST2684,Home Office,Electronics,Tablet,2,299,0,598,172.55
8321,ORD08321,11-09-2024,north,,Home Office,Furniture,Desk,4,149,0,596,159.17
8322,ORD08322,03-09-2024,North,CUST1039,Corporate,Furniture,Tablet,9,299,0,2691,521.85
8323,ORD08323,03-08-2025,West,,Home Office,Electronics,Headphones,10,499,,4990,431.58
8324,ORD08324,05-09-2025,North,CUST1930,Home Office,Electronics,Monitor,2,149,0.05,283.1,34.65
8325,ORD08325,30-12-2024,East,,Corporate,Office Supplies,Phone,5,799,0.05,3795.25,289.43
8326,ORD08326,03-05-2025,West,CUST1329,Home Office,Office Supplies,Desk,6,99,,594,86.86
8327,ORD08327,24-08-2025,West,CUST1752,Home Office,Electronics,Phone,5,999,,4995,827.84
8328,ORD08328,11-07-2024,North,CUST1149,Corporate,Office Supplies,Headphones,10,799,0,7990,2157.11
8329,ORD08329,29-05-2025,north,CUST2557,Home Office,Electronics,Chair,10,299,0.15,2541.5,244.98
8330,ORD08330,27-06-2025,north,,Home Office,Furniture,Phone,6,149,0.05,849.3,74.35
8331,ORD08331,19-05-2024,North,,Home Office,Furniture,Laptop,7,299,0.1,1883.7,387.85
8332,ORD08332,24-10-2024,North,CUST1393,Corporate,Electronics,Tablet,5,99,0,495,128.77
8333,ORD08333,28-06-2024,West,,Consumer,Furniture,Headphones,7,299,0.15,1779.05,408.66
8334,ORD08334,07-06-2024,WEST,,Consumer,Office Supplies,Chair,4,199,0.1,716.4,145.65
8335,ORD08335,10-06-2024,north,,Home Office,Electronics,Tablet,6,299,0.1,1614.6,406.27
8336,ORD08336,04-07-2025,East,,Corporate,Office Supplies,Printer,4,299,0,1196,181.11
8337,ORD08337,25-12-2025,North,,Consumer,Office Supplies,Phone,2,499,,998,129.66
8338,ORD08338,16-03-2025,East,CUST2089,Consumer,Office Supplies,Phone,8,799,,6392,409.16
8339,ORD08339,02-10-2024,East,,Consumer,Electronics,Phone,5,799,0.15,3395.75,280.95
8340,ORD08340,20-10-2025,North,CUST1685,Corporate,Electronics,Printer,7,799,0.15,4754.05,377.28
8341,ORD08341,18-07-2025,South,,Corporate,Furniture,Laptop,4,149,0.1,536.4,74.78
8342,ORD08342,12-02-2024,North,CUST1068,Consumer,Office Supplies,Tablet,9,299,,2691,365.54
8343,ORD08343,06-02-2024,East,CUST1824,Corporate,Electronics,Desk,10,99,0.15,841.5,134.88
8344,ORD08344,29-02-2024,WEST,CUST2104,Corporate,Furniture,Chair,1,299,0.1,269.1,16.43
8345,ORD08345,04-02-2025,north,,Consumer,Electronics,Desk,2,99,0.05,188.1,12.71
8346,ORD08346,11-05-2024,South,CUST2071,Corporate,Furniture,Headphones,4,999,0.1,3596.4,335.67
8347,ORD08347,23-12-2024,West,CUST1275,Home Office,Electronics,Desk,8,999,0.05,7592.4,390.76
8348,ORD08348,30-10-2024,East,CUST2552,Home Office,Electronics,Phone,5,499,0.1,2245.5,420.63
8349,ORD08349,20-07-2024,West,CUST2504,Corporate,Electronics,Tablet,10,299,0.05,2840.5,331.31
8350,ORD08350,10-01-2024,South,,Corporate,Furniture,Laptop,9,299,0,2691,137.9
8351,ORD08351,28-11-2024,north,,Home Office,Furniture,Printer,2,799,0,1598,240.14
8352,ORD08352,07-02-2025,South,,Corporate,Furniture,Laptop,7,99,,693,166
8353,ORD08353,18-07-2025,North,,Corporate,Electronics,Tablet,5,199,0,995,143.55
8354,ORD08354,21-01-2025,North,CUST2069,Home Office,Office Supplies,Chair,5,,0.05,945.25,227.58
8355,ORD08355,28-09-2024,South,,Home Office,Office Supplies,Tablet,4,499,0.15,1696.6,382.55
8356,ORD08356,31-12-2025,South,CUST1167,Home Office,Furniture,Monitor,2,499,0.15,848.3,129.73
8357,ORD08357,14-02-2024,South,,Consumer,Furniture,Monitor,2,199,0.1,358.2,59.65
8358,ORD08358,14-06-2024,north,CUST1500,Corporate,Furniture,Laptop,9,299,0.1,2421.9,670.86
8359,ORD08359,24-11-2025,North,,Corporate,Furniture,Chair,8,149,0,1192,265.93
8360,ORD08360,20-02-2025,WEST,CUST1146,Consumer,Electronics,Desk,9,499,0.1,4041.9,1021.37
8361,ORD08361,06-03-2024,North,CUST2041,Corporate,Electronics,Phone,9,999,0.1,8091.9,1636.18
8362,ORD08362,07-04-2024,North,CUST1489,Corporate,Office Supplies,Tablet,10,799,0.15,6791.5,1895.86
8363,ORD08363,12-07-2024,South,CUST2557,Corporate,Furniture,Tablet,2,199,0.1,358.2,52.19
8364,ORD08364,10-06-2025,South,,Consumer,Furniture,Tablet,9,799,0.15,6112.35,612.97
8365,ORD08365,16-05-2025,South,,Corporate,Furniture,Monitor,5,99,0.05,470.25,77.2
8366,ORD08366,02-08-2025,North,,Corporate,Furniture,Phone,1,299,0.15,254.15,36.95
8367,ORD08367,11-04-2024,WEST,CUST1697,Consumer,Electronics,Headphones,4,99,,396,75.41
8368,ORD08368,04-07-2025,West,,Home Office,Furniture,Headphones,4,199,0,796,45.7
8369,ORD08369,07-10-2024,North,CUST2094,Home Office,Furniture,Phone,6,99,0.15,504.9,75.19
8370,ORD08370,11-11-2024,South,,Home Office,Electronics,Tablet,5,999,0,4995,287.63
8371,ORD08371,22-08-2024,West,CUST2280,Consumer,Electronics,Desk,6,499,0.05,2844.3,523.84
8372,ORD08372,09-01-2025,South,CUST2893,Consumer,Furniture,Tablet,9,149,0,1341,333.2
8373,ORD08373,24-09-2025,South,CUST2400,Corporate,Office Supplies,Tablet,4,99,,396,27.79
8374,ORD08374,30-10-2025,North,,Corporate,Furniture,Monitor,3,99,0.05,282.15,21.32
8375,ORD08375,19-11-2024,North,,Home Office,Office Supplies,Monitor,9,499,0.15,3817.35,498.82
8376,ORD08376,13-10-2024,South,,Home Office,Office Supplies,Printer,4,199,0.05,756.2,126.63
8377,ORD08377,05-09-2025,East,,Home Office,Furniture,Desk,5,,,995,86.57
8378,ORD08378,01-08-2024,north,,Home Office,Furniture,Desk,10,299,0.1,2691,713.65
8379,ORD08379,01-06-2024,North,,Corporate,Electronics,Headphones,4,999,,3996,971.1
8380,ORD08380,07-10-2025,North,,Home Office,Office Supplies,Desk,8,999,0.05,7592.4,1778.85
8381,ORD08381,19-01-2024,north,,Corporate,Office Supplies,Chair,4,999,,3996,639.54
8382,ORD08382,01-05-2024,West,,Corporate,Office Supplies,Monitor,7,,0.15,886.55,145.18
8383,ORD08383,14-08-2024,north,,Corporate,Electronics,Headphones,8,149,0.05,1132.4,214.77
8384,ORD08384,09-03-2025,South,CUST2493,Consumer,Electronics,Printer,4,999,,3996,1033.63
8385,ORD08385,26-03-2024,WEST,,Home Office,Office Supplies,Headphones,8,199,0.1,1432.8,360.65
8386,ORD08386,25-11-2024,WEST,CUST2751,Home Office,Electronics,Printer,6,149,0,894,231.8
8387,ORD08387,22-12-2024,South,CUST1845,Corporate,Office Supplies,Monitor,4,499,0,1996,163.12
8388,ORD08388,12-06-2025,north,CUST1456,Consumer,Electronics,Phone,9,99,0.1,801.9,125.12
8389,ORD08389,02-09-2024,north,,Home Office,Electronics,Headphones,6,149,,894,265.88
8390,ORD08390,21-03-2024,north,,Consumer,Electronics,Headphones,9,99,0.05,846.45,173.21
8391,ORD08391,26-04-2025,East,CUST2127,Consumer,Electronics,Laptop,2,199,0.15,338.3,43.89
8392,ORD08392,03-03-2024,North,CUST1273,Home Office,Furniture,Laptop,9,999,0,8991,2302.57
8393,ORD08393,01-11-2025,north,CUST2639,Corporate,Office Supplies,Desk,3,799,0.1,2157.3,329.56
8394,ORD08394,18-07-2024,WEST,,Home Office,Electronics,Printer,9,499,0.1,4041.9,436.36
8395,ORD08395,14-09-2025,WEST,,Corporate,Electronics,Monitor,8,799,0.05,6072.4,700.06
8396,ORD08396,21-08-2025,north,,Home Office,Office Supplies,Printer,10,299,0,2990,677.21
8397,ORD08397,05-11-2025,West,CUST1307,Consumer,Electronics,Phone,10,199,0,1990,194.2
8398,ORD08398,01-11-2024,South,,Consumer,Office Supplies,Monitor,4,799,,3196,577.55
8399,ORD08399,03-05-2024,WEST,,Consumer,Electronics,Laptop,3,99,0.15,252.45,20.3
8400,ORD08400,18-10-2024,north,,Corporate,Furniture,Headphones,3,99,,297,71.82
8401,ORD08401,05-09-2025,WEST,CUST2033,Consumer,Office Supplies,Phone,6,99,0.1,534.6,111.04
8402,ORD08402,24-01-2025,South,CUST2476,Home Office,Office Supplies,Desk,9,149,0.15,1139.85,130.3
8403,ORD08403,31-03-2025,West,CUST1153,Home Office,Electronics,Headphones,5,99,0,495,56.49
8404,ORD08404,18-08-2024,East,,Corporate,Furniture,Headphones,1,99,0.15,84.15,18.95
8405,ORD08405,11-03-2024,West,,Corporate,Furniture,Monitor,8,799,0.15,5433.2,1237.87
8406,ORD08406,12-04-2024,WEST,,Consumer,Electronics,Laptop,6,99,0.1,534.6,66.37
8407,ORD08407,22-11-2025,East,,Consumer,Furniture,Phone,10,999,0.05,9490.5,2729.88
8408,ORD08408,27-10-2024,South,,Corporate,Office Supplies,Chair,7,999,0.05,6643.35,1415.11
8409,ORD08409,01-10-2024,West,,Home Office,Office Supplies,Tablet,4,,0.05,756.2,188.14
8410,ORD08410,20-05-2024,North,CUST1976,Home Office,Office Supplies,Tablet,5,99,0.15,420.75,106.78
8411,ORD08411,26-02-2025,North,CUST1982,Corporate,Furniture,Laptop,6,99,0,594,66.54
8412,ORD08412,20-06-2024,North,,Consumer,Office Supplies,Printer,1,799,0,799,40.42
8413,ORD08413,17-03-2025,East,CUST2836,Consumer,Electronics,Monitor,5,799,0.15,3395.75,1005.41
8414,ORD08414,20-05-2024,South,,Consumer,Electronics,Printer,4,199,0.15,676.6,83.61
8415,ORD08415,27-05-2025,East,,Home Office,Furniture,Headphones,8,99,0.05,752.4,207.48
8416,ORD08416,01-08-2025,East,,Consumer,Electronics,Phone,2,99,0,198,43.28
8417,ORD08417,26-09-2024,East,CUST2914,Corporate,Electronics,Chair,2,199,0.05,378.1,95.82
8418,ORD08418,29-05-2025,South,CUST1657,Consumer,Furniture,Printer,4,299,0.05,1136.2,156.42
8419,ORD08419,24-05-2024,East,CUST2766,Consumer,Office Supplies,Phone,2,,,1598,162.94
8420,ORD08420,07-08-2025,West,CUST2051,Consumer,Electronics,Tablet,7,799,0,5593,1550.77
8421,ORD08421,30-03-2025,WEST,,Home Office,Electronics,Desk,2,999,0.05,1898.1,277.64
8422,ORD08422,06-01-2024,East,,Consumer,Furniture,Phone,9,799,,7191,1883.9
8423,ORD08423,14-01-2025,South,,Home Office,Office Supplies,Laptop,3,499,0.05,1422.15,173.72
8424,ORD08424,12-11-2025,South,CUST1031,Consumer,Furniture,Desk,2,149,0.15,253.3,23.52
8425,ORD08425,22-07-2025,South,,Consumer,Office Supplies,Chair,2,999,0,1998,323.08
8426,ORD08426,25-02-2024,North,CUST2683,Home Office,Furniture,Monitor,1,499,0.15,424.15,79.42
8427,ORD08427,06-06-2024,WEST,,Home Office,Electronics,Printer,9,199,0.1,1611.9,225.54
8428,ORD08428,09-03-2025,WEST,,Home Office,Office Supplies,Laptop,2,199,,398,78.33
8429,ORD08429,17-09-2025,South,CUST2635,Corporate,Office Supplies,Desk,2,299,0,598,112.13
8430,ORD08430,07-05-2025,WEST,,Consumer,Electronics,Headphones,1,499,,499,85.25
8431,ORD08431,27-06-2024,WEST,,Corporate,Electronics,Phone,7,299,0.15,1779.05,272.61
8432,ORD08432,16-06-2025,East,,Corporate,Electronics,Phone,4,199,0,796,223.06
8433,ORD08433,17-02-2024,WEST,CUST1140,Consumer,Furniture,Tablet,1,999,0.1,899.1,246.54
8434,ORD08434,27-06-2024,north,CUST1052,Consumer,Electronics,Printer,6,299,0.1,1614.6,466.02
8435,ORD08435,26-07-2025,West,,Corporate,Electronics,Chair,10,99,0.1,891,208.12
8436,ORD08436,30-04-2025,West,CUST2191,Corporate,Office Supplies,Headphones,3,799,0.15,2037.45,354.26
8437,ORD08437,11-02-2025,West,,Home Office,Electronics,Chair,8,499,0.15,3393.2,406.17
8438,ORD08438,11-04-2025,East,CUST2196,Home Office,Office Supplies,Chair,10,299,,2990,206.18
8439,ORD08439,24-07-2024,north,,Consumer,Electronics,Laptop,10,199,0.15,1691.5,498.37
8440,ORD08440,03-02-2025,north,CUST1569,Home Office,Electronics,Monitor,4,499,,1996,153.22
8441,ORD08441,15-02-2025,north,,Consumer,Furniture,Desk,8,999,0.1,7192.8,388.78
8442,ORD08442,06-10-2025,north,,Corporate,Furniture,Monitor,6,149,0,894,266.77
8443,ORD08443,24-09-2025,East,,Home Office,Office Supplies,Chair,10,999,,9990,2084.35
8444,ORD08444,14-04-2024,north,CUST2596,Consumer,Furniture,Phone,10,999,,9990,534.14
8445,ORD08445,22-09-2025,WEST,,Home Office,Electronics,Headphones,2,299,0.05,568.1,150.4
8446,ORD08446,30-06-2025,West,,Corporate,Furniture,Laptop,3,149,,447,56.17
8447,ORD08447,27-05-2024,North,,Consumer,Office Supplies,Desk,7,299,0.05,1988.35,407
8448,ORD08448,09-02-2024,North,,Home Office,Office Supplies,Printer,7,299,0.05,1988.35,421.62
8449,ORD08449,19-01-2025,South,,Consumer,Electronics,Tablet,10,799,0.1,7191,402.15
8450,ORD08450,14-10-2025,north,,Home Office,Furniture,Headphones,7,499,,3493,764.79
8451,ORD08451,17-10-2024,WEST,,Consumer,Office Supplies,Printer,3,99,0.05,282.15,18.58
8452,ORD08452,17-01-2025,South,CUST2268,Consumer,Office Supplies,Tablet,6,149,0.05,849.3,160.04
8453,ORD08453,27-09-2025,South,,Home Office,Office Supplies,Headphones,4,499,0.15,1696.6,470.67
8454,ORD08454,04-09-2025,East,CUST2776,Consumer,Electronics,Phone,6,99,,594,86.42
8455,ORD08455,28-04-2025,South,,Consumer,Electronics,Desk,1,199,,199,15.17
8456,ORD08456,19-05-2024,north,CUST2506,Corporate,Furniture,Printer,9,299,0.05,2556.45,722.76
8457,ORD08457,03-03-2024,WEST,,Consumer,Office Supplies,Laptop,9,299,0.15,2287.35,355.76
8458,ORD08458,13-10-2024,WEST,CUST2699,Home Office,Office Supplies,Chair,3,299,0.1,807.3,137.86
8459,ORD08459,07-11-2024,North,,Home Office,Office Supplies,Printer,4,799,0.15,2716.6,434.1
8460,ORD08460,01-07-2024,North,CUST1917,Corporate,Office Supplies,Desk,9,799,0,7191,2046.19
8461,ORD08461,06-09-2025,West,,Home Office,Office Supplies,Phone,3,149,0.05,424.65,64.2
8462,ORD08462,21-12-2024,North,,Consumer,Office Supplies,Printer,8,499,0.05,3792.4,539.79
8463,ORD08463,31-10-2025,north,,Consumer,Furniture,Tablet,1,499,0.1,449.1,89.95
8464,ORD08464,24-06-2025,north,,Home Office,Electronics,Monitor,5,299,0.05,1420.25,88.67
8465,ORD08465,16-02-2024,West,,Corporate,Furniture,Phone,1,149,0,149,39.36
8466,ORD08466,06-03-2025,north,,Consumer,Electronics,Laptop,5,199,0.1,895.5,140.66
8467,ORD08467,04-04-2025,North,,Corporate,Office Supplies,Phone,2,99,0,198,46.78
8468,ORD08468,12-05-2025,West,CUST1415,Home Office,Office Supplies,Monitor,3,149,0.1,402.3,72.61
8469,ORD08469,18-03-2025,East,CUST2156,Corporate,Furniture,Monitor,8,999,,7992,2297.31
8470,ORD08470,29-12-2025,WEST,CUST2398,Consumer,Furniture,Phone,2,499,0.15,848.3,247.37
8471,ORD08471,22-08-2024,West,,Home Office,Office Supplies,Headphones,1,499,0.05,474.05,55.42
8472,ORD08472,31-10-2024,north,,Home Office,Office Supplies,Chair,3,,0.05,2277.15,628.04
8473,ORD08473,11-03-2025,WEST,,Corporate,Furniture,Chair,3,799,0.05,2277.15,624.27
8474,ORD08474,24-02-2025,North,CUST1004,Corporate,Office Supplies,Printer,8,299,,2392,452.49
8475,ORD08475,07-05-2025,South,CUST1436,Consumer,Office Supplies,Headphones,2,99,0.15,168.3,50.02
8476,ORD08476,08-02-2024,East,,Corporate,Electronics,Laptop,4,499,,1996,585.85
8477,ORD08477,27-05-2025,WEST,CUST2453,Consumer,Furniture,Printer,7,99,0.05,658.35,59.9
8478,ORD08478,18-02-2024,East,,Corporate,Electronics,Chair,1,199,0,199,25.35
8479,ORD08479,20-11-2024,East,,Home Office,Furniture,Monitor,2,,0.1,898.2,217.42
8480,ORD08480,03-08-2025,north,,Corporate,Office Supplies,Laptop,2,199,0.15,338.3,30.95
8481,ORD08481,15-04-2024,South,CUST1236,Corporate,Office Supplies,Chair,4,149,0.05,566.2,151.95
8482,ORD08482,26-02-2024,South,,Consumer,Furniture,Chair,1,299,,299,49.2
8483,ORD08483,26-08-2025,WEST,CUST2033,Consumer,Office Supplies,Printer,2,149,,298,66.59
8484,ORD08484,19-01-2024,north,,Home Office,Electronics,Phone,6,99,0,594,164.45
8485,ORD08485,07-08-2025,East,,Corporate,Office Supplies,Laptop,9,499,0.1,4041.9,638.21
8486,ORD08486,12-03-2024,West,,Home Office,Electronics,Tablet,2,199,0.05,378.1,99.53
8487,ORD08487,12-10-2024,north,,Corporate,Furniture,Phone,9,199,,1791,221.25
8488,ORD08488,23-03-2025,West,,Consumer,Furniture,Laptop,1,999,0.15,849.15,76.16
8489,ORD08489,13-04-2024,East,,Home Office,Electronics,Headphones,4,199,0.15,676.6,87.92
8490,ORD08490,02-09-2025,WEST,,Consumer,Electronics,Tablet,3,499,0.15,1272.45,362.77
8491,ORD08491,21-02-2025,East,CUST2497,Corporate,Furniture,Laptop,4,149,0.1,536.4,127.73
8492,ORD08492,14-12-2024,West,CUST1171,Corporate,Furniture,Desk,9,999,0,8991,2306.8
8493,ORD08493,30-01-2024,South,,Consumer,Office Supplies,Monitor,7,799,0.15,4754.05,1144.19
8494,ORD08494,08-12-2025,North,,Corporate,Electronics,Laptop,9,799,0.1,6471.9,1885.2
8495,ORD08495,04-02-2024,West,,Home Office,Electronics,Laptop,7,999,0,6993,1683.53
8496,ORD08496,23-02-2024,WEST,CUST2238,Consumer,Office Supplies,Phone,9,499,,4491,836.5
8497,ORD08497,11-04-2024,north,,Corporate,Office Supplies,Chair,4,499,,1996,123.45
8498,ORD08498,15-09-2025,WEST,CUST2269,Corporate,Electronics,Tablet,5,99,0.1,445.5,68.57
8499,ORD08499,18-05-2025,north,,Home Office,Furniture,Chair,5,99,0,495,75.43
8500,ORD08500,19-01-2024,North,,Consumer,Office Supplies,Monitor,7,799,0.15,4754.05,1249.32
3014,ORD03014,14-04-2024,North,,Home Office,Electronics,Phone,3,149,0.05,424.65,65.42
2718,ORD02718,07-07-2025,WEST,,Home Office,Electronics,Printer,8,149,,1192,270.89
1535,ORD01535,02-01-2025,WEST,,Corporate,Furniture,Phone,4,149,0,596,78.77
5387,ORD05387,29-03-2025,north,,Consumer,Electronics,Monitor,4,199,,796,151.28
2354,ORD02354,23-11-2024,East,,Home Office,Electronics,Chair,4,999,0.1,3596.4,675.25
4422,ORD04422,26-08-2025,North,CUST2724,Consumer,Office Supplies,Monitor,2,499,0,998,215.36
5074,ORD05074,12-04-2025,East,,Home Office,Electronics,Desk,9,799,0.15,6112.35,1210.17
2254,ORD02254,24-10-2025,North,,Home Office,Electronics,Monitor,7,799,,5593,1055.41
219,ORD00219,20-03-2025,WEST,CUST1550,Corporate,Furniture,Monitor,,149,0.05,990.85,220.03
7367,ORD07367,06-02-2024,East,CUST1869,Home Office,Office Supplies,Phone,2,299,,598,43.02
3757,ORD03757,28-03-2025,West,CUST2939,Corporate,Furniture,Chair,6,199,0,1194,250.59
6966,ORD06966,08-02-2025,north,CUST2420,Consumer,Office Supplies,Chair,6,999,,5994,1180.3
1380,ORD01380,20-03-2024,North,,Home Office,Office Supplies,Desk,3,149,0.1,402.3,39.85
2983,ORD02983,06-02-2025,East,,Corporate,Office Supplies,Tablet,2,799,0.1,1438.2,335.18
8380,ORD08380,07-10-2025,North,,Home Office,Office Supplies,Desk,8,999,0.05,7592.4,1778.85
6333,ORD06333,12-11-2024,North,,Consumer,Electronics,Headphones,9,149,0.15,1139.85,326.18
7137,ORD07137,04-07-2024,West,CUST1804,Consumer,Electronics,Chair,10,299,0,2990,582.14
6657,ORD06657,31-12-2024,North,,Home Office,Furniture,Printer,1,499,0.05,474.05,53.28
4995,ORD04995,17-05-2025,West,CUST2216,Corporate,Electronics,Printer,6,799,0.1,4314.6,290.12
7145,ORD07145,08-01-2024,East,,Consumer,Office Supplies,Phone,4,499,0.1,1796.4,454.19
4557,ORD04557,24-08-2025,North,CUST1474,Home Office,Electronics,Desk,4,99,0.15,336.6,26.25
83,ORD00083,04-12-2024,WEST,CUST2723,Consumer,Electronics,Printer,9,799,0.05,6831.45,817.56
308,ORD00308,26-03-2024,East,,Home Office,Furniture,Laptop,1,499,0.05,474.05,119.4
1653,ORD01653,20-02-2025,WEST,,Home Office,Furniture,Tablet,5,299,0.1,1345.5,270.39
1541,ORD01541,27-03-2024,north,,Corporate,Electronics,Chair,1,199,0.15,169.15,49.64
1072,ORD01072,08-07-2024,South,CUST2228,Corporate,Office Supplies,Phone,4,799,0.05,3036.2,374.93
5506,ORD05506,23-12-2025,WEST,CUST2290,Consumer,Electronics,Desk,9,99,0.05,846.45,201.4
1464,ORD01464,24-10-2025,South,,Corporate,Electronics,Laptop,7,999,0.05,6643.35,1406.38
5495,ORD05495,15-01-2025,South,,Home Office,Furniture,Desk,5,799,0.1,3595.5,810.05
6218,ORD06218,19-09-2024,West,,Home Office,Furniture,Chair,2,799,0,1598,277.39
4869,ORD04869,16-11-2024,East,,Home Office,Electronics,Desk,4,299,0,1196,211.48
2886,ORD02886,10-11-2025,North,,Corporate,Furniture,Monitor,2,799,0,1598,184.22
3566,ORD03566,16-09-2025,East,,Corporate,Office Supplies,Laptop,3,799,0.15,2037.45,593.48
260,ORD00260,09-02-2024,North,,Consumer,Furniture,Headphones,5,499,0.1,2245.5,388.43
6140,ORD06140,04-10-2025,South,,Consumer,Electronics,Phone,10,999,0.1,8991,2571.87
6195,ORD06195,05-12-2025,North,CUST2451,Home Office,Furniture,Headphones,10,999,0.05,9490.5,2378.35
1234,ORD01234,22-12-2024,WEST,CUST1789,Consumer,Furniture,Monitor,6,199,0.1,1074.6,105.5
2084,ORD02084,16-07-2025,South,,Corporate,Furniture,Chair,2,799,0,1598,346.75
1874,ORD01874,25-02-2025,East,,Home Office,Electronics,Phone,10,299,0.1,2691,338.74
5501,ORD05501,23-06-2024,East,,Corporate,Electronics,Laptop,6,199,,1194,95.94
4027,ORD04027,01-08-2024,East,CUST2652,Consumer,Electronics,Laptop,9,149,0.1,1206.9,313.92
5734,ORD05734,24-04-2024,North,,Corporate,Office Supplies,Headphones,1,199,0.1,179.1,41.98
2979,ORD02979,12-04-2025,South,CUST1461,Consumer,Furniture,Headphones,1,199,0.15,169.15,27.71
6580,ORD06580,17-09-2025,West,,Consumer,Electronics,Monitor,5,149,0.05,707.75,130.71
1146,ORD01146,27-11-2024,South,,Corporate,Office Supplies,Tablet,7,149,0.1,938.7,47.51
1677,ORD01677,10-09-2024,West,,Home Office,Electronics,Chair,2,199,0.1,358.2,30.61
3876,ORD03876,25-09-2024,north,CUST1620,Consumer,Office Supplies,Headphones,4,999,,3996,691.15
5799,ORD05799,10-04-2025,South,,Consumer,Office Supplies,Chair,7,149,0,1043,150.46
3666,ORD03666,08-03-2024,South,CUST2064,Corporate,Electronics,Printer,1,799,0,799,120.03
6469,ORD06469,17-06-2024,WEST,,Consumer,Office Supplies,Desk,4,299,0.15,1016.6,240
22,ORD00022,16-07-2024,North,CUST1445,Corporate,Electronics,Desk,3,199,0.15,507.45,26.43
2644,ORD02644,21-10-2025,South,CUST2484,Home Office,Electronics,Headphones,3,199,0.15,507.45,92.88
8194,ORD08194,28-12-2025,WEST,CUST2533,Home Office,Electronics,Printer,5,149,,745,204.87
5507,ORD05507,27-08-2024,West,,Consumer,Office Supplies,Laptop,3,999,,2997,730.28
6794,ORD06794,27-01-2024,East,,Corporate,Electronics,Desk,9,99,0,891,78.98
5244,ORD05244,18-07-2024,North,,Corporate,Office Supplies,Printer,7,999,0,6993,1106.79
1940,ORD01940,11-05-2024,South,CUST2281,Consumer,Electronics,Chair,10,299,,2990,877.42
2032,ORD02032,11-03-2025,north,CUST1969,Corporate,Furniture,Laptop,9,149,,1341,77.48
7636,ORD07636,19-08-2025,north,,Corporate,Electronics,Tablet,3,149,,447,119.61
5351,ORD05351,22-11-2024,North,,Home Office,Electronics,Phone,4,199,0.05,756.2,76.74
1051,ORD01051,04-01-2024,WEST,,Corporate,Electronics,Chair,4,99,0.1,356.4,42.39
4091,ORD04091,04-01-2024,north,,Consumer,Furniture,Phone,6,999,0.15,5094.9,1168.09
952,ORD00952,25-04-2025,north,,Corporate,Office Supplies,Tablet,9,999,0.05,8541.45,1137.28
6683,ORD06683,08-05-2024,WEST,CUST2139,Consumer,Furniture,Chair,5,149,0,745,144.16
4282,ORD04282,09-05-2025,South,,Consumer,Furniture,Desk,1,299,0.05,284.05,31.03
5030,ORD05030,01-01-2025,South,CUST2852,Home Office,Electronics,Chair,8,799,0.1,5752.8,1198.91
5344,ORD05344,08-07-2024,West,CUST2758,Home Office,Electronics,Monitor,3,999,,2997,372
2436,ORD02436,02-05-2025,North,CUST2903,Corporate,Office Supplies,Laptop,9,299,0,2691,343.64
2690,ORD02690,22-10-2025,north,,Home Office,Furniture,Phone,9,799,,7191,1976.36
3351,ORD03351,11-11-2024,East,CUST1002,Corporate,Electronics,Phone,6,149,0.1,804.6,161.37
7411,ORD07411,08-12-2025,WEST,,Consumer,Office Supplies,Tablet,4,499,,1996,530.55
8328,ORD08328,11-07-2024,North,CUST1149,Corporate,Office Supplies,Headphones,10,799,0,7990,2157.11
4316,ORD04316,24-09-2024,West,CUST1561,Home Office,Office Supplies,Printer,1,99,,99,12.58
6559,ORD06559,12-10-2024,West,CUST2501,Corporate,Furniture,Headphones,9,299,0,2691,666.95
4805,ORD04805,30-07-2025,North,,Consumer,Furniture,Laptop,8,499,0,3992,519.52
2595,ORD02595,17-11-2025,WEST,,Home Office,Electronics,Printer,9,799,0.15,6112.35,671.84
5626,ORD05626,12-01-2024,WEST,,Home Office,Electronics,Phone,4,149,0.1,536.4,69.54
3707,ORD03707,04-06-2024,North,CUST1258,Home Office,Furniture,Desk,8,799,0.1,5752.8,985.77
7289,ORD07289,23-05-2024,West,,Consumer,Office Supplies,Laptop,2,299,0,598,107.44
4646,ORD04646,25-09-2025,East,,Home Office,Electronics,Tablet,6,199,0.15,1014.9,132.82
1537,ORD01537,05-01-2025,north,CUST1673,Home Office,Furniture,Phone,8,799,0.1,5752.8,736.95
2935,ORD02935,20-02-2025,north,,Consumer,Office Supplies,Headphones,2,999,0,1998,518.31
7349,ORD07349,23-01-2024,WEST,CUST2083,Consumer,Office Supplies,Headphones,5,199,0.1,895.5,114.06
6795,ORD06795,01-06-2024,West,,Consumer,Furniture,Phone,3,149,,447,30.53
4041,ORD04041,09-11-2024,South,,Corporate,Electronics,Headphones,4,499,0.05,1896.2,357.69
3517,ORD03517,21-12-2024,north,,Consumer,Office Supplies,Desk,7,499,0.05,3318.35,240.3
2094,ORD02094,27-10-2025,North,CUST1850,Home Office,Office Supplies,Printer,4,499,0.05,1896.2,181.48
4414,ORD04414,08-10-2024,South,,Home Office,Furniture,Phone,7,99,0.05,658.35,166.8
1858,ORD01858,29-09-2025,North,CUST1270,Home Office,Furniture,Tablet,8,799,0.05,6072.4,1520.97
5662,ORD05662,13-02-2025,West,CUST2671,Consumer,Furniture,Phone,4,99,0.15,336.6,58.51
392,ORD00392,10-05-2024,East,,Home Office,Office Supplies,Monitor,8,799,0.05,6072.4,1275.5
7393,ORD07393,21-10-2025,North,,Corporate,Furniture,Laptop,9,199,0.05,1701.45,352.02
8265,ORD08265,28-09-2024,West,,Corporate,Furniture,Printer,2,799,,1598,132.25
398,ORD00398,28-07-2024,WEST,,Home Office,Office Supplies,Monitor,9,199,0,1791,288.23
7864,ORD07864,12-08-2025,South,,Consumer,Office Supplies,Tablet,1,,0.1,269.1,61.67
7522,ORD07522,19-02-2024,WEST,CUST1505,Consumer,Furniture,Printer,2,149,0.15,253.3,20.87
5431,ORD05431,31-10-2024,East,,Corporate,Electronics,Tablet,6,999,0.1,5394.6,1197.99
7648,ORD07648,03-06-2025,East,CUST1052,Home Office,Office Supplies,Laptop,5,149,0,745,98.69
7122,ORD07122,10-12-2025,North,,Consumer,Furniture,Laptop,1,199,0.1,179.1,15.63
8401,ORD08401,05-09-2025,WEST,CUST2033,Consumer,Office Supplies,Phone,6,99,0.1,534.6,111.04
6623,ORD06623,06-06-2024,north,CUST2452,Consumer,Office Supplies,Tablet,10,799,0,7990,1552.15
2253,ORD02253,21-02-2024,WEST,CUST1301,Corporate,Electronics,Printer,8,999,0.15,6793.2,1422.32
6353,ORD06353,07-10-2024,West,,Home Office,Furniture,Tablet,4,149,,596,38.62
4526,ORD04526,14-06-2024,WEST,,Home Office,Furniture,Printer,5,499,0.1,2245.5,473.19
3584,ORD03584,24-05-2025,north,CUST2034,Home Office,Office Supplies,Printer,5,999,0,4995,432.39
3002,ORD03002,26-08-2024,West,,Consumer,Office Supplies,Laptop,3,499,0.1,1347.3,102.09
1650,ORD01650,17-09-2025,West,CUST2653,Consumer,Furniture,Chair,2,199,0.1,358.2,105.92
7624,ORD07624,07-06-2025,East,,Corporate,Electronics,Desk,1,999,0.15,849.15,185.19
7153,ORD07153,12-11-2024,South,,Consumer,Furniture,Chair,9,499,0.1,4041.9,1192.99
5133,ORD05133,20-09-2024,north,,Home Office,Electronics,Headphones,2,,0.05,378.1,78.96
6752,ORD06752,09-03-2025,West,,Corporate,Electronics,Chair,9,99,0.05,846.45,75.57
4851,ORD04851,14-10-2025,WEST,CUST1686,Corporate,Office Supplies,Desk,8,799,0.15,5433.2,286.04
7762,ORD07762,09-05-2025,South,,Corporate,Electronics,Laptop,2,149,,298,80.62
1930,ORD01930,09-02-2024,South,CUST2472,Home Office,Furniture,Headphones,8,199,0,1592,143.2
670,ORD00670,15-04-2024,South,,Corporate,Office Supplies,Desk,1,199,0.15,169.15,34.2
574,ORD00574,10-01-2025,north,,Corporate,Furniture,Laptop,4,999,,3996,1138
7396,ORD07396,21-01-2024,WEST,CUST1970,Home Office,Office Supplies,Chair,8,499,0.05,3792.4,800.71
1118,ORD01118,31-01-2024,South,,Home Office,Office Supplies,Monitor,,499,0,499,65.43
3999,ORD03999,24-07-2024,North,,Consumer,Office Supplies,Printer,2,999,0,1998,406.87
5760,ORD05760,25-09-2025,East,,Consumer,Furniture,Monitor,8,799,0,6392,1858.5
3708,ORD03708,06-03-2025,North,,Home Office,Electronics,Desk,7,299,0.1,1883.7,428.44
2039,ORD02039,13-09-2024,South,,Home Office,Electronics,Phone,3,199,0,597,107.12
3594,ORD03594,17-02-2025,West,,Home Office,Electronics,Monitor,7,499,0,3493,772.88
7127,ORD07127,08-01-2025,North,,Home Office,Furniture,Phone,10,199,0,1990,506.01
2120,ORD02120,02-11-2025,South,CUST2339,Home Office,Electronics,Tablet,5,499,0.1,2245.5,388.1
1547,ORD01547,06-05-2024,West,,Consumer,Electronics,Laptop,6,199,0.1,1074.6,74.57
6765,ORD06765,14-08-2024,WEST,,Consumer,Furniture,Printer,1,499,0.15,424.15,50.06
8212,ORD08212,17-07-2024,West,CUST1225,Home Office,Electronics,Desk,2,199,0.05,378.1,41.73
6059,ORD06059,30-11-2025,north,CUST1497,Consumer,Electronics,Desk,4,199,,796,84.35
1123,ORD01123,17-06-2024,East,,Home Office,Electronics,Desk,8,999,0,7992,428.05
5437,ORD05437,31-08-2024,East,,Corporate,Electronics,Phone,2,149,0.05,283.1,37.89
5002,ORD05002,09-05-2025,East,,Home Office,Furniture,Phone,7,999,0.1,6293.7,325.13
1132,ORD01132,03-10-2024,north,,Home Office,Electronics,Monitor,6,299,0.1,1614.6,401.24
6405,ORD06405,14-11-2024,West,CUST2844,Consumer,Furniture,Desk,2,199,,398,21.75
4678,ORD04678,20-09-2025,WEST,,Corporate,Electronics,Tablet,1,499,,499,50.74
8481,ORD08481,15-04-2024,South,CUST1236,Corporate,Office Supplies,Chair,4,149,0.05,566.2,151.95
2009,ORD02009,02-11-2025,South,,Consumer,Office Supplies,Monitor,2,799,0.05,1518.1,403.53
4249,ORD04249,02-01-2024,North,,Corporate,Furniture,Monitor,3,799,0.1,2157.3,256.79
5902,ORD05902,15-10-2024,East,,Home Office,Electronics,Monitor,7,999,0,6993,540.73
7508,ORD07508,18-06-2024,WEST,CUST1991,Home Office,Furniture,Desk,10,299,,2990,627.93
4076,ORD04076,30-07-2025,north,,Consumer,Furniture,Desk,4,149,,596,139.83
75,ORD00075,25-04-2025,West,,Consumer,Office Supplies,Monitor,6,499,0.15,2544.9,677.58
5208,ORD05208,04-04-2024,West,,Home Office,Furniture,Printer,10,99,0.15,841.5,160
7615,ORD07615,08-06-2025,WEST,CUST1313,Consumer,Furniture,Headphones,3,999,,2997,779.07
162,ORD00162,03-10-2024,West,,Home Office,Furniture,Monitor,1,99,,99,26.76
2135,ORD02135,24-12-2024,South,,Consumer,Furniture,Headphones,6,99,,594,154.25
5578,ORD05578,10-08-2024,South,CUST1025,Home Office,Furniture,Phone,6,199,0.05,1134.3,291.68
7278,ORD07278,27-12-2025,West,,Consumer,Electronics,Tablet,5,99,0,495,123.72
2342,ORD02342,22-01-2025,North,,Consumer,Furniture,Chair,5,299,0.15,1270.75,222.19
6545,ORD06545,26-07-2024,West,,Consumer,Electronics,Tablet,6,99,0.15,504.9,132.84
